To honour the JVM settings for this build a single-use Daemon process will be forked. For more on this, please refer to https://docs.gradle.org/8.14.5/userguide/gradle_daemon.html#sec:disabling_the_daemon in the Gradle documentation.
Daemon will be stopped at the end of the build 
> Task :compileJava UP-TO-DATE
> Task :processResources NO-SOURCE
> Task :classes UP-TO-DATE

> Task :run
[TownsCLI] windowed console enabled; start or load a game, then type 'help'.
[Aug 11, 2026, 12:09:46?PM][UtilsServer] Server error [java.net.SocketTimeoutException: Connect timed out]
[TownsCLI] game ready; type 'help' for commands.
[TownsCLI] OK date=19/1/1 citizens=7 livings=6765 items=2620 coins=67 view=146,14,13 floors=16 speed=3 paused=false ticks=0
[TownsCLI] OK item id=12814 type=corpse pos=153,24,13 locked=false
[TownsCLI] OK no matching items type=plantedwheat
[TownsCLI] OK item id=12739 type=wheatseed pos=132,11,13 locked=true
item id=12740 type=wheatseed pos=132,10,13 locked=true
item id=12741 type=wheatseed pos=132,12,13 locked=true
item id=12742 type=wheatseed pos=132,14,13 locked=true
item id=12743 type=wheatseed pos=132,13,13 locked=true
item id=12744 type=wheatseed pos=132,15,13 locked=true
item id=12754 type=wheatseed pos=132,16,13 locked=true
item id=12755 type=wheatseed pos=132,17,13 locked=true
item id=12756 type=wheatseed pos=132,18,13 locked=true
item id=12757 type=wheatseed pos=132,19,13 locked=true
item id=12762 type=wheatseed pos=133,10,13 locked=true
item id=12763 type=wheatseed pos=133,11,13 locked=true
[TownsCLI] OK zone id=2 type=zdining points=56 operative=true
[TownsCLI] OK order accepted task=create-zone
[TownsCLI] OK order accepted task=create-zone
[TownsCLI] OK order accepted task=create-zone
[TownsCLI] OK order accepted task=queue-place
[TownsCLI] OK no matching items type=carpentrybench
[TownsCLI] OK no tasks
[TownsCLI] OK item id=12926 type=carpentrybench pos=135,25,13 locked=true
[TownsCLI] OK item id=9203 type=rmwood pos=155,3,13 locked=false
item id=9204 type=rmwood pos=155,2,13 locked=false
item id=9205 type=rmwood pos=155,26,13 locked=false
item id=9206 type=rmwood pos=155,27,13 locked=false
item id=9207 type=rmwood pos=156,26,13 locked=false
item id=9208 type=rmwood pos=157,24,13 locked=false
item id=9209 type=rmwood pos=157,25,13 locked=false
item id=9210 type=rmwood pos=160,3,13 locked=false
item id=9211 type=rmwood pos=153,6,13 locked=false
item id=9212 type=rmwood pos=154,2,13 locked=false
item id=9213 type=rmwood pos=160,4,13 locked=false
item id=9214 type=rmwood pos=160,5,13 locked=false
item id=9216 type=rmwood pos=153,22,13 locked=false
item id=9217 type=rmwood pos=157,26,13 locked=false
item id=9218 type=rmwood pos=154,4,13 locked=false
item id=9219 type=rmwood pos=158,27,13 locked=false
item id=9220 type=rmwood pos=158,23,13 locked=false
item id=9221 type=rmwood pos=161,1,13 locked=false
item id=9222 type=rmwood pos=153,26,13 locked=false
item id=9223 type=rmwood pos=154,3,13 locked=false
item id=9224 type=rmwood pos=160,6,13 locked=false
item id=9225 type=rmwood pos=162,4,13 locked=false
item id=9227 type=rmwood pos=162,5,13 locked=false
item id=9229 type=rmwood pos=153,23,13 locked=false
item id=9230 type=rmwood pos=155,22,13 locked=false
item id=9231 type=rmwood pos=154,23,13 locked=false
item id=9233 type=rmwood pos=154,5,13 locked=false
item id=9234 type=rmwood pos=153,25,13 locked=false
item id=9235 type=rmwood pos=153,27,13 locked=false
item id=9236 type=rmwood pos=155,23,13 locked=false
item id=9237 type=rmwood pos=157,22,13 locked=false
item id=9238 type=rmwood pos=154,26,13 locked=false
item id=9240 type=rmwood pos=154,25,13 locked=false
item id=9241 type=rmwood pos=154,24,13 locked=false
item id=9243 type=rmwood pos=158,22,13 locked=false
item id=9244 type=rmwood pos=156,23,13 locked=false
item id=9245 type=rmwood pos=154,27,13 locked=false
item id=9246 type=rmwood pos=154,6,13 locked=false
item id=9247 type=rmwood pos=163,1,13 locked=false
item id=9248 type=rmwood pos=157,23,13 locked=false
item id=9249 type=rmwood pos=155,1,13 locked=false
item id=9250 type=rmwood pos=155,24,13 locked=false
item id=9251 type=rmwood pos=155,25,13 locked=false
item id=9252 type=rmwood pos=157,27,13 locked=false
item id=9253 type=rmwood pos=158,24,13 locked=false
item id=9254 type=rmwood pos=164,5,13 locked=false
item id=9255 type=rmwood pos=158,26,13 locked=false
item id=9256 type=rmwood pos=158,25,13 locked=false
[TownsCLI] OK date=19/1/1 citizens=7 livings=6765 items=2600 coins=67 view=149,17,13 floors=16 speed=3 paused=false ticks=0
[TownsCLI] OK order accepted task=queue-place
[TownsCLI] OK no matching items type=wooddetailer
[TownsCLI] OK item id=12926 type=carpentrybench pos=135,25,13 locked=true
[TownsCLI] OK item id=12992 type=wooddetailer pos=137,25,13 locked=true
[TownsCLI] OK item id=12926 type=carpentrybench pos=135,25,13 locked=true
[TownsCLI] OK order accepted task=queue-place
[TownsCLI] OK order accepted task=queue-place
[TownsCLI] OK order accepted task=queue-place
[TownsCLI] OK order accepted task=queue-place
[TownsCLI] OK item id=13064 type=masonbench pos=143,23,13 locked=true
[TownsCLI] OK no matching items type=mill
[TownsCLI] OK no matching items type=bakertable
[TownsCLI] OK no matching items type=bakeroven
[TownsCLI] OK date=19/1/1 citizens=7 livings=6765 items=2599 coins=67 view=158,26,13 floors=16 speed=3 paused=false ticks=0
[TownsCLI] OK no matching items type=mill
[TownsCLI] OK no matching items type=bakertable
[TownsCLI] OK no matching items type=bakeroven
[TownsCLI] OK no matching items type=flour
[TownsCLI] OK no tasks
[TownsCLI] OK zone id=2 type=zdining points=56 operative=true
zone id=4 type=zcarpentry points=100 operative=true
zone id=5 type=zmasonry points=9 operative=true
zone id=6 type=zbakery points=9 operative=true
zone id=7 type=zpersonal points=16 operative=true
zone id=8 type=zpersonal points=16 operative=true
zone id=9 type=zpersonal points=16 operative=true
zone id=10 type=zpersonal points=16 operative=true
zone id=11 type=zpersonal points=12 operative=true
zone id=12 type=zpersonal points=12 operative=true
zone id=13 type=zpersonal points=16 operative=true
zone id=14 type=zpersonal points=12 operative=true
zone id=15 type=zpersonal points=15 operative=true
zone id=16 type=zcarpentry points=25 operative=true
[TownsCLI] OK cell=139,28,13 terrain=0 fluidType=0 fluidCount=0 mined=true discovered=true empty=true orders=false patrol=false
[TownsCLI] OK cell=142,26,13 terrain=0 fluidType=0 fluidCount=0 mined=true discovered=true empty=true orders=true patrol=false
[TownsCLI] OK cell=143,26,13 terrain=0 fluidType=0 fluidCount=0 mined=true discovered=true empty=true orders=false patrol=false
[TownsCLI] OK living id=2126 type=citizenfemale4 pos=160,19,13 hp=1774 task=71
living id=2128 type=citizenfemale4 pos=148,17,13 hp=1803 task=80
living id=2130 type=citizenmale3 pos=125,33,10 hp=1270 task=65
living id=2131 type=citizenmale6 pos=128,33,10 hp=1884 task=65
living id=2133 type=citizenfemale2 pos=136,11,13 hp=1022 task=80
living id=2134 type=citizenmale6 pos=132,16,13 hp=895 task=80
living id=2135 type=citizenmale3 pos=135,25,13 hp=144 task=80
living id=8801 type=wildcow pos=182,78,11 hp=230
living id=8802 type=wildcow pos=175,157,4 hp=258
living id=8803 type=wildcow pos=43,183,0 hp=280
living id=8804 type=wildcow pos=137,191,9 hp=243
living id=8805 type=wildcow pos=67,101,7 hp=214
living id=8806 type=wildcow pos=55,21,11 hp=285
living id=8807 type=wildcow pos=93,64,13 hp=265
living id=8808 type=wildcow pos=136,31,13 hp=214
living id=8809 type=wildcow pos=80,196,9 hp=270
living id=8810 type=wildcow pos=26,107,8 hp=259
living id=8811 type=wildcow pos=77,17,10 hp=245
living id=8812 type=wildcow pos=144,158,8 hp=224
living id=8813 type=wildcow pos=57,29,6 hp=228
living id=8814 type=wildcow pos=24,30,11 hp=248
living id=8815 type=wildcow pos=149,118,7 hp=243
living id=8816 type=wildcow pos=61,67,5 hp=266
living id=8817 type=wildcow pos=33,194,7 hp=230
living id=8818 type=wildcow pos=98,174,11 hp=274
living id=8819 type=wildcow pos=170,15,11 hp=230
living id=8820 type=wildcow pos=124,7,6 hp=249
living id=8821 type=wildcow pos=167,40,8 hp=245
living id=8822 type=wildcow pos=155,122,7 hp=272
living id=8823 type=wildcow pos=134,110,1 hp=248
living id=8824 type=wildcow pos=8,152,3 hp=230
living id=8825 type=wildcow pos=162,32,11 hp=276
living id=8826 type=wildcow pos=94,158,12 hp=231
living id=8827 type=wildcow pos=69,120,3 hp=241
living id=8828 type=wildcow pos=13,141,6 hp=257
living id=8829 type=wildcow pos=66,28,8 hp=272
living id=8830 type=wildcow pos=18,152,4 hp=279
living id=8831 type=wildcow pos=21,41,13 hp=218
living id=8832 type=wildcow pos=106,151,10 hp=259
living id=8833 type=wildcow pos=64,183,9 hp=232
living id=8834 type=wildcow pos=168,19,12 hp=231
living id=8835 type=wildcow pos=36,78,11 hp=223
living id=8836 type=wildsheep pos=62,148,13 hp=259
living id=8837 type=wildsheep pos=158,4,9 hp=275
living id=8838 type=wildsheep pos=56,182,3 hp=247
living id=8839 type=wildsheep pos=4,31,10 hp=243
living id=8840 type=wildsheep pos=114,196,9 hp=275
living id=8841 type=wildsheep pos=134,74,12 hp=276
living id=8842 type=wildsheep pos=56,92,9 hp=264
living id=8843 type=wildsheep pos=31,65,8 hp=254
living id=8844 type=wildsheep pos=9,108,12 hp=277
living id=8845 type=wildsheep pos=131,22,10 hp=239
living id=8846 type=wildsheep pos=63,126,4 hp=227
living id=8847 type=wildsheep pos=124,113,9 hp=234
living id=8848 type=wildsheep pos=149,22,13 hp=241
living id=8849 type=wildsheep pos=153,142,10 hp=277
living id=8850 type=wildsheep pos=106,69,13 hp=230
living id=8851 type=wildsheep pos=0,74,13 hp=256
living id=8852 type=wildsheep pos=186,10,11 hp=284
living id=8853 type=wildsheep pos=199,61,12 hp=252
living id=8854 type=wildsheep pos=117,132,12 hp=220
living id=8855 type=wildsheep pos=31,181,4 hp=247
living id=8856 type=wildsheep pos=132,51,8 hp=255
living id=8857 type=wildsheep pos=11,41,13 hp=278
living id=8858 type=wildsheep pos=112,47,13 hp=265
living id=8859 type=wildsheep pos=55,179,2 hp=268
living id=8860 type=wildsheep pos=95,39,13 hp=236
living id=8861 type=wildsheep pos=155,50,11 hp=250
living id=8862 type=wildsheep pos=131,61,11 hp=230
living id=8863 type=wildsheep pos=119,13,6 hp=272
living id=8864 type=wildsheep pos=141,96,3 hp=251
living id=8865 type=wildsheep pos=110,52,13 hp=234
living id=8866 type=wildsheep pos=12,156,1 hp=286
living id=8867 type=wildsheep pos=151,174,7 hp=274
living id=8868 type=wildsheep pos=181,142,12 hp=240
living id=8869 type=wildsheep pos=35,41,13 hp=236
living id=8870 type=wildsheep pos=81,165,4 hp=287
living id=8871 type=bull pos=129,29,10 hp=270
living id=8872 type=bull pos=105,172,12 hp=246
living id=8873 type=bull pos=9,43,13 hp=218
living id=8874 type=bull pos=41,107,5 hp=223
living id=8875 type=bull pos=182,81,12 hp=258
living id=8876 type=bull pos=24,106,9 hp=226
living id=8877 type=bull pos=147,146,9 hp=265
living id=8878 type=bull pos=128,52,10 hp=283
living id=8879 type=bull pos=126,80,11 hp=271
living id=8880 type=bull pos=31,78,12 hp=246
living id=8881 type=bull pos=115,132,11 hp=220
living id=8882 type=bull pos=14,49,12 hp=232
living id=8883 type=bull pos=37,92,10 hp=216
living id=8884 type=bull pos=61,151,13 hp=221
living id=8885 type=bull pos=197,14,13 hp=242
living id=8886 type=wildpig pos=167,116,6 hp=181
living id=8887 type=wildpig pos=124,86,10 hp=209
living id=8888 type=wildpig pos=145,73,13 hp=225
living id=8889 type=wildpig pos=108,168,13 hp=219
living id=8890 type=wildpig pos=194,125,13 hp=228
living id=8891 type=wildpig pos=78,65,5 hp=196
living id=8892 type=wildpig pos=38,80,10 hp=226
living id=8893 type=wildpig pos=121,195,8 hp=227
living id=8894 type=wildpig pos=62,111,0 hp=183
living id=8895 type=wildpig pos=141,191,12 hp=197
living id=8896 type=wildpig pos=135,199,12 hp=180
living id=8897 type=wildpig pos=95,171,13 hp=211
living id=8898 type=wildpig pos=78,69,9 hp=201
living id=8899 type=wildpig pos=28,132,3 hp=211
living id=11459 type=werepig pos=91,194,9 hp=189
living id=8900 type=wildpig pos=116,23,7 hp=195
living id=8901 type=wildpig pos=39,173,0 hp=188
living id=8902 type=wildpig pos=77,124,7 hp=213
living id=8903 type=wildpig pos=39,53,11 hp=214
living id=8904 type=wildpig pos=84,120,11 hp=223
living id=8905 type=wildpig pos=102,115,11 hp=187
living id=8906 type=wildpig pos=23,102,10 hp=197
living id=8907 type=wildpig pos=37,126,4 hp=175
living id=8908 type=wildpig pos=43,51,11 hp=181
living id=8909 type=wildpig pos=169,163,8 hp=221
living id=8910 type=wildpig pos=198,132,13 hp=206
living id=8911 type=boar pos=193,74,11 hp=180
living id=8912 type=boar pos=155,125,8 hp=175
living id=8913 type=boar pos=137,185,11 hp=190
living id=8914 type=boar pos=111,54,13 hp=172
living id=8915 type=boar pos=45,63,10 hp=179
living id=8916 type=boar pos=104,21,9 hp=219
living id=8917 type=boar pos=148,19,13 hp=221
living id=8918 type=boar pos=21,99,11 hp=202
living id=8919 type=boar pos=74,177,8 hp=223
living id=8920 type=boar pos=177,165,8 hp=216
living id=8921 type=boar pos=169,170,9 hp=207
living id=8922 type=boar pos=158,67,13 hp=202
living id=8923 type=boar pos=147,109,0 hp=199
living id=8924 type=boar pos=93,114,11 hp=210
living id=8925 type=boar pos=102,102,10 hp=211
living id=8926 type=boar pos=8,184,7 hp=195
living id=8927 type=boar pos=25,115,7 hp=190
living id=8928 type=boar pos=22,9,0 hp=183
living id=8929 type=boar pos=130,162,13 hp=208
living id=8930 type=boar pos=125,124,12 hp=217
living id=8931 type=boar pos=2,34,12 hp=172
living id=8932 type=boar pos=170,136,8 hp=215
living id=8933 type=boar pos=100,193,2 hp=183
living id=8934 type=boar pos=97,131,13 hp=220
living id=8935 type=boar pos=78,144,9 hp=180
living id=11495 type=ghost pos=83,116,8 hp=1167
living id=8936 type=wildskootenbeeten pos=93,170,13 hp=129
living id=8937 type=wildskootenbeeten pos=174,64,10 hp=143
living id=8938 type=wildskootenbeeten pos=167,14,11 hp=146
living id=8939 type=wildskootenbeeten pos=163,85,10 hp=154
living id=8940 type=wildskootenbeeten pos=65,23,9 hp=152
living id=8941 type=wildskootenbeeten pos=164,103,0 hp=154
living id=8942 type=wildskootenbeeten pos=161,6,7 hp=156
living id=8943 type=bird2 pos=181,28,12 hp=207
living id=8944 type=bird4 pos=146,1,13 hp=207
living id=8945 type=bird4 pos=18,144,4 hp=198
living id=8946 type=bird2 pos=120,89,11 hp=185
living id=8947 type=bird2 pos=6,126,9 hp=216
living id=8948 type=bird2 pos=64,74,6 hp=177
living id=8949 type=bird3 pos=194,162,13 hp=227
living id=8950 type=bird pos=123,66,13 hp=203
living id=8951 type=bird pos=22,97,12 hp=210
living id=8952 type=bird4 pos=69,48,1 hp=196
living id=8953 type=bird4 pos=99,168,13 hp=222
living id=8954 type=bird5 pos=66,20,11 hp=217
living id=8955 type=bird2 pos=23,80,12 hp=174
living id=8956 type=bird3 pos=35,134,4 hp=187
living id=8957 type=bird5 pos=50,157,13 hp=203
living id=8958 type=bird2 pos=22,67,4 hp=196
living id=8959 type=bird pos=158,132,8 hp=211
living id=8960 type=bird4 pos=36,49,12 hp=193
living id=8961 type=bird5 pos=108,134,10 hp=222
living id=8962 type=bird2 pos=59,195,8 hp=214
living id=8963 type=bird3 pos=119,110,9 hp=223
living id=8964 type=bird pos=132,120,10 hp=228
living id=8965 type=bird2 pos=196,38,11 hp=226
living id=8966 type=bird4 pos=94,67,13 hp=196
living id=8967 type=bird pos=173,14,10 hp=218
living id=8968 type=bird pos=26,56,7 hp=177
living id=8969 type=bird5 pos=67,35,7 hp=204
living id=8970 type=bird pos=160,85,9 hp=212
living id=8971 type=bird5 pos=74,95,13 hp=202
living id=8972 type=bird4 pos=123,12,7 hp=183
living id=8973 type=bird3 pos=101,47,13 hp=211
living id=8974 type=bird pos=109,156,10 hp=203
living id=8975 type=bird5 pos=80,84,13 hp=175
living id=8976 type=bird2 pos=62,3,12 hp=195
living id=8977 type=bird5 pos=29,110,7 hp=199
living id=8978 type=bird4 pos=73,147,11 hp=207
living id=8979 type=bird4 pos=42,161,12 hp=205
living id=8980 type=bird3 pos=20,140,2 hp=194
living id=8981 type=bird4 pos=114,42,11 hp=208
living id=8982 type=bird5 pos=33,185,3 hp=222
living id=8983 type=bird3 pos=193,179,13 hp=197
living id=8984 type=bird4 pos=24,148,6 hp=177
living id=8985 type=bird5 pos=168,40,8 hp=221
living id=8986 type=bird2 pos=101,22,11 hp=185
living id=8987 type=bird2 pos=117,41,12 hp=172
living id=8988 type=bird pos=168,110,4 hp=227
living id=8989 type=bird4 pos=30,67,7 hp=174
living id=8990 type=bird2 pos=26,113,7 hp=203
living id=8991 type=bird4 pos=20,77,11 hp=191
living id=8992 type=bird pos=123,61,13 hp=196
living id=8993 type=bird pos=69,114,1 hp=226
living id=8994 type=bird4 pos=3,23,8 hp=207
living id=8995 type=bird3 pos=153,197,12 hp=213
living id=8996 type=bird3 pos=36,130,4 hp=176
living id=8997 type=bird3 pos=66,37,6 hp=212
living id=8998 type=bird3 pos=40,65,12 hp=195
living id=8999 type=bird pos=23,37,13 hp=186
living id=9000 type=bird5 pos=180,131,11 hp=179
living id=9001 type=bird pos=80,39,9 hp=194
living id=9002 type=bird pos=189,81,12 hp=175
living id=9005 type=wildbadger pos=177,29,11 hp=210
living id=9006 type=wildbadger pos=110,73,13 hp=192
living id=9007 type=wildbadger pos=97,77,13 hp=212
living id=9008 type=wildbadger pos=188,57,2 hp=227
living id=9009 type=wildbadger pos=163,73,13 hp=199
living id=9010 type=wildbadger pos=149,23,13 hp=225
living id=9011 type=wildbadger pos=180,13,9 hp=184
living id=9012 type=wildbadger pos=45,116,4 hp=196
living id=9013 type=wildbadger pos=43,56,9 hp=195
living id=9014 type=wildbadger pos=185,94,12 hp=207
living id=9015 type=wildbadger pos=28,86,13 hp=192
living id=9016 type=wildbadger pos=128,9,10 hp=175
living id=9017 type=wildbadger pos=127,40,10 hp=171
living id=9018 type=wildbadger pos=79,198,10 hp=201
living id=9019 type=wildbadger pos=70,109,1 hp=187
living id=9020 type=wildbadger pos=80,169,7 hp=174
living id=9021 type=wildbadger pos=171,149,7 hp=204
living id=9022 type=wildbadger pos=161,2,8 hp=228
living id=9023 type=wildbadger pos=131,29,11 hp=196
living id=9024 type=wildbadger pos=68,1,12 hp=190
living id=9025 type=wildbadger pos=185,153,13 hp=171
living id=9026 type=wildbadger pos=37,147,7 hp=214
living id=9027 type=wildbadger pos=39,36,10 hp=182
living id=9028 type=wildbadger pos=142,188,13 hp=201
living id=9029 type=wildbadger pos=189,17,13 hp=186
living id=9030 type=wildbadger pos=116,79,13 hp=225
living id=9031 type=wildbadger pos=55,20,12 hp=217
living id=9032 type=wildbadger pos=72,163,8 hp=179
living id=9033 type=wildbadger pos=83,37,10 hp=186
living id=9034 type=wildbadger pos=195,60,9 hp=201
living id=9035 type=wildbadger pos=168,144,10 hp=226
living id=9036 type=wildbadger pos=81,99,13 hp=181
living id=9037 type=wildbadger pos=138,185,12 hp=226
living id=9038 type=wildbadger pos=14,179,7 hp=185
living id=9039 type=wildbadger pos=46,186,2 hp=211
living id=9040 type=wildbadger pos=152,81,9 hp=186
living id=9041 type=wildbadger pos=109,147,7 hp=198
living id=9042 type=wildbadger pos=172,185,7 hp=171
living id=9043 type=wildbadger pos=185,46,4 hp=211
living id=9044 type=wildbadger pos=197,48,10 hp=178
living id=9045 type=wildbadger pos=27,122,4 hp=221
living id=9046 type=wildbadger pos=46,162,12 hp=226
living id=9047 type=wildbadger pos=34,137,5 hp=215
living id=9048 type=wildbadger pos=83,151,7 hp=215
living id=9049 type=wildbadger pos=48,75,5 hp=192
living id=9050 type=wildbadger pos=39,168,6 hp=210
living id=9051 type=wildbadger pos=76,120,3 hp=212
living id=9052 type=wildbadger pos=83,32,11 hp=177
living id=9053 type=wildbadger pos=189,124,13 hp=198
living id=9054 type=wildbadger pos=11,173,5 hp=183
living id=9055 type=wildchicken pos=56,112,2 hp=158
living id=9056 type=wildchicken pos=191,74,10 hp=171
living id=9057 type=wildchicken pos=59,127,5 hp=142
living id=9058 type=wildchicken pos=138,35,13 hp=135
living id=9059 type=wildchicken pos=98,62,13 hp=167
living id=9060 type=wildchicken pos=78,107,6 hp=158
living id=9061 type=wildchicken pos=51,67,4 hp=148
living id=9062 type=wildchicken pos=42,43,10 hp=163
living id=9063 type=wildchicken pos=115,14,3 hp=152
living id=9064 type=wildchicken pos=58,190,5 hp=142
living id=9065 type=wildchicken pos=141,182,13 hp=161
living id=9066 type=wildchicken pos=56,187,3 hp=133
living id=9067 type=wildchicken pos=130,176,13 hp=166
living id=9068 type=wildchicken pos=3,119,11 hp=142
living id=9069 type=wildchicken pos=96,124,13 hp=164
living id=9070 type=wildchicken pos=66,45,5 hp=137
living id=9071 type=wildchicken pos=61,64,4 hp=143
living id=9072 type=wildchicken pos=51,63,5 hp=134
living id=9073 type=wildchicken pos=120,106,9 hp=162
living id=9074 type=wildchicken pos=132,91,7 hp=172
living id=9075 type=wildchicken pos=104,172,12 hp=157
living id=9076 type=wildchicken pos=9,183,7 hp=129
living id=9077 type=wildchicken pos=162,82,10 hp=158
living id=9078 type=wildchicken pos=131,170,13 hp=156
living id=9079 type=wildchicken pos=192,61,6 hp=161
living id=9080 type=wildchicken pos=55,83,4 hp=136
living id=9081 type=wildchicken pos=40,96,10 hp=148
living id=9082 type=wildchicken pos=67,52,0 hp=133
living id=9083 type=wildchicken pos=6,151,6 hp=147
living id=9084 type=wildchicken pos=56,77,2 hp=159
living id=9085 type=wildchicken pos=10,50,10 hp=170
living id=9086 type=wildchicken pos=78,82,12 hp=151
living id=9087 type=wildchicken pos=181,152,10 hp=145
living id=9088 type=wildchicken pos=145,135,12 hp=149
living id=9089 type=wildchicken pos=174,158,4 hp=138
living id=9090 type=wildchicken pos=187,74,7 hp=157
living id=9091 type=wildchicken pos=176,16,10 hp=149
living id=9092 type=wildchicken pos=115,17,5 hp=169
living id=9093 type=wildchicken pos=142,181,13 hp=141
living id=9094 type=wildchicken pos=136,99,1 hp=131
living id=9095 type=wildchicken pos=117,136,10 hp=168
living id=9096 type=wildchicken pos=166,120,6 hp=137
living id=9097 type=wildchicken pos=199,95,13 hp=132
living id=9098 type=wildchicken pos=189,67,5 hp=151
living id=9099 type=wildchicken pos=195,39,10 hp=144
living id=9100 type=wildchicken pos=28,104,8 hp=167
living id=9101 type=wildchicken pos=53,174,3 hp=166
living id=9102 type=wildchicken pos=98,136,13 hp=142
living id=9103 type=wildchicken pos=59,118,4 hp=166
living id=9104 type=wildchicken pos=10,128,7 hp=143
living id=9105 type=rooster pos=41,190,5 hp=153
living id=9106 type=rooster pos=43,131,7 hp=172
living id=9107 type=rooster pos=170,51,6 hp=154
living id=9108 type=rooster pos=163,140,9 hp=150
living id=9109 type=rooster pos=18,157,5 hp=170
living id=9110 type=rooster pos=199,61,12 hp=172
living id=9111 type=rooster pos=170,164,9 hp=164
living id=9112 type=rooster pos=185,196,13 hp=164
living id=9113 type=rooster pos=104,174,11 hp=131
living id=9114 type=rooster pos=123,11,7 hp=145
living id=9115 type=rooster pos=103,28,6 hp=155
living id=9116 type=rooster pos=12,184,10 hp=136
living id=9117 type=rooster pos=25,154,5 hp=166
living id=9118 type=rooster pos=195,91,13 hp=164
living id=9119 type=rooster pos=79,7,9 hp=165
living id=9120 type=rooster pos=157,187,9 hp=138
living id=9121 type=rooster pos=21,77,11 hp=155
living id=9122 type=rooster pos=86,136,12 hp=158
living id=9123 type=rooster pos=147,55,11 hp=143
living id=9124 type=rooster pos=138,68,13 hp=164
living id=9125 type=wildsnoat pos=41,29,12 hp=225
living id=9126 type=wildsnoat pos=73,87,12 hp=176
living id=9127 type=wildsnoat pos=88,191,8 hp=205
living id=9128 type=wildsnoat pos=59,155,13 hp=224
living id=9129 type=wildsnoat pos=42,34,7 hp=225
living id=9130 type=wildsnoat pos=130,61,12 hp=197
living id=9131 type=wildsnoat pos=32,148,6 hp=221
living id=9132 type=wildsnoat pos=47,88,3 hp=177
living id=9133 type=wildsnoat pos=58,117,3 hp=189
living id=9139 type=froggy pos=68,124,4 hp=1248
living id=11187 type=werepig pos=130,113,6 hp=192
living id=9140 type=froggy pos=161,136,9 hp=838
living id=9141 type=froggy pos=160,49,10 hp=301
living id=9142 type=toady pos=16,152,2 hp=1491
living id=9143 type=yeti pos=98,87,13 hp=1117
living id=9144 type=yeti pos=76,100,13 hp=1170
living id=9145 type=yeti pos=78,67,7 hp=1469
living id=9146 type=yeti pos=156,169,7 hp=1171
living id=9147 type=yeti pos=137,152,13 hp=1217
living id=9148 type=yeti pos=26,126,3 hp=1167
living id=9150 type=yeti pos=82,161,3 hp=1250
living id=9151 type=yeti pos=79,68,8 hp=944
living id=2136 type=greenslime pos=147,104,16 hp=764
living id=2137 type=greenslime pos=165,66,16 hp=724
living id=2138 type=greenslime pos=123,80,16 hp=684
living id=2139 type=greenslime pos=92,127,16 hp=785
living id=2140 type=greenslime pos=173,119,16 hp=716
living id=2141 type=spider pos=134,83,16 hp=679
living id=2142 type=greenslime pos=107,1,16 hp=678
living id=2143 type=spider pos=101,150,16 hp=667
living id=2144 type=greenslime pos=92,127,16 hp=608
living id=2145 type=spider pos=128,137,16 hp=789
living id=2146 type=spider pos=66,155,16 hp=674
living id=2147 type=greenslime pos=2,33,16 hp=690
living id=2148 type=greenslime pos=141,87,16 hp=751
living id=2149 type=greenslime pos=144,121,16 hp=750
living id=2150 type=spider pos=94,46,16 hp=654
living id=2151 type=spider pos=138,47,16 hp=610
living id=2152 type=spider pos=70,177,16 hp=742
living id=2153 type=greenslime pos=7,9,16 hp=746
living id=2154 type=spider pos=120,71,16 hp=775
living id=2155 type=greenslime pos=19,113,16 hp=695
living id=2156 type=spider pos=34,141,16 hp=682
living id=2157 type=spider pos=2,187,16 hp=616
living id=2158 type=spider pos=12,26,16 hp=719
living id=2159 type=spider pos=167,50,16 hp=693
living id=2160 type=greenslime pos=43,87,16 hp=730
living id=2161 type=greenslime pos=98,132,16 hp=660
living id=2162 type=spider pos=121,87,16 hp=739
living id=2163 type=spider pos=171,193,16 hp=611
living id=2164 type=greenslime pos=158,2,16 hp=663
living id=2165 type=spider pos=47,96,16 hp=620
living id=2166 type=spider pos=104,107,16 hp=675
living id=2167 type=greenslime pos=186,20,16 hp=635
living id=2168 type=spider pos=133,11,16 hp=703
living id=2169 type=greenslime pos=5,116,16 hp=618
living id=2170 type=greenslime pos=100,127,16 hp=616
living id=2171 type=spider pos=77,102,16 hp=750
living id=2172 type=spider pos=142,171,16 hp=780
living id=2173 type=spider pos=133,143,16 hp=753
living id=2174 type=greenslime pos=55,180,16 hp=598
living id=2175 type=spider pos=104,142,16 hp=655
living id=2176 type=greenslime pos=151,74,16 hp=693
living id=2177 type=spider pos=63,151,16 hp=645
living id=2178 type=greenslime pos=137,129,16 hp=738
living id=2179 type=spider pos=4,189,16 hp=776
living id=2180 type=spider pos=99,193,16 hp=635
living id=2181 type=greenslime pos=172,60,16 hp=775
living id=2182 type=spider pos=157,15,16 hp=652
living id=2183 type=spider pos=9,135,16 hp=647
living id=2184 type=spider pos=194,135,16 hp=612
living id=2185 type=spider pos=8,134,16 hp=681
living id=2186 type=spider pos=176,156,16 hp=685
living id=2187 type=greenslime pos=105,40,16 hp=612
living id=2188 type=spider pos=137,189,16 hp=718
living id=2189 type=greenslime pos=167,86,16 hp=616
living id=2190 type=spider pos=193,151,16 hp=634
living id=2191 type=greenslime pos=95,185,16 hp=602
living id=2192 type=spider pos=150,56,16 hp=824
living id=2193 type=spider pos=8,120,16 hp=801
living id=2194 type=greenslime pos=141,41,16 hp=664
living id=2195 type=greenslime pos=177,107,16 hp=622
living id=2196 type=greenslime pos=21,155,16 hp=781
living id=2197 type=greenslime pos=159,136,16 hp=774
living id=2198 type=greenslime pos=3,188,16 hp=723
living id=2199 type=greenslime pos=1,182,16 hp=659
living id=2200 type=spider pos=102,29,16 hp=688
living id=2201 type=greenslime pos=130,108,16 hp=633
living id=2202 type=greenslime pos=195,37,16 hp=717
living id=2203 type=greenslime pos=139,196,16 hp=704
living id=2204 type=greenslime pos=137,27,16 hp=667
living id=2205 type=greenslime pos=197,45,16 hp=799
living id=2206 type=spider pos=190,134,16 hp=673
living id=2207 type=greenslime pos=19,83,16 hp=644
living id=2208 type=spider pos=182,17,16 hp=613
living id=2209 type=spider pos=169,172,16 hp=649
living id=2210 type=spider pos=180,109,16 hp=692
living id=2211 type=greenslime pos=160,1,16 hp=800
living id=2212 type=greenslime pos=98,9,16 hp=610
living id=2213 type=spider pos=71,126,16 hp=692
living id=2214 type=greenslime pos=156,95,16 hp=649
living id=2215 type=spider pos=134,27,16 hp=626
living id=2216 type=greenslime pos=105,184,16 hp=765
living id=2217 type=spider pos=164,68,16 hp=707
living id=2218 type=greenslime pos=115,154,16 hp=605
living id=2219 type=greenslime pos=70,40,16 hp=598
living id=2220 type=greenslime pos=99,61,16 hp=637
living id=2221 type=greenslime pos=39,158,16 hp=799
living id=2222 type=spider pos=169,96,16 hp=691
living id=2223 type=spider pos=4,91,16 hp=693
living id=2224 type=spider pos=132,91,16 hp=760
living id=2225 type=greenslime pos=135,169,16 hp=619
living id=2226 type=spider pos=8,172,16 hp=782
living id=2227 type=spider pos=83,9,16 hp=784
living id=2228 type=spider pos=161,137,16 hp=734
living id=2229 type=greenslime pos=119,186,16 hp=800
living id=2230 type=greenslime pos=197,177,16 hp=707
living id=2231 type=spider pos=79,175,16 hp=758
living id=2232 type=greenslime pos=171,138,16 hp=596
living id=2233 type=spider pos=176,104,16 hp=652
living id=2234 type=spider pos=59,36,16 hp=630
living id=2235 type=greenslime pos=32,19,16 hp=647
living id=2236 type=spider pos=168,42,16 hp=596
living id=2237 type=spider pos=52,41,16 hp=748
living id=2238 type=spider pos=39,165,16 hp=705
living id=2239 type=spider pos=18,23,16 hp=659
living id=2240 type=spider pos=64,24,16 hp=765
living id=2241 type=greenslime pos=42,98,16 hp=727
living id=2242 type=spider pos=18,18,16 hp=664
living id=2243 type=spider pos=104,178,16 hp=804
living id=2244 type=spider pos=59,141,16 hp=665
living id=2245 type=greenslime pos=153,88,16 hp=639
living id=2246 type=greenslime pos=197,197,16 hp=746
living id=2247 type=greenslime pos=46,148,16 hp=737
living id=2248 type=spider pos=83,131,16 hp=659
living id=2249 type=greenslime pos=97,61,16 hp=779
living id=2250 type=greenslime pos=127,114,16 hp=653
living id=2251 type=greenslime pos=185,83,16 hp=649
living id=2252 type=spider pos=94,131,16 hp=757
living id=2253 type=greenslime pos=119,164,16 hp=727
living id=2254 type=greenslime pos=192,48,16 hp=731
living id=2255 type=spider pos=65,189,16 hp=814
living id=2256 type=greenslime pos=152,72,16 hp=769
living id=2257 type=greenslime pos=166,172,16 hp=702
living id=2258 type=spider pos=106,64,16 hp=644
living id=2259 type=greenslime pos=189,20,16 hp=784
living id=2260 type=greenslime pos=133,73,16 hp=708
living id=2261 type=spider pos=150,10,16 hp=787
living id=2262 type=greenslime pos=113,127,16 hp=650
living id=2263 type=greenslime pos=2,90,16 hp=683
living id=2264 type=greenslime pos=184,2,16 hp=597
living id=2265 type=greenslime pos=141,49,16 hp=754
living id=2266 type=greenslime pos=119,90,16 hp=713
living id=2267 type=greenslime pos=6,179,16 hp=792
living id=2268 type=spider pos=197,175,16 hp=672
living id=2269 type=greenslime pos=114,31,16 hp=735
living id=2270 type=greenslime pos=178,61,16 hp=795
living id=2271 type=greenslime pos=25,108,16 hp=717
living id=2272 type=spider pos=73,191,16 hp=812
living id=2273 type=spider pos=162,70,16 hp=694
living id=2274 type=spider pos=1,81,16 hp=597
living id=2275 type=greenslime pos=175,161,16 hp=609
living id=2276 type=spider pos=118,121,16 hp=648
living id=2277 type=spider pos=170,164,16 hp=744
living id=2278 type=spider pos=67,146,16 hp=801
living id=2279 type=greenslime pos=88,28,16 hp=801
living id=2280 type=spider pos=137,139,16 hp=641
living id=2281 type=spider pos=132,85,16 hp=700
living id=2282 type=greenslime pos=42,198,16 hp=664
living id=2283 type=spider pos=86,104,16 hp=660
living id=2284 type=spider pos=59,115,16 hp=666
living id=2285 type=spider pos=136,5,16 hp=736
living id=2286 type=spider pos=167,135,16 hp=787
living id=2287 type=spider pos=179,192,16 hp=770
living id=2288 type=greenslime pos=80,174,16 hp=660
living id=2289 type=spider pos=10,117,16 hp=803
living id=2290 type=spider pos=151,12,16 hp=793
living id=2291 type=greenslime pos=24,178,16 hp=739
living id=2292 type=spider pos=48,176,16 hp=741
living id=2293 type=greenslime pos=120,81,16 hp=736
living id=2294 type=spider pos=67,155,16 hp=786
living id=2295 type=spider pos=136,137,16 hp=664
living id=2296 type=spider pos=159,95,16 hp=596
living id=2297 type=spider pos=191,1,16 hp=741
living id=2298 type=spider pos=161,172,16 hp=723
living id=2299 type=greenslime pos=152,194,16 hp=623
living id=2300 type=greenslime pos=37,33,16 hp=629
living id=2301 type=greenslime pos=77,97,16 hp=615
living id=2302 type=greenslime pos=197,62,16 hp=619
living id=2303 type=spider pos=104,177,16 hp=683
living id=2304 type=greenslime pos=162,39,16 hp=700
living id=2305 type=spider pos=131,174,16 hp=789
living id=2306 type=greenslime pos=37,110,16 hp=618
living id=2307 type=greenslime pos=50,158,16 hp=628
living id=2308 type=greenslime pos=73,174,16 hp=794
living id=2309 type=spider pos=106,67,16 hp=772
living id=2310 type=spider pos=61,166,16 hp=808
living id=2311 type=greenslime pos=153,14,16 hp=725
living id=2312 type=spider pos=146,185,16 hp=759
living id=2313 type=greenslime pos=71,172,16 hp=665
living id=2314 type=greenslime pos=191,60,16 hp=740
living id=2315 type=spider pos=51,41,16 hp=647
living id=2316 type=greenslime pos=21,196,16 hp=669
living id=2317 type=spider pos=58,132,16 hp=789
living id=2318 type=greenslime pos=130,58,16 hp=632
living id=2319 type=spider pos=198,59,16 hp=782
living id=2320 type=greenslime pos=124,157,16 hp=804
living id=2321 type=spider pos=113,56,16 hp=682
living id=2322 type=spider pos=63,20,16 hp=596
living id=2323 type=greenslime pos=119,100,16 hp=740
living id=2324 type=spider pos=138,28,16 hp=768
living id=2325 type=spider pos=23,150,16 hp=796
living id=2326 type=greenslime pos=72,25,16 hp=730
living id=2327 type=spider pos=120,119,16 hp=694
living id=2328 type=spider pos=76,171,16 hp=675
living id=2329 type=greenslime pos=85,120,16 hp=602
living id=2330 type=spider pos=193,30,16 hp=682
living id=2331 type=spider pos=62,173,16 hp=643
living id=2332 type=greenslime pos=66,150,16 hp=648
living id=2333 type=spider pos=111,169,16 hp=779
living id=2334 type=greenslime pos=63,122,16 hp=794
living id=2335 type=greenslime pos=104,134,16 hp=676
living id=2336 type=spider pos=119,100,16 hp=669
living id=2337 type=spider pos=68,160,16 hp=755
living id=2338 type=greenslime pos=59,125,16 hp=754
living id=2339 type=greenslime pos=83,168,16 hp=625
living id=2340 type=greenslime pos=23,111,16 hp=616
living id=2341 type=greenslime pos=142,57,16 hp=612
living id=2342 type=spider pos=164,46,16 hp=760
living id=2343 type=greenslime pos=111,58,16 hp=651
living id=2344 type=spider pos=90,139,16 hp=808
living id=2345 type=greenslime pos=147,198,16 hp=636
living id=2346 type=greenslime pos=37,32,16 hp=639
living id=2347 type=spider pos=69,50,16 hp=712
living id=2348 type=spider pos=75,148,16 hp=777
living id=2349 type=spider pos=114,105,16 hp=668
living id=2350 type=greenslime pos=85,183,16 hp=719
living id=2351 type=greenslime pos=174,30,16 hp=800
living id=2352 type=spider pos=147,58,16 hp=600
living id=2353 type=spider pos=23,146,16 hp=714
living id=2354 type=greenslime pos=88,30,16 hp=704
living id=2355 type=greenslime pos=5,8,16 hp=646
living id=2356 type=greenslime pos=169,158,16 hp=742
living id=2357 type=spider pos=40,98,16 hp=727
living id=2358 type=greenslime pos=48,90,16 hp=745
living id=2359 type=greenslime pos=149,178,16 hp=790
living id=2360 type=spider pos=133,159,16 hp=740
living id=2361 type=spider pos=189,189,16 hp=747
living id=2362 type=greenslime pos=81,20,16 hp=749
living id=2363 type=spider pos=163,31,16 hp=675
living id=2364 type=spider pos=7,17,16 hp=613
living id=2365 type=greenslime pos=71,154,16 hp=784
living id=2366 type=greenslime pos=63,46,16 hp=793
living id=2367 type=greenslime pos=115,194,16 hp=789
living id=2368 type=greenslime pos=4,162,16 hp=767
living id=2369 type=spider pos=94,103,16 hp=651
living id=2370 type=spider pos=133,175,16 hp=645
living id=2371 type=greenslime pos=175,116,16 hp=763
living id=2372 type=greenslime pos=75,83,16 hp=725
living id=2373 type=spider pos=16,6,16 hp=805
living id=2374 type=greenslime pos=97,8,16 hp=767
living id=2375 type=spider pos=180,51,16 hp=707
living id=2376 type=spider pos=96,76,16 hp=824
living id=2377 type=greenslime pos=39,184,16 hp=786
living id=2378 type=greenslime pos=98,39,16 hp=621
living id=2379 type=greenslime pos=96,34,16 hp=660
living id=2380 type=greenslime pos=193,25,16 hp=781
living id=2381 type=greenslime pos=51,116,16 hp=779
living id=2382 type=spider pos=120,145,16 hp=813
living id=2383 type=spider pos=62,145,16 hp=766
living id=2384 type=greenslime pos=89,182,16 hp=635
living id=2385 type=greenslime pos=92,17,16 hp=647
living id=2386 type=greenslime pos=34,193,16 hp=733
living id=2387 type=spider pos=106,111,16 hp=631
living id=2388 type=greenslime pos=9,182,16 hp=627
living id=2389 type=spider pos=23,22,16 hp=598
living id=2390 type=spider pos=177,157,16 hp=601
living id=2391 type=greenslime pos=87,4,16 hp=660
living id=2392 type=greenslime pos=193,109,16 hp=613
living id=2393 type=greenslime pos=178,107,16 hp=776
living id=2394 type=greenslime pos=8,174,16 hp=714
living id=2395 type=spider pos=165,143,16 hp=727
living id=2396 type=spider pos=156,65,16 hp=811
living id=2397 type=spider pos=135,163,16 hp=659
living id=2398 type=spider pos=153,15,16 hp=626
living id=2399 type=greenslime pos=180,159,16 hp=716
living id=2400 type=spider pos=159,124,16 hp=795
living id=2401 type=spider pos=9,132,16 hp=714
living id=2402 type=spider pos=125,77,16 hp=696
living id=2403 type=spider pos=70,129,16 hp=690
living id=2404 type=spider pos=191,77,16 hp=777
living id=2405 type=spider pos=169,75,16 hp=610
living id=2406 type=spider pos=187,108,16 hp=625
living id=2407 type=greenslime pos=90,14,16 hp=635
living id=2408 type=spider pos=135,155,16 hp=779
living id=2409 type=greenslime pos=1,20,16 hp=769
living id=2410 type=spider pos=114,189,16 hp=734
living id=2411 type=spider pos=163,11,16 hp=631
living id=2412 type=spider pos=61,124,16 hp=612
living id=2413 type=greenslime pos=167,12,16 hp=779
living id=2414 type=greenslime pos=84,152,16 hp=760
living id=2415 type=greenslime pos=121,112,16 hp=784
living id=2416 type=greenslime pos=35,21,16 hp=759
living id=2417 type=greenslime pos=49,135,16 hp=733
living id=2418 type=greenslime pos=67,113,16 hp=762
living id=2419 type=spider pos=30,173,16 hp=801
living id=2420 type=greenslime pos=6,114,16 hp=697
living id=2421 type=greenslime pos=119,67,16 hp=640
living id=2422 type=greenslime pos=139,130,16 hp=798
living id=2423 type=greenslime pos=195,131,16 hp=638
living id=2424 type=greenslime pos=125,128,16 hp=767
living id=2425 type=greenslime pos=51,137,16 hp=781
living id=2426 type=spider pos=146,64,16 hp=745
living id=2427 type=greenslime pos=26,171,16 hp=702
living id=2428 type=spider pos=177,11,16 hp=784
living id=2429 type=greenslime pos=142,100,16 hp=669
living id=2430 type=spider pos=34,160,16 hp=705
living id=2431 type=greenslime pos=170,4,16 hp=784
living id=2432 type=greenslime pos=148,188,16 hp=631
living id=2433 type=greenslime pos=70,119,16 hp=763
living id=2434 type=spider pos=120,1,16 hp=721
living id=2435 type=spider pos=67,133,16 hp=626
living id=2436 type=spider pos=47,183,16 hp=769
living id=2437 type=spider pos=19,14,16 hp=727
living id=2438 type=greenslime pos=132,112,16 hp=712
living id=2439 type=spider pos=32,150,16 hp=632
living id=2440 type=greenslime pos=23,172,16 hp=748
living id=2441 type=spider pos=100,105,16 hp=719
living id=2442 type=greenslime pos=69,155,16 hp=695
living id=2443 type=spider pos=79,169,16 hp=799
living id=2444 type=greenslime pos=47,169,16 hp=631
living id=2445 type=spider pos=110,20,16 hp=760
living id=2446 type=spider pos=116,159,16 hp=752
living id=2447 type=spider pos=71,6,16 hp=619
living id=2448 type=greenslime pos=36,194,16 hp=751
living id=2449 type=greenslime pos=84,5,16 hp=752
living id=2450 type=spider pos=33,143,16 hp=745
living id=2451 type=greenslime pos=111,7,16 hp=687
living id=2452 type=greenslime pos=175,16,16 hp=695
living id=2453 type=greenslime pos=19,112,16 hp=701
living id=2454 type=greenslime pos=76,186,16 hp=646
living id=2455 type=spider pos=52,192,16 hp=678
living id=2456 type=greenslime pos=52,18,16 hp=753
living id=2457 type=spider pos=20,140,16 hp=742
living id=2458 type=greenslime pos=40,185,16 hp=691
living id=2459 type=spider pos=50,91,16 hp=778
living id=2460 type=spider pos=133,109,16 hp=723
living id=2461 type=spider pos=49,160,16 hp=717
living id=2462 type=spider pos=150,99,16 hp=797
living id=2463 type=spider pos=170,170,16 hp=629
living id=2464 type=greenslime pos=182,16,16 hp=751
living id=2465 type=spider pos=67,34,16 hp=786
living id=2466 type=greenslime pos=46,132,16 hp=721
living id=2467 type=spider pos=33,134,16 hp=766
living id=2468 type=greenslime pos=184,83,16 hp=627
living id=2469 type=spider pos=120,101,16 hp=803
living id=2470 type=greenslime pos=91,115,16 hp=675
living id=2471 type=spider pos=51,11,16 hp=671
living id=2472 type=greenslime pos=26,184,16 hp=792
living id=2473 type=greenslime pos=121,51,16 hp=760
living id=2474 type=spider pos=61,150,16 hp=661
living id=2475 type=spider pos=147,38,16 hp=747
living id=2476 type=greenslime pos=65,158,16 hp=697
living id=2477 type=spider pos=194,170,16 hp=619
living id=2478 type=spider pos=38,90,16 hp=707
living id=2479 type=greenslime pos=124,197,16 hp=661
living id=2480 type=greenslime pos=95,17,16 hp=691
living id=2481 type=spider pos=103,132,16 hp=694
living id=2482 type=spider pos=61,92,16 hp=703
living id=2483 type=greenslime pos=154,153,16 hp=721
living id=2484 type=spider pos=168,186,16 hp=710
living id=2485 type=greenslime pos=171,5,16 hp=618
living id=2486 type=greenslime pos=139,37,16 hp=675
living id=2487 type=greenslime pos=17,117,16 hp=740
living id=2488 type=spider pos=59,103,16 hp=727
living id=2489 type=spider pos=190,29,16 hp=599
living id=2490 type=greenslime pos=91,181,16 hp=598
living id=2491 type=greenslime pos=69,152,16 hp=675
living id=2492 type=spider pos=109,190,16 hp=744
living id=2493 type=greenslime pos=196,70,16 hp=767
living id=2494 type=greenslime pos=104,47,16 hp=733
living id=2495 type=spider pos=69,41,16 hp=806
living id=2496 type=greenslime pos=84,38,16 hp=631
living id=2497 type=spider pos=98,70,16 hp=787
living id=2498 type=greenslime pos=165,150,16 hp=674
living id=2499 type=spider pos=113,191,16 hp=768
living id=2500 type=greenslime pos=108,109,16 hp=598
living id=2501 type=spider pos=116,119,16 hp=601
living id=2502 type=greenslime pos=116,196,16 hp=598
living id=2503 type=spider pos=52,4,16 hp=715
living id=2504 type=greenslime pos=143,133,16 hp=647
living id=2505 type=greenslime pos=116,23,16 hp=623
living id=2506 type=spider pos=1,3,16 hp=673
living id=2507 type=greenslime pos=154,116,16 hp=801
living id=2508 type=spider pos=170,143,16 hp=815
living id=2509 type=greenslime pos=49,12,16 hp=693
living id=2510 type=spider pos=159,174,16 hp=763
living id=2511 type=spider pos=83,60,16 hp=639
living id=2512 type=spider pos=143,136,16 hp=603
living id=2513 type=spider pos=123,147,16 hp=793
living id=2514 type=greenslime pos=55,1,16 hp=720
living id=2515 type=greenslime pos=68,41,16 hp=654
living id=2516 type=greenslime pos=94,170,16 hp=638
living id=2517 type=greenslime pos=80,173,16 hp=730
living id=2518 type=greenslime pos=4,107,16 hp=759
living id=2519 type=spider pos=184,155,16 hp=684
living id=2520 type=spider pos=74,197,16 hp=666
living id=2521 type=greenslime pos=19,189,16 hp=741
living id=2522 type=spider pos=49,178,16 hp=812
living id=2523 type=spider pos=197,126,16 hp=631
living id=2524 type=greenslime pos=27,151,16 hp=669
living id=2525 type=greenslime pos=87,118,16 hp=607
living id=2526 type=spider pos=153,13,16 hp=767
living id=2527 type=greenslime pos=85,193,16 hp=801
living id=2528 type=spider pos=157,86,16 hp=670
living id=2529 type=greenslime pos=46,118,16 hp=703
living id=2530 type=spider pos=196,128,16 hp=810
living id=2531 type=spider pos=189,155,16 hp=794
living id=2532 type=spider pos=59,131,16 hp=726
living id=2533 type=spider pos=176,164,16 hp=665
living id=2534 type=greenslime pos=106,153,16 hp=609
living id=2535 type=greenslime pos=97,57,16 hp=785
living id=2536 type=greenslime pos=171,75,16 hp=695
living id=2537 type=spider pos=178,81,16 hp=607
living id=2538 type=spider pos=134,4,16 hp=656
living id=2539 type=spider pos=38,22,16 hp=811
living id=2540 type=spider pos=167,125,16 hp=712
living id=2541 type=spider pos=137,58,16 hp=689
living id=2542 type=spider pos=174,172,16 hp=659
living id=2543 type=spider pos=144,80,16 hp=723
living id=2544 type=spider pos=192,87,16 hp=684
living id=2545 type=spider pos=5,53,16 hp=760
living id=2546 type=greenslime pos=49,7,16 hp=601
living id=2547 type=greenslime pos=63,185,16 hp=770
living id=2548 type=spider pos=136,93,16 hp=794
living id=2549 type=greenslime pos=72,35,16 hp=744
living id=2550 type=spider pos=121,156,16 hp=658
living id=2551 type=greenslime pos=166,49,16 hp=599
living id=2552 type=greenslime pos=84,22,16 hp=780
living id=2553 type=greenslime pos=5,121,16 hp=772
living id=2554 type=greenslime pos=193,124,16 hp=772
living id=2555 type=spider pos=151,55,16 hp=695
living id=2556 type=greenslime pos=96,87,16 hp=738
living id=2557 type=spider pos=103,3,16 hp=708
living id=2558 type=spider pos=194,4,16 hp=721
living id=2559 type=greenslime pos=4,127,16 hp=714
living id=2560 type=spider pos=81,15,16 hp=621
living id=2561 type=spider pos=190,131,16 hp=620
living id=2562 type=greenslime pos=145,133,16 hp=616
living id=2563 type=spider pos=168,58,16 hp=784
living id=2564 type=greenslime pos=142,121,16 hp=598
living id=2565 type=spider pos=111,117,16 hp=643
living id=2566 type=spider pos=59,191,16 hp=804
living id=2567 type=spider pos=39,189,16 hp=731
living id=2568 type=greenslime pos=88,162,16 hp=627
living id=2569 type=greenslime pos=120,51,16 hp=731
living id=2570 type=spider pos=122,14,16 hp=754
living id=2571 type=greenslime pos=55,158,16 hp=762
living id=2572 type=greenslime pos=150,101,16 hp=728
living id=2573 type=spider pos=92,48,16 hp=638
living id=2574 type=spider pos=112,80,16 hp=816
living id=2575 type=greenslime pos=81,122,16 hp=632
living id=2576 type=spider pos=177,56,16 hp=602
living id=2577 type=greenslime pos=115,55,16 hp=766
living id=2578 type=spider pos=184,109,16 hp=809
living id=2579 type=spider pos=51,102,16 hp=678
living id=2580 type=greenslime pos=19,14,16 hp=635
living id=2581 type=spider pos=98,150,16 hp=798
living id=2582 type=spider pos=46,133,16 hp=687
living id=2583 type=greenslime pos=106,41,16 hp=783
living id=2584 type=greenslime pos=133,123,16 hp=765
living id=2585 type=spider pos=22,88,16 hp=647
living id=2586 type=greenslime pos=56,19,16 hp=617
living id=2587 type=greenslime pos=143,53,16 hp=630
living id=2588 type=spider pos=74,182,16 hp=681
living id=2589 type=greenslime pos=134,162,16 hp=680
living id=2590 type=spider pos=30,103,16 hp=818
living id=2591 type=greenslime pos=102,114,16 hp=630
living id=2592 type=spider pos=17,119,16 hp=805
living id=2593 type=spider pos=84,80,16 hp=669
living id=2594 type=greenslime pos=50,90,16 hp=608
living id=2595 type=spider pos=191,106,16 hp=629
living id=2596 type=spider pos=143,88,16 hp=656
living id=2597 type=spider pos=54,52,16 hp=720
living id=2598 type=spider pos=123,125,16 hp=679
living id=2599 type=greenslime pos=120,185,16 hp=732
living id=2600 type=greenslime pos=64,42,16 hp=781
living id=2601 type=spider pos=90,17,16 hp=707
living id=2602 type=greenslime pos=121,82,16 hp=657
living id=2603 type=greenslime pos=52,179,16 hp=625
living id=2604 type=greenslime pos=194,35,16 hp=608
living id=2605 type=spider pos=92,163,16 hp=717
living id=2606 type=greenslime pos=68,174,16 hp=691
living id=2607 type=greenslime pos=164,191,16 hp=768
living id=2608 type=greenslime pos=186,4,16 hp=690
living id=2609 type=greenslime pos=41,26,16 hp=666
living id=2610 type=greenslime pos=109,168,16 hp=648
living id=2611 type=greenslime pos=154,87,16 hp=739
living id=2612 type=spider pos=135,163,16 hp=758
living id=2613 type=spider pos=175,121,16 hp=683
living id=2614 type=spider pos=86,101,16 hp=605
living id=2615 type=greenslime pos=112,146,16 hp=613
living id=2616 type=spider pos=182,81,16 hp=688
living id=2617 type=greenslime pos=184,111,16 hp=706
living id=2618 type=spider pos=67,40,16 hp=763
living id=2619 type=spider pos=121,12,16 hp=750
living id=2620 type=spider pos=114,100,16 hp=691
living id=2621 type=greenslime pos=183,3,16 hp=682
living id=2622 type=spider pos=119,148,16 hp=771
living id=2623 type=greenslime pos=139,169,16 hp=622
living id=2624 type=spider pos=125,49,16 hp=713
living id=2625 type=spider pos=150,193,16 hp=822
living id=2626 type=greenslime pos=177,81,16 hp=622
living id=2627 type=spider pos=3,192,16 hp=793
living id=2628 type=greenslime pos=115,118,16 hp=754
living id=2629 type=spider pos=89,28,16 hp=780
living id=2630 type=spider pos=53,10,16 hp=767
living id=2631 type=spider pos=133,185,16 hp=740
living id=2632 type=greenslime pos=35,22,16 hp=660
living id=2633 type=greenslime pos=81,37,16 hp=660
living id=2634 type=spider pos=148,38,16 hp=717
living id=2635 type=spider pos=27,152,16 hp=671
living id=2636 type=greenslime pos=165,168,16 hp=679
living id=2637 type=spider pos=38,23,16 hp=671
living id=2638 type=spider pos=79,104,16 hp=670
living id=2639 type=spider pos=102,48,16 hp=617
living id=2640 type=greenslime pos=153,188,16 hp=632
living id=2641 type=spider pos=65,135,16 hp=815
living id=2642 type=spider pos=68,125,16 hp=615
living id=2643 type=greenslime pos=38,31,16 hp=684
living id=2644 type=spider pos=194,174,16 hp=735
living id=2645 type=spider pos=154,103,16 hp=806
living id=2646 type=greenslime pos=121,71,16 hp=754
living id=2647 type=spider pos=145,199,16 hp=678
living id=2648 type=spider pos=93,25,16 hp=781
living id=2649 type=spider pos=182,18,16 hp=615
living id=2650 type=greenslime pos=95,107,16 hp=631
living id=2651 type=spider pos=26,171,16 hp=739
living id=2652 type=spider pos=149,59,16 hp=631
living id=2653 type=spider pos=136,197,16 hp=695
living id=2654 type=spider pos=165,185,16 hp=696
living id=2655 type=greenslime pos=50,135,16 hp=752
living id=2656 type=greenslime pos=8,127,16 hp=622
living id=2657 type=greenslime pos=21,142,16 hp=696
living id=2658 type=spider pos=136,191,16 hp=712
living id=2659 type=spider pos=23,175,16 hp=754
living id=2660 type=greenslime pos=138,50,16 hp=782
living id=2661 type=spider pos=38,28,16 hp=792
living id=2662 type=greenslime pos=135,60,16 hp=646
living id=2663 type=spider pos=119,40,16 hp=731
living id=2664 type=greenslime pos=108,188,16 hp=623
living id=2665 type=spider pos=133,112,16 hp=736
living id=2666 type=greenslime pos=190,29,16 hp=716
living id=2667 type=greenslime pos=148,58,16 hp=787
living id=2668 type=greenslime pos=63,170,16 hp=637
living id=2669 type=spider pos=44,99,16 hp=653
living id=2670 type=greenslime pos=21,155,16 hp=603
living id=2671 type=spider pos=67,166,16 hp=696
living id=2672 type=greenslime pos=120,143,16 hp=719
living id=2673 type=spider pos=130,13,16 hp=605
living id=2674 type=spider pos=77,171,16 hp=600
living id=2675 type=spider pos=120,196,16 hp=608
living id=2676 type=greenslime pos=54,11,16 hp=682
living id=2677 type=spider pos=103,110,16 hp=808
living id=2678 type=greenslime pos=179,44,16 hp=687
living id=2679 type=greenslime pos=150,185,16 hp=676
living id=2680 type=greenslime pos=192,75,16 hp=648
living id=2681 type=spider pos=59,196,16 hp=798
living id=2682 type=greenslime pos=83,103,16 hp=620
living id=2683 type=greenslime pos=150,43,16 hp=632
living id=2684 type=spider pos=107,30,16 hp=743
living id=2685 type=greenslime pos=14,192,16 hp=691
living id=2686 type=spider pos=135,155,16 hp=691
living id=2687 type=spider pos=81,94,16 hp=644
living id=2688 type=greenslime pos=177,122,16 hp=603
living id=2689 type=greenslime pos=128,61,16 hp=647
living id=2690 type=greenslime pos=70,117,16 hp=770
living id=2691 type=greenslime pos=186,127,16 hp=698
living id=2692 type=greenslime pos=101,146,16 hp=784
living id=2693 type=greenslime pos=178,84,16 hp=613
living id=2694 type=greenslime pos=46,186,16 hp=645
living id=2695 type=spider pos=52,90,16 hp=802
living id=2696 type=greenslime pos=15,9,16 hp=670
living id=2697 type=greenslime pos=27,11,16 hp=692
living id=2698 type=spider pos=37,34,16 hp=615
living id=2699 type=greenslime pos=155,117,16 hp=623
living id=2700 type=spider pos=189,146,16 hp=822
living id=2701 type=spider pos=5,108,16 hp=669
living id=2702 type=spider pos=193,4,16 hp=675
living id=2703 type=spider pos=86,159,16 hp=599
living id=2704 type=spider pos=171,42,16 hp=699
living id=2705 type=spider pos=78,167,16 hp=643
living id=2706 type=greenslime pos=176,90,16 hp=787
living id=2707 type=greenslime pos=116,80,16 hp=614
living id=2708 type=spider pos=99,159,16 hp=638
living id=2709 type=greenslime pos=175,154,16 hp=803
living id=2710 type=greenslime pos=182,195,16 hp=772
living id=2711 type=spider pos=192,168,16 hp=672
living id=2712 type=greenslime pos=38,22,16 hp=643
living id=2713 type=spider pos=190,130,16 hp=696
living id=2714 type=spider pos=76,40,16 hp=733
living id=2715 type=spider pos=23,18,16 hp=756
living id=2716 type=greenslime pos=79,3,16 hp=747
living id=2717 type=spider pos=180,167,16 hp=702
living id=2718 type=spider pos=167,148,16 hp=689
living id=2719 type=greenslime pos=59,172,16 hp=604
living id=2720 type=greenslime pos=180,60,16 hp=636
living id=2721 type=greenslime pos=177,176,16 hp=705
living id=2722 type=spider pos=146,128,16 hp=776
living id=2723 type=spider pos=23,177,16 hp=681
living id=2724 type=greenslime pos=137,135,16 hp=760
living id=2725 type=spider pos=194,121,16 hp=619
living id=2726 type=spider pos=97,68,16 hp=734
living id=2727 type=spider pos=117,108,16 hp=800
living id=2728 type=greenslime pos=198,53,16 hp=718
living id=2729 type=spider pos=115,151,16 hp=666
living id=2730 type=greenslime pos=198,137,16 hp=755
living id=2731 type=spider pos=107,185,16 hp=822
living id=2732 type=greenslime pos=123,54,16 hp=726
living id=2733 type=spider pos=133,111,16 hp=609
living id=2734 type=greenslime pos=86,55,16 hp=732
living id=2735 type=spider pos=34,24,16 hp=687
living id=2736 type=greenslime pos=196,106,16 hp=760
living id=2737 type=greenslime pos=174,130,16 hp=802
living id=2738 type=spider pos=197,99,16 hp=818
living id=2739 type=greenslime pos=165,21,16 hp=792
living id=2740 type=spider pos=21,148,16 hp=598
living id=2741 type=spider pos=138,163,16 hp=657
living id=2742 type=spider pos=170,162,16 hp=652
living id=2743 type=greenslime pos=128,20,16 hp=598
living id=2744 type=greenslime pos=7,25,16 hp=739
living id=2745 type=spider pos=40,48,16 hp=785
living id=2746 type=spider pos=115,31,16 hp=637
living id=2747 type=greenslime pos=182,69,16 hp=758
living id=2748 type=greenslime pos=137,92,16 hp=717
living id=2749 type=spider pos=72,40,16 hp=788
living id=2750 type=greenslime pos=71,5,16 hp=660
living id=2751 type=spider pos=135,127,16 hp=819
living id=2752 type=spider pos=66,50,16 hp=597
living id=2753 type=greenslime pos=181,151,16 hp=691
living id=2754 type=spider pos=192,76,16 hp=605
living id=2755 type=spider pos=66,177,16 hp=633
living id=2756 type=greenslime pos=80,45,16 hp=763
living id=2757 type=spider pos=75,178,16 hp=742
living id=2758 type=spider pos=87,110,16 hp=725
living id=2759 type=spider pos=28,100,16 hp=667
living id=2760 type=spider pos=13,95,16 hp=669
living id=2761 type=greenslime pos=34,149,16 hp=637
living id=2762 type=spider pos=192,3,16 hp=787
living id=2763 type=greenslime pos=158,24,16 hp=748
living id=2764 type=spider pos=137,29,16 hp=649
living id=2765 type=spider pos=108,177,16 hp=823
living id=2766 type=greenslime pos=178,90,16 hp=742
living id=2767 type=spider pos=172,78,16 hp=709
living id=2768 type=greenslime pos=5,40,16 hp=712
living id=2769 type=greenslime pos=68,92,16 hp=709
living id=2770 type=greenslime pos=86,189,16 hp=656
living id=2771 type=spider pos=97,193,16 hp=664
living id=2772 type=greenslime pos=102,109,16 hp=754
living id=2773 type=spider pos=159,162,16 hp=806
living id=2774 type=spider pos=121,12,16 hp=719
living id=2775 type=spider pos=163,156,16 hp=721
living id=2776 type=greenslime pos=71,29,16 hp=775
living id=2777 type=spider pos=120,15,16 hp=823
living id=2778 type=greenslime pos=64,100,16 hp=606
living id=2779 type=greenslime pos=104,59,16 hp=795
living id=2780 type=spider pos=145,145,16 hp=731
living id=2781 type=spider pos=151,77,16 hp=723
living id=2782 type=greenslime pos=115,182,16 hp=607
living id=2783 type=greenslime pos=83,193,16 hp=758
living id=2784 type=spider pos=98,5,16 hp=719
living id=2785 type=greenslime pos=77,135,16 hp=628
living id=2786 type=spider pos=80,5,16 hp=745
living id=2787 type=greenslime pos=48,10,16 hp=618
living id=2788 type=spider pos=115,196,16 hp=742
living id=2789 type=spider pos=32,6,16 hp=784
living id=2790 type=greenslime pos=108,174,16 hp=629
living id=2791 type=greenslime pos=181,166,16 hp=739
living id=2792 type=greenslime pos=113,47,16 hp=633
living id=2793 type=greenslime pos=173,158,16 hp=660
living id=2794 type=greenslime pos=193,5,16 hp=678
living id=2795 type=giantspider pos=185,72,16 hp=1029
living id=2796 type=giantspider pos=99,130,16 hp=916
living id=2797 type=giantspider pos=96,190,16 hp=890
living id=2798 type=giantspider pos=166,156,16 hp=877
living id=2799 type=giantspider pos=86,146,16 hp=941
living id=2800 type=giantspider pos=135,149,16 hp=976
living id=2801 type=giantspider pos=45,173,16 hp=1008
living id=2802 type=giantspider pos=46,168,16 hp=878
living id=2803 type=giantspider pos=179,26,16 hp=1017
living id=2804 type=giantspider pos=120,115,16 hp=1115
living id=2805 type=giantspider pos=23,89,16 hp=1037
living id=2806 type=giantspider pos=13,146,16 hp=900
living id=2807 type=giantspider pos=135,154,16 hp=1028
living id=2808 type=giantspider pos=138,163,16 hp=1046
living id=2809 type=giantspider pos=196,138,16 hp=899
living id=2810 type=giantspider pos=123,31,16 hp=1137
living id=2811 type=giantspider pos=133,164,16 hp=1051
living id=2812 type=giantspider pos=141,66,16 hp=984
living id=2813 type=giantspider pos=22,167,16 hp=976
living id=2814 type=giantspider pos=135,4,16 hp=1001
living id=2815 type=giantspider pos=89,1,16 hp=894
living id=2816 type=giantspider pos=10,17,16 hp=910
living id=2817 type=giantspider pos=11,86,16 hp=864
living id=2818 type=giantspider pos=159,92,16 hp=894
living id=2819 type=giantspider pos=193,173,16 hp=883
living id=2820 type=giantspider pos=50,123,16 hp=1018
living id=2821 type=giantspider pos=37,140,16 hp=983
living id=2822 type=giantspider pos=163,12,16 hp=1028
living id=2823 type=giantspider pos=111,124,16 hp=1110
living id=2824 type=giantspider pos=59,119,16 hp=902
living id=2825 type=giantspider pos=29,30,16 hp=1042
living id=2826 type=giantspider pos=115,105,16 hp=1022
living id=2827 type=giantspider pos=175,68,16 hp=866
living id=2828 type=giantspider pos=97,17,16 hp=1004
living id=2829 type=giantspider pos=106,59,16 hp=892
living id=2830 type=giantspider pos=165,88,16 hp=1121
living id=2831 type=giantspider pos=7,85,16 hp=907
living id=2832 type=giantspider pos=93,113,16 hp=918
living id=2833 type=giantspider pos=24,7,16 hp=1058
living id=2834 type=giantspider pos=53,3,16 hp=1066
living id=2835 type=giantspider pos=68,52,16 hp=1121
living id=2836 type=giantspider pos=116,5,16 hp=1112
living id=2837 type=giantspider pos=84,189,16 hp=1012
living id=2838 type=giantspider pos=66,102,16 hp=1064
living id=2839 type=giantspider pos=167,167,16 hp=899
living id=2840 type=giantspider pos=69,36,16 hp=1127
living id=2841 type=giantspider pos=139,48,16 hp=1006
living id=2842 type=giantspider pos=132,70,16 hp=894
living id=2843 type=giantspider pos=163,69,16 hp=886
living id=2844 type=giantspider pos=31,133,16 hp=881
living id=2845 type=giantspider pos=119,135,16 hp=873
living id=2846 type=giantspider pos=151,178,16 hp=1032
living id=2847 type=giantspider pos=36,29,16 hp=1010
living id=2848 type=giantspider pos=116,102,16 hp=1110
living id=2849 type=giantspider pos=114,81,16 hp=917
living id=2850 type=giantspider pos=29,25,16 hp=881
living id=2851 type=giantspider pos=108,191,16 hp=939
living id=2852 type=giantspider pos=107,192,16 hp=854
living id=2853 type=giantspider pos=109,166,16 hp=1143
living id=2854 type=giantspider pos=52,191,16 hp=918
living id=2855 type=giantspider pos=163,47,16 hp=978
living id=2856 type=giantspider pos=185,4,16 hp=1135
living id=2857 type=giantspider pos=53,109,16 hp=1099
living id=2858 type=giantspider pos=36,132,16 hp=1089
living id=2859 type=giantspider pos=187,65,16 hp=911
living id=2860 type=giantspider pos=157,189,16 hp=1147
living id=2861 type=giantspider pos=79,168,16 hp=867
living id=2862 type=giantspider pos=181,187,16 hp=1014
living id=2863 type=giantspider pos=151,73,16 hp=991
living id=2864 type=giantspider pos=73,11,16 hp=1076
living id=2865 type=giantspider pos=35,128,16 hp=934
living id=2866 type=giantspider pos=107,186,16 hp=1120
living id=2867 type=giantspider pos=195,4,16 hp=1098
living id=2868 type=giantspider pos=20,194,16 hp=876
living id=2869 type=giantspider pos=4,132,16 hp=1133
living id=2870 type=giantspider pos=151,16,16 hp=1093
living id=2871 type=giantspider pos=164,52,16 hp=1084
living id=2872 type=giantspider pos=89,6,16 hp=1055
living id=2873 type=giantspider pos=52,139,16 hp=1116
living id=2874 type=giantspider pos=154,88,16 hp=900
living id=2875 type=giantspider pos=126,31,16 hp=1047
living id=2876 type=giantspider pos=20,23,16 hp=975
living id=2877 type=giantspider pos=133,4,16 hp=1039
living id=2878 type=giantspider pos=57,128,16 hp=916
living id=2879 type=giantspider pos=106,12,16 hp=885
living id=2880 type=giantspider pos=164,50,16 hp=987
living id=2881 type=giantspider pos=7,6,16 hp=997
living id=2882 type=giantspider pos=195,25,16 hp=1107
living id=2883 type=giantspider pos=44,168,16 hp=882
living id=2884 type=giantspider pos=140,165,16 hp=1004
living id=2885 type=giantspider pos=45,121,16 hp=1067
living id=2886 type=giantspider pos=73,98,16 hp=907
living id=2887 type=giantspider pos=10,18,16 hp=852
living id=2888 type=giantspider pos=36,118,16 hp=1090
living id=2889 type=giantspider pos=183,37,16 hp=910
living id=2890 type=giantspider pos=1,178,16 hp=996
living id=2891 type=giantspider pos=113,127,16 hp=1007
living id=2892 type=giantspider pos=189,26,16 hp=1068
living id=2893 type=giantspider pos=80,56,16 hp=876
living id=2894 type=giantspider pos=132,29,16 hp=1031
living id=2895 type=giantspider pos=55,157,16 hp=931
living id=2896 type=giantspider pos=45,149,16 hp=1030
living id=2897 type=giantspider pos=185,145,16 hp=983
living id=2898 type=giantspider pos=119,115,16 hp=932
living id=2899 type=giantspider pos=95,6,16 hp=969
living id=2900 type=giantspider pos=60,162,16 hp=1081
living id=2901 type=giantspider pos=167,125,16 hp=924
living id=2902 type=giantspider pos=114,164,16 hp=970
living id=2903 type=giantspider pos=163,153,16 hp=941
living id=2904 type=giantspider pos=71,177,16 hp=929
living id=2905 type=giantspider pos=118,2,16 hp=1070
living id=2906 type=giantspider pos=180,61,16 hp=968
living id=2907 type=giantspider pos=188,76,16 hp=1041
living id=2908 type=giantspider pos=167,82,16 hp=870
living id=2909 type=giantspider pos=62,147,16 hp=1124
living id=2910 type=giantspider pos=30,132,16 hp=920
living id=2911 type=giantspider pos=76,170,16 hp=1057
living id=2912 type=giantspider pos=92,103,16 hp=1033
living id=2913 type=giantspider pos=85,38,16 hp=992
living id=2914 type=giantspider pos=117,23,16 hp=868
living id=2915 type=giantspider pos=47,160,16 hp=1078
living id=2916 type=giantspider pos=47,192,16 hp=1069
living id=2917 type=giantspider pos=119,47,16 hp=908
living id=2918 type=giantspider pos=171,191,16 hp=987
living id=2919 type=giantspider pos=50,114,16 hp=923
living id=2920 type=giantspider pos=26,17,16 hp=1074
living id=2921 type=giantspider pos=139,134,16 hp=1054
living id=2922 type=giantspider pos=97,157,16 hp=994
living id=2923 type=giantspider pos=104,165,16 hp=935
living id=2924 type=giantspider pos=90,166,16 hp=977
living id=2925 type=giantspider pos=16,86,16 hp=1039
living id=2926 type=giantspider pos=135,93,16 hp=1012
living id=2927 type=giantspider pos=81,176,16 hp=986
living id=2928 type=giantspider pos=128,183,16 hp=1084
living id=2929 type=giantspider pos=186,153,16 hp=888
living id=2930 type=giantspider pos=28,12,16 hp=1047
living id=2931 type=giantspider pos=42,198,16 hp=933
living id=2932 type=giantspider pos=141,50,16 hp=1117
living id=2933 type=giantspider pos=28,109,16 hp=1030
living id=2934 type=giantspider pos=170,88,16 hp=937
living id=2935 type=spiderqueen pos=145,129,16 hp=1661
living id=2936 type=spider pos=66,38,18 hp=647
living id=2937 type=goblinleader pos=49,6,18 hp=1773
living id=2938 type=greenslime pos=148,41,18 hp=620
living id=2939 type=spider pos=23,38,18 hp=597
living id=2940 type=goblin pos=164,24,18 hp=934
living id=2941 type=redslime pos=187,169,18 hp=1095
living id=2942 type=giantspider pos=152,192,18 hp=932
living id=2943 type=spider pos=53,128,18 hp=798
living id=2944 type=greenslime pos=173,15,18 hp=742
living id=2945 type=redslime pos=118,75,18 hp=897
living id=2946 type=greenslime pos=11,125,18 hp=608
living id=2947 type=goblinleader pos=139,40,18 hp=1449
living id=2948 type=redslime pos=136,187,18 hp=1028
living id=2949 type=goblinleader pos=11,108,18 hp=1790
living id=2950 type=goblinleader pos=44,39,18 hp=1830
living id=2951 type=goblinleader pos=96,12,18 hp=1812
living id=2952 type=giantspider pos=114,111,18 hp=1115
living id=2953 type=greenslime pos=150,198,18 hp=649
living id=2954 type=spider pos=25,195,18 hp=674
living id=2955 type=redslime pos=73,133,18 hp=1051
living id=2956 type=redslime pos=98,89,18 hp=862
living id=2957 type=goblin pos=16,121,18 hp=913
living id=2958 type=giantspider pos=84,29,18 hp=860
living id=2959 type=goblinleader pos=191,53,18 hp=1643
living id=2960 type=giantspider pos=69,168,18 hp=959
living id=2961 type=goblinleader pos=154,52,18 hp=1696
living id=2962 type=spider pos=22,103,18 hp=600
living id=2963 type=giantspider pos=167,106,18 hp=1051
living id=2964 type=redslime pos=57,95,18 hp=1111
living id=2965 type=goblin pos=100,109,18 hp=973
living id=2966 type=giantspider pos=136,25,18 hp=1000
living id=2967 type=spider pos=151,161,18 hp=688
living id=2968 type=redslime pos=55,180,18 hp=870
living id=2969 type=goblinleader pos=81,152,18 hp=1689
living id=2970 type=spider pos=161,86,18 hp=635
living id=2971 type=goblin pos=128,129,18 hp=1053
living id=2972 type=redslime pos=132,189,18 hp=937
living id=2973 type=redslime pos=105,155,18 hp=1122
living id=2974 type=goblinleader pos=167,20,18 hp=1988
living id=2975 type=goblin pos=134,186,18 hp=1050
living id=2976 type=redslime pos=16,127,18 hp=1108
living id=2977 type=spider pos=139,39,18 hp=724
living id=2978 type=giantspider pos=67,133,18 hp=1070
living id=2979 type=spider pos=25,107,18 hp=615
living id=2980 type=goblinleader pos=92,174,18 hp=1514
living id=2981 type=spider pos=100,56,18 hp=601
living id=2982 type=spider pos=153,191,18 hp=692
living id=2983 type=redslime pos=108,15,18 hp=1023
living id=2984 type=greenslime pos=124,175,18 hp=635
living id=2985 type=giantspider pos=19,112,18 hp=1090
living id=2986 type=goblin pos=91,56,18 hp=869
living id=2987 type=goblinleader pos=107,120,18 hp=1472
living id=2988 type=redslime pos=11,41,18 hp=1107
living id=2989 type=redslime pos=117,178,18 hp=978
living id=2990 type=goblinleader pos=12,3,18 hp=1842
living id=2991 type=goblinleader pos=150,180,18 hp=2015
living id=2992 type=spider pos=12,10,18 hp=719
living id=2993 type=redslime pos=125,150,18 hp=963
living id=2994 type=redslime pos=120,153,18 hp=1069
living id=2995 type=goblinleader pos=69,43,18 hp=1772
living id=2996 type=giantspider pos=92,145,18 hp=885
living id=2997 type=greenslime pos=109,51,18 hp=760
living id=2998 type=spider pos=17,0,18 hp=675
living id=2999 type=greenslime pos=94,12,18 hp=649
living id=3000 type=redslime pos=182,72,18 hp=1106
living id=3001 type=redslime pos=186,175,18 hp=892
living id=3002 type=redslime pos=5,151,18 hp=928
living id=3003 type=goblinleader pos=175,100,18 hp=1890
living id=3004 type=giantspider pos=156,106,18 hp=916
living id=3005 type=goblinleader pos=124,174,18 hp=1458
living id=3006 type=goblinleader pos=126,131,18 hp=1506
living id=3007 type=spider pos=53,160,18 hp=663
living id=3008 type=greenslime pos=182,18,18 hp=629
living id=3009 type=greenslime pos=55,154,18 hp=612
living id=3010 type=goblinleader pos=162,67,18 hp=1817
living id=3011 type=goblin pos=51,9,18 hp=868
living id=3012 type=goblin pos=24,130,18 hp=1009
living id=3013 type=goblin pos=83,175,18 hp=1095
living id=3014 type=goblinleader pos=2,191,18 hp=1437
living id=3015 type=redslime pos=110,111,18 hp=1076
living id=3016 type=goblinleader pos=16,123,18 hp=1761
living id=3017 type=giantspider pos=17,158,18 hp=924
living id=3018 type=spider pos=159,85,18 hp=796
living id=3019 type=goblin pos=95,119,18 hp=861
living id=3020 type=goblinleader pos=110,160,18 hp=1752
living id=3021 type=goblinleader pos=84,118,18 hp=1797
living id=3022 type=redslime pos=176,11,18 hp=970
living id=3023 type=redslime pos=67,87,18 hp=875
living id=3024 type=goblin pos=53,151,18 hp=1039
living id=3025 type=goblinleader pos=117,93,18 hp=1558
living id=3026 type=greenslime pos=51,105,18 hp=786
living id=3027 type=goblin pos=121,10,18 hp=1082
living id=3028 type=goblin pos=68,173,18 hp=1024
living id=3029 type=giantspider pos=169,104,18 hp=875
living id=3030 type=goblinleader pos=99,155,18 hp=1681
living id=3031 type=giantspider pos=157,28,18 hp=1004
living id=3032 type=goblinleader pos=21,112,18 hp=1707
living id=3033 type=greenslime pos=73,157,18 hp=773
living id=3034 type=redslime pos=81,181,18 hp=1116
living id=3035 type=redslime pos=119,79,18 hp=972
living id=3036 type=redslime pos=117,96,18 hp=918
living id=3037 type=goblinleader pos=56,191,18 hp=1409
living id=3038 type=giantspider pos=101,111,18 hp=1027
living id=3039 type=greenslime pos=82,174,18 hp=658
living id=3040 type=goblinleader pos=133,68,18 hp=1590
living id=3041 type=redslime pos=184,74,18 hp=1064
living id=3042 type=goblinleader pos=119,92,18 hp=1725
living id=3043 type=goblin pos=124,3,18 hp=867
living id=3044 type=greenslime pos=162,180,18 hp=703
living id=3045 type=goblin pos=115,110,18 hp=1131
living id=3046 type=goblinleader pos=168,138,18 hp=1510
living id=3047 type=redslime pos=6,106,18 hp=1059
living id=3048 type=redslime pos=121,3,18 hp=1095
living id=3049 type=goblinleader pos=47,19,18 hp=1495
living id=3050 type=goblinleader pos=66,12,18 hp=1563
living id=3051 type=greenslime pos=68,149,18 hp=716
living id=3052 type=giantspider pos=101,132,18 hp=1052
living id=3053 type=greenslime pos=171,136,18 hp=801
living id=3054 type=goblin pos=97,114,18 hp=1073
living id=3055 type=spider pos=33,104,18 hp=790
living id=3056 type=giantspider pos=154,131,18 hp=970
living id=3057 type=greenslime pos=101,133,18 hp=608
living id=3058 type=goblin pos=115,147,18 hp=1027
living id=3059 type=spider pos=165,156,18 hp=799
living id=3060 type=greenslime pos=130,9,18 hp=642
living id=3061 type=goblin pos=99,13,18 hp=908
living id=3062 type=redslime pos=157,87,18 hp=987
living id=3063 type=goblinleader pos=113,84,18 hp=1464
living id=3064 type=giantspider pos=58,135,18 hp=889
living id=3065 type=spider pos=196,52,18 hp=752
living id=3066 type=goblin pos=189,19,18 hp=939
living id=3067 type=redslime pos=115,176,18 hp=1119
living id=3068 type=goblin pos=163,173,18 hp=989
living id=3069 type=spider pos=38,147,18 hp=690
living id=3070 type=spider pos=149,107,18 hp=714
living id=3071 type=goblinleader pos=194,101,18 hp=1408
living id=3072 type=spider pos=87,25,18 hp=823
living id=3073 type=goblin pos=129,46,18 hp=1031
living id=3074 type=giantspider pos=185,73,18 hp=879
living id=3075 type=goblinleader pos=38,107,18 hp=1882
living id=3076 type=goblin pos=191,108,18 hp=877
living id=3077 type=greenslime pos=81,61,18 hp=729
living id=3078 type=goblinleader pos=158,65,18 hp=1863
living id=3079 type=giantspider pos=47,39,18 hp=885
living id=3080 type=goblin pos=7,112,18 hp=854
living id=3081 type=greenslime pos=168,136,18 hp=723
living id=3082 type=goblin pos=51,154,18 hp=1149
living id=3083 type=redslime pos=100,120,18 hp=949
living id=3084 type=spider pos=23,20,18 hp=705
living id=3085 type=goblinleader pos=191,141,18 hp=1519
living id=3086 type=redslime pos=157,64,18 hp=935
living id=3087 type=redslime pos=104,41,18 hp=1145
living id=3088 type=redslime pos=190,96,18 hp=855
living id=3089 type=goblin pos=71,42,18 hp=909
living id=3090 type=redslime pos=84,30,18 hp=1114
living id=3091 type=goblinleader pos=169,3,18 hp=1611
living id=3092 type=redslime pos=48,180,18 hp=924
living id=3093 type=spider pos=91,133,18 hp=696
living id=3094 type=redslime pos=64,105,18 hp=954
living id=3095 type=goblin pos=136,24,18 hp=972
living id=3096 type=greenslime pos=85,43,18 hp=733
living id=3097 type=goblinleader pos=90,152,18 hp=1829
living id=3098 type=spider pos=176,42,18 hp=603
living id=3099 type=giantspider pos=188,171,18 hp=981
living id=3100 type=goblinleader pos=173,74,18 hp=1512
living id=3101 type=goblinleader pos=176,71,18 hp=1711
living id=3102 type=spider pos=172,184,18 hp=729
living id=3103 type=giantspider pos=120,155,18 hp=884
living id=3104 type=redslime pos=68,44,18 hp=901
living id=3105 type=goblin pos=89,89,18 hp=1075
living id=3106 type=redslime pos=37,134,18 hp=970
living id=3107 type=goblin pos=84,104,18 hp=1082
living id=3108 type=greenslime pos=166,151,18 hp=668
living id=3109 type=goblin pos=98,81,18 hp=987
living id=3110 type=goblin pos=136,25,18 hp=1019
living id=3111 type=goblinleader pos=3,142,18 hp=1609
living id=3112 type=greenslime pos=66,81,18 hp=709
living id=3113 type=spider pos=55,106,18 hp=762
living id=3114 type=greenslime pos=136,105,18 hp=719
living id=3115 type=redslime pos=14,5,18 hp=1051
living id=3116 type=goblin pos=191,41,18 hp=995
living id=3117 type=goblinleader pos=186,98,18 hp=1444
living id=3118 type=greenslime pos=167,3,18 hp=616
living id=3119 type=giantspider pos=153,79,18 hp=869
living id=3120 type=giantspider pos=87,181,18 hp=1141
living id=3121 type=goblinleader pos=105,40,18 hp=1584
living id=3122 type=goblin pos=158,153,18 hp=949
living id=3123 type=greenslime pos=88,197,18 hp=618
living id=3124 type=redslime pos=144,39,18 hp=1098
living id=3125 type=goblin pos=116,63,18 hp=1073
living id=3126 type=greenslime pos=167,179,18 hp=620
living id=3127 type=goblinleader pos=128,51,18 hp=1422
living id=3128 type=spider pos=186,18,18 hp=777
living id=3129 type=greenslime pos=96,140,18 hp=673
living id=3130 type=goblin pos=191,132,18 hp=1102
living id=3131 type=spider pos=37,132,18 hp=763
living id=3132 type=greenslime pos=150,40,18 hp=604
living id=3133 type=giantspider pos=18,119,18 hp=887
living id=3134 type=goblinleader pos=170,13,18 hp=1459
living id=3135 type=spider pos=68,157,18 hp=625
living id=3136 type=greenslime pos=119,37,18 hp=757
living id=3137 type=redslime pos=64,38,18 hp=1028
living id=3138 type=goblin pos=98,111,18 hp=1093
living id=3139 type=spider pos=1,122,18 hp=732
living id=3140 type=giantspider pos=124,8,18 hp=958
living id=3141 type=redslime pos=157,46,18 hp=887
living id=3142 type=greenslime pos=191,127,18 hp=608
living id=3143 type=greenslime pos=36,143,18 hp=766
living id=3144 type=giantspider pos=39,137,18 hp=1038
living id=3145 type=goblin pos=83,104,18 hp=1089
living id=3146 type=goblinleader pos=149,21,18 hp=1754
living id=3147 type=giantspider pos=2,184,18 hp=884
living id=3148 type=redslime pos=148,172,18 hp=870
living id=3149 type=greenslime pos=64,83,18 hp=774
living id=3150 type=giantspider pos=190,22,18 hp=1082
living id=3151 type=giantspider pos=17,118,18 hp=942
living id=3152 type=goblinleader pos=112,173,18 hp=1454
living id=3153 type=greenslime pos=90,148,18 hp=786
living id=3154 type=greenslime pos=176,2,18 hp=685
living id=3155 type=redslime pos=5,107,18 hp=870
living id=3156 type=goblinleader pos=2,124,18 hp=1695
living id=3157 type=goblinleader pos=37,184,18 hp=1551
living id=3158 type=greenslime pos=108,158,18 hp=741
living id=3159 type=redslime pos=110,113,18 hp=981
living id=3160 type=goblinleader pos=63,107,18 hp=1584
living id=3161 type=goblin pos=97,92,18 hp=1033
living id=3162 type=giantspider pos=55,182,18 hp=941
living id=3163 type=redslime pos=159,21,18 hp=1117
living id=3164 type=giantspider pos=75,56,18 hp=1046
living id=3165 type=redslime pos=176,85,18 hp=963
living id=3166 type=giantspider pos=172,11,18 hp=1146
living id=3167 type=spider pos=135,112,18 hp=637
living id=3168 type=spider pos=130,80,18 hp=706
living id=3169 type=spider pos=125,77,18 hp=793
living id=3170 type=greenslime pos=18,194,18 hp=624
living id=3171 type=goblinleader pos=183,35,18 hp=1457
living id=3172 type=redslime pos=86,133,18 hp=1046
living id=3173 type=goblin pos=68,81,18 hp=959
living id=3174 type=redslime pos=43,39,18 hp=1076
living id=3175 type=goblinleader pos=93,120,18 hp=1730
living id=3176 type=giantspider pos=38,15,18 hp=1063
living id=3177 type=goblinleader pos=115,14,18 hp=1679
living id=3178 type=redslime pos=169,104,18 hp=1060
living id=3179 type=goblinleader pos=18,41,18 hp=1782
living id=3180 type=greenslime pos=112,57,18 hp=739
living id=3181 type=goblin pos=111,119,18 hp=906
living id=3182 type=goblin pos=108,119,18 hp=1031
living id=3183 type=goblinleader pos=126,85,18 hp=2009
living id=3184 type=goblin pos=166,9,18 hp=925
living id=3185 type=giantspider pos=176,10,18 hp=1083
living id=3186 type=goblinleader pos=56,190,18 hp=1813
living id=3187 type=greenslime pos=153,136,18 hp=679
living id=3188 type=giantspider pos=100,57,18 hp=1085
living id=3189 type=goblin pos=151,100,18 hp=949
living id=3190 type=goblinleader pos=191,110,18 hp=1620
living id=3191 type=goblinleader pos=159,185,18 hp=1819
living id=3192 type=goblinleader pos=154,113,18 hp=1386
living id=3193 type=redslime pos=100,139,18 hp=994
living id=3194 type=goblin pos=28,41,18 hp=933
living id=3195 type=goblinleader pos=52,152,18 hp=1833
living id=3196 type=goblin pos=137,106,18 hp=1080
living id=3197 type=giantspider pos=13,1,18 hp=896
living id=3198 type=spider pos=37,118,18 hp=770
living id=3199 type=redslime pos=139,136,18 hp=1132
living id=3200 type=goblinleader pos=102,139,18 hp=1770
living id=3201 type=greenslime pos=119,79,18 hp=753
living id=3202 type=goblin pos=169,135,18 hp=963
living id=3203 type=spider pos=51,194,18 hp=725
living id=3204 type=giantspider pos=150,197,18 hp=949
living id=3205 type=spider pos=33,179,18 hp=761
living id=3206 type=redslime pos=186,131,18 hp=960
living id=3207 type=goblin pos=70,42,18 hp=1134
living id=3208 type=spider pos=115,123,18 hp=748
living id=3209 type=giantspider pos=165,40,18 hp=907
living id=3210 type=spider pos=90,177,18 hp=781
living id=3211 type=greenslime pos=136,138,18 hp=608
living id=3212 type=spider pos=93,119,18 hp=719
living id=3213 type=redslime pos=124,81,18 hp=1111
living id=3214 type=spider pos=142,59,18 hp=781
living id=3215 type=goblin pos=171,4,18 hp=1040
living id=3216 type=goblinleader pos=112,122,18 hp=1430
living id=3217 type=goblinleader pos=164,5,18 hp=1747
living id=3218 type=redslime pos=8,96,18 hp=1060
living id=3219 type=goblinleader pos=108,111,18 hp=1910
living id=3220 type=spider pos=155,77,18 hp=781
living id=3221 type=greenslime pos=136,87,18 hp=694
living id=3222 type=goblinleader pos=46,50,18 hp=1585
living id=3223 type=goblinleader pos=110,58,18 hp=1937
living id=3224 type=spider pos=189,182,18 hp=647
living id=3225 type=spider pos=25,86,18 hp=654
living id=3226 type=goblin pos=149,195,18 hp=889
living id=3227 type=goblinleader pos=54,154,18 hp=1413
living id=3228 type=goblinleader pos=83,108,18 hp=1567
living id=3229 type=spider pos=56,101,18 hp=813
living id=3230 type=goblinleader pos=157,41,18 hp=1623
living id=3231 type=redslime pos=23,130,18 hp=885
living id=3232 type=redslime pos=186,19,18 hp=941
living id=3233 type=redslime pos=71,185,18 hp=939
living id=3234 type=goblin pos=93,85,18 hp=996
living id=3235 type=giantspider pos=35,108,18 hp=947
living id=3236 type=goblinleader pos=188,170,18 hp=1491
living id=3237 type=redslime pos=185,99,18 hp=998
living id=3238 type=goblinleader pos=127,46,18 hp=1772
living id=3239 type=redslime pos=168,7,18 hp=1118
living id=3240 type=giantspider pos=23,123,18 hp=892
living id=3241 type=greenslime pos=52,94,18 hp=698
living id=3242 type=greenslime pos=153,106,18 hp=693
living id=3243 type=giantspider pos=55,194,18 hp=913
living id=3244 type=goblin pos=2,159,18 hp=1146
living id=3245 type=goblin pos=109,114,18 hp=1092
living id=3246 type=spider pos=97,116,18 hp=673
living id=3247 type=giantspider pos=181,21,18 hp=1122
living id=3248 type=greenslime pos=95,109,18 hp=615
living id=3249 type=giantspider pos=71,56,18 hp=1021
living id=3250 type=greenslime pos=191,108,18 hp=660
living id=3251 type=giantspider pos=107,95,18 hp=1085
living id=3252 type=redslime pos=114,114,18 hp=913
living id=3253 type=redslime pos=184,73,18 hp=1135
living id=3254 type=giantspider pos=108,63,18 hp=894
living id=3255 type=spider pos=86,118,18 hp=650
living id=3256 type=giantspider pos=25,17,18 hp=934
living id=3257 type=goblinleader pos=179,98,18 hp=1673
living id=3258 type=redslime pos=169,40,18 hp=1114
living id=3259 type=greenslime pos=127,193,18 hp=743
living id=3260 type=redslime pos=48,181,18 hp=1039
living id=3261 type=greenslime pos=89,91,18 hp=706
living id=3262 type=goblin pos=138,110,18 hp=1031
living id=3263 type=giantspider pos=41,14,18 hp=1122
living id=3264 type=greenslime pos=168,130,18 hp=693
living id=3265 type=spider pos=160,178,18 hp=678
living id=3266 type=giantspider pos=67,191,18 hp=1015
living id=3267 type=goblin pos=55,88,18 hp=902
living id=3268 type=giantspider pos=147,195,18 hp=1093
living id=3269 type=goblin pos=11,13,18 hp=941
living id=3270 type=redslime pos=183,34,18 hp=994
living id=3271 type=goblin pos=131,39,18 hp=982
living id=3272 type=greenslime pos=154,79,18 hp=738
living id=3273 type=goblin pos=81,104,18 hp=989
living id=3274 type=goblinleader pos=135,47,18 hp=1684
living id=3275 type=spider pos=92,82,18 hp=611
living id=3276 type=goblin pos=134,22,18 hp=988
living id=3277 type=greenslime pos=63,100,18 hp=615
living id=3278 type=spider pos=92,176,18 hp=809
living id=3279 type=greenslime pos=47,52,18 hp=666
living id=3280 type=goblinleader pos=94,139,18 hp=1584
living id=3281 type=greenslime pos=51,180,18 hp=746
living id=3282 type=greenslime pos=163,27,18 hp=702
living id=3283 type=spider pos=126,47,18 hp=642
living id=3284 type=giantspider pos=63,44,18 hp=1091
living id=3285 type=goblin pos=125,126,18 hp=886
living id=3286 type=greenslime pos=148,168,18 hp=607
living id=3287 type=spider pos=27,37,18 hp=708
living id=3288 type=goblin pos=11,40,18 hp=978
living id=3289 type=goblinleader pos=118,84,18 hp=1787
living id=3290 type=redslime pos=169,15,18 hp=861
living id=3291 type=goblinleader pos=183,177,18 hp=1995
living id=3292 type=greenslime pos=92,26,18 hp=638
living id=3293 type=goblin pos=102,51,18 hp=1129
living id=3294 type=goblin pos=70,168,18 hp=990
living id=3295 type=goblinleader pos=8,109,18 hp=1508
living id=3296 type=goblin pos=63,118,18 hp=974
living id=3297 type=giantspider pos=87,101,18 hp=889
living id=3298 type=redslime pos=179,42,18 hp=871
living id=3299 type=goblinleader pos=174,74,18 hp=1660
living id=3300 type=giantspider pos=40,141,18 hp=1141
living id=3301 type=giantspider pos=122,48,18 hp=985
living id=3302 type=goblinleader pos=152,23,18 hp=1384
living id=3303 type=goblin pos=144,38,18 hp=1068
living id=3304 type=goblinleader pos=69,188,18 hp=1965
living id=3305 type=giantspider pos=71,12,18 hp=1064
living id=3306 type=goblin pos=186,21,18 hp=1080
living id=3307 type=redslime pos=60,40,18 hp=1037
living id=3308 type=giantspider pos=95,132,18 hp=1081
living id=3309 type=redslime pos=82,105,18 hp=896
living id=3310 type=giantspider pos=149,137,18 hp=906
living id=3311 type=greenslime pos=176,11,18 hp=680
living id=3312 type=goblinleader pos=39,43,18 hp=2003
living id=3313 type=goblinleader pos=153,86,18 hp=1958
living id=3314 type=spider pos=76,188,18 hp=748
living id=3315 type=greenslime pos=124,174,18 hp=738
living id=3316 type=giantspider pos=195,69,18 hp=1081
living id=3317 type=redslime pos=22,183,18 hp=1102
living id=3318 type=greenslime pos=140,88,18 hp=663
living id=3319 type=goblin pos=91,172,18 hp=1073
living id=3320 type=greenslime pos=81,42,18 hp=803
living id=3321 type=goblinleader pos=108,110,18 hp=1452
living id=3322 type=spider pos=120,6,18 hp=807
living id=3323 type=goblin pos=175,99,18 hp=1048
living id=3324 type=redslime pos=101,112,18 hp=1086
living id=3325 type=greenslime pos=150,141,18 hp=647
living id=3326 type=greenslime pos=117,97,18 hp=773
living id=3327 type=goblin pos=37,45,18 hp=1100
living id=3328 type=spider pos=136,89,18 hp=611
living id=3329 type=greenslime pos=74,193,18 hp=710
living id=3330 type=giantspider pos=61,191,18 hp=1102
living id=3331 type=greenslime pos=123,132,18 hp=803
living id=3332 type=redslime pos=5,183,18 hp=1093
living id=3333 type=goblin pos=65,106,18 hp=925
living id=3334 type=goblinleader pos=85,87,18 hp=1655
living id=3335 type=giantspider pos=111,88,18 hp=1013
living id=3336 type=greenslime pos=10,1,18 hp=687
living id=3337 type=spider pos=100,133,18 hp=624
living id=3338 type=goblinleader pos=92,150,18 hp=1616
living id=3339 type=giantspider pos=134,79,18 hp=959
living id=3340 type=greenslime pos=73,56,18 hp=725
living id=3341 type=redslime pos=92,152,18 hp=1141
living id=3342 type=giantspider pos=171,181,18 hp=952
living id=3343 type=spider pos=87,196,18 hp=625
living id=3344 type=spider pos=8,109,18 hp=620
living id=3345 type=goblin pos=151,138,18 hp=1026
living id=3346 type=giantspider pos=51,128,18 hp=1088
living id=3347 type=goblin pos=35,143,18 hp=1014
living id=3348 type=giantspider pos=191,111,18 hp=1063
living id=3349 type=goblinleader pos=73,54,18 hp=1647
living id=3350 type=goblin pos=19,194,18 hp=1030
living id=3351 type=greenslime pos=134,191,18 hp=638
living id=3352 type=goblin pos=103,13,18 hp=1109
living id=3353 type=goblin pos=99,61,18 hp=1051
living id=3354 type=giantspider pos=150,41,18 hp=1135
living id=3355 type=giantspider pos=133,24,18 hp=942
living id=3356 type=spider pos=191,45,18 hp=697
living id=3357 type=greenslime pos=120,76,18 hp=693
living id=3358 type=redslime pos=41,36,18 hp=907
living id=3359 type=goblinleader pos=172,178,18 hp=1529
living id=3360 type=goblinleader pos=178,180,18 hp=1561
living id=3361 type=giantspider pos=109,177,18 hp=1045
living id=3362 type=redslime pos=109,157,18 hp=1012
living id=3363 type=giantspider pos=153,83,18 hp=1140
living id=3364 type=redslime pos=124,82,18 hp=888
living id=3365 type=goblinleader pos=142,61,18 hp=1882
living id=3366 type=spider pos=120,147,18 hp=677
living id=3367 type=giantspider pos=40,137,18 hp=1030
living id=3368 type=giantspider pos=160,55,18 hp=1090
living id=3369 type=goblin pos=90,146,18 hp=1107
living id=3370 type=goblin pos=109,41,18 hp=1027
living id=3371 type=redslime pos=52,101,18 hp=1013
living id=3372 type=redslime pos=118,172,18 hp=877
living id=3373 type=goblinleader pos=183,171,18 hp=1387
living id=3374 type=spider pos=167,2,18 hp=781
living id=3375 type=goblinleader pos=51,119,18 hp=1827
living id=3376 type=greenslime pos=51,176,18 hp=730
living id=3377 type=giantspider pos=147,29,18 hp=1050
living id=3378 type=spider pos=74,188,18 hp=819
living id=3379 type=spider pos=188,18,18 hp=601
living id=3380 type=redslime pos=90,89,18 hp=1096
living id=3381 type=greenslime pos=119,12,18 hp=713
living id=3382 type=greenslime pos=192,69,18 hp=667
living id=3383 type=goblinleader pos=157,48,18 hp=1390
living id=3384 type=giantspider pos=140,139,18 hp=992
living id=3385 type=goblinleader pos=101,48,18 hp=1587
living id=3386 type=greenslime pos=164,156,18 hp=617
living id=3387 type=goblinleader pos=67,81,18 hp=1518
living id=3388 type=giantspider pos=71,188,18 hp=891
living id=3389 type=spider pos=105,131,18 hp=606
living id=3390 type=giantspider pos=149,142,18 hp=912
living id=3391 type=goblin pos=121,147,18 hp=930
living id=3392 type=greenslime pos=54,121,18 hp=761
living id=3393 type=greenslime pos=104,47,18 hp=795
living id=3394 type=spider pos=3,180,18 hp=608
living id=3395 type=goblinleader pos=120,155,18 hp=1576
living id=3396 type=greenslime pos=111,150,18 hp=667
living id=3397 type=spider pos=22,178,18 hp=724
living id=3398 type=greenslime pos=120,165,18 hp=670
living id=3399 type=goblinleader pos=49,13,18 hp=1537
living id=3400 type=goblinleader pos=94,135,18 hp=1881
living id=3401 type=goblinleader pos=59,120,18 hp=1879
living id=3402 type=goblinleader pos=133,93,18 hp=1733
living id=3403 type=spider pos=73,45,18 hp=744
living id=3404 type=greenslime pos=67,41,18 hp=767
living id=3405 type=greenslime pos=101,50,18 hp=665
living id=3406 type=giantspider pos=22,124,18 hp=951
living id=3407 type=greenslime pos=45,45,18 hp=659
living id=3408 type=giantspider pos=164,58,18 hp=879
living id=3409 type=spider pos=91,56,18 hp=683
living id=3410 type=goblinleader pos=76,149,18 hp=1634
living id=3411 type=greenslime pos=105,173,18 hp=708
living id=3412 type=spider pos=82,21,18 hp=604
living id=3413 type=giantspider pos=126,39,18 hp=1094
living id=3414 type=greenslime pos=54,101,18 hp=661
living id=3415 type=goblin pos=184,42,18 hp=924
living id=3416 type=goblin pos=59,141,18 hp=1034
living id=3417 type=giantspider pos=83,104,18 hp=905
living id=3418 type=redslime pos=87,102,18 hp=1114
living id=3419 type=redslime pos=82,133,18 hp=934
living id=3420 type=giantspider pos=137,71,18 hp=924
living id=3421 type=redslime pos=194,70,18 hp=1082
living id=3422 type=giantspider pos=134,66,18 hp=1141
living id=3423 type=spider pos=119,5,18 hp=728
living id=3424 type=giantspider pos=89,89,18 hp=1049
living id=3425 type=greenslime pos=24,106,18 hp=633
living id=3426 type=goblinleader pos=187,133,18 hp=1900
living id=3427 type=greenslime pos=90,175,18 hp=645
living id=3428 type=goblinleader pos=87,10,18 hp=1638
living id=3429 type=redslime pos=181,73,18 hp=1083
living id=3430 type=greenslime pos=178,76,18 hp=649
living id=3431 type=greenslime pos=86,179,18 hp=612
living id=3432 type=greenslime pos=22,16,18 hp=729
living id=3433 type=giantspider pos=38,144,18 hp=1050
living id=3434 type=greenslime pos=56,102,18 hp=694
living id=3435 type=giantspider pos=168,83,18 hp=1050
living id=3436 type=giantspider pos=20,128,18 hp=1081
living id=3437 type=goblinleader pos=189,131,18 hp=1438
living id=3438 type=greenslime pos=161,24,18 hp=784
living id=3439 type=redslime pos=107,122,18 hp=974
living id=3440 type=spider pos=109,44,18 hp=637
living id=3441 type=greenslime pos=151,104,18 hp=716
living id=3442 type=goblinleader pos=7,3,18 hp=1693
living id=3443 type=spider pos=52,125,18 hp=650
living id=3444 type=redslime pos=104,153,18 hp=854
living id=3445 type=greenslime pos=141,47,18 hp=703
living id=3446 type=redslime pos=6,147,18 hp=1018
living id=3447 type=giantspider pos=121,169,18 hp=951
living id=3448 type=spider pos=178,40,18 hp=694
living id=3449 type=spider pos=184,72,18 hp=755
living id=3450 type=redslime pos=178,44,18 hp=1111
living id=3451 type=greenslime pos=163,9,18 hp=727
living id=3452 type=spider pos=10,10,18 hp=812
living id=3453 type=redslime pos=36,42,18 hp=951
living id=3454 type=goblinleader pos=56,103,18 hp=1708
living id=3455 type=goblinleader pos=147,5,18 hp=1428
living id=3456 type=greenslime pos=98,118,18 hp=696
living id=3457 type=redslime pos=99,12,18 hp=1137
living id=3458 type=goblinleader pos=80,40,18 hp=1400
living id=3459 type=goblin pos=138,82,18 hp=1134
living id=3460 type=redslime pos=119,83,18 hp=912
living id=3461 type=goblin pos=195,94,18 hp=859
living id=3462 type=goblinleader pos=72,51,18 hp=1400
living id=3463 type=redslime pos=39,177,18 hp=1056
living id=3464 type=giantspider pos=89,150,18 hp=961
living id=3465 type=redslime pos=60,132,18 hp=957
living id=3466 type=redslime pos=186,18,18 hp=1014
living id=3467 type=redslime pos=191,137,18 hp=962
living id=3468 type=giantspider pos=111,92,18 hp=869
living id=3469 type=goblinleader pos=100,48,18 hp=1742
living id=3470 type=redslime pos=186,176,18 hp=882
living id=3471 type=redslime pos=73,193,18 hp=1083
living id=3472 type=goblin pos=115,154,18 hp=1126
living id=3473 type=goblinleader pos=100,136,18 hp=1614
living id=3474 type=spider pos=169,91,18 hp=745
living id=3475 type=giantspider pos=125,44,18 hp=1027
living id=3476 type=redslime pos=188,18,18 hp=919
living id=3477 type=spider pos=24,124,18 hp=697
living id=3478 type=giantspider pos=123,167,18 hp=1096
living id=3479 type=goblinleader pos=88,25,18 hp=1542
living id=3480 type=spider pos=1,155,18 hp=689
living id=3481 type=redslime pos=189,176,18 hp=1081
living id=3482 type=spider pos=182,134,18 hp=775
living id=3483 type=redslime pos=95,195,18 hp=1131
living id=3484 type=redslime pos=135,104,18 hp=1067
living id=3485 type=goblinleader pos=158,152,18 hp=1979
living id=3486 type=greenslime pos=134,67,18 hp=646
living id=3487 type=goblinleader pos=84,179,18 hp=1996
living id=3488 type=greenslime pos=190,171,18 hp=759
living id=3489 type=redslime pos=57,144,18 hp=1108
living id=3490 type=giantspider pos=105,62,18 hp=939
living id=3491 type=greenslime pos=131,27,18 hp=750
living id=3492 type=goblinleader pos=58,189,18 hp=1804
living id=3493 type=goblinleader pos=4,150,18 hp=1987
living id=3494 type=greenslime pos=66,102,18 hp=641
living id=3495 type=greenslime pos=92,150,18 hp=682
living id=3496 type=giantspider pos=182,42,18 hp=965
living id=3497 type=spider pos=25,36,18 hp=682
living id=3498 type=goblinleader pos=83,161,18 hp=1425
living id=3499 type=spider pos=44,109,18 hp=748
living id=3500 type=goblin pos=175,99,18 hp=970
living id=3501 type=spider pos=155,62,18 hp=703
living id=3502 type=greenslime pos=160,58,18 hp=747
living id=3503 type=greenslime pos=21,34,18 hp=790
living id=3504 type=redslime pos=49,87,18 hp=921
living id=3505 type=greenslime pos=127,175,18 hp=725
living id=3506 type=goblinleader pos=35,45,18 hp=1930
living id=3507 type=goblinleader pos=5,122,18 hp=1959
living id=3508 type=goblinleader pos=11,119,18 hp=2019
living id=3509 type=goblin pos=101,114,18 hp=1136
living id=3510 type=spider pos=178,72,18 hp=740
living id=3511 type=greenslime pos=97,160,18 hp=605
living id=3512 type=giantspider pos=37,129,18 hp=1016
living id=3513 type=spider pos=69,133,18 hp=692
living id=3514 type=giantspider pos=72,188,18 hp=998
living id=3515 type=goblin pos=97,175,18 hp=890
living id=3516 type=spider pos=109,51,18 hp=798
living id=3517 type=goblin pos=52,148,18 hp=1124
living id=3518 type=redslime pos=40,6,18 hp=1081
living id=3519 type=redslime pos=32,179,18 hp=915
living id=3520 type=giantspider pos=120,38,18 hp=911
living id=3521 type=goblin pos=120,41,18 hp=1010
living id=3522 type=greenslime pos=149,40,18 hp=648
living id=3523 type=giantspider pos=96,117,18 hp=951
living id=3524 type=giantspider pos=34,140,18 hp=1005
living id=3525 type=giantspider pos=188,141,18 hp=911
living id=3526 type=greenslime pos=187,152,18 hp=783
living id=3527 type=redslime pos=163,59,18 hp=917
living id=3528 type=redslime pos=70,192,18 hp=1138
living id=3529 type=redslime pos=180,43,18 hp=983
living id=3530 type=greenslime pos=84,154,18 hp=698
living id=3531 type=giantspider pos=138,126,18 hp=1055
living id=3532 type=goblin pos=111,108,18 hp=1065
living id=3533 type=goblinleader pos=90,116,18 hp=1903
living id=3534 type=redslime pos=151,11,18 hp=914
living id=3535 type=greenslime pos=152,194,18 hp=779
living id=3536 type=spider pos=173,177,18 hp=726
living id=3537 type=goblin pos=22,111,18 hp=1040
living id=3538 type=spider pos=138,106,18 hp=624
living id=3539 type=greenslime pos=185,100,18 hp=757
living id=3540 type=giantspider pos=182,141,18 hp=1139
living id=3541 type=goblin pos=176,44,18 hp=886
living id=3542 type=giantspider pos=124,191,18 hp=1037
living id=3543 type=greenslime pos=194,96,18 hp=767
living id=3544 type=goblin pos=97,155,18 hp=864
living id=3545 type=goblinleader pos=191,114,18 hp=1610
living id=3546 type=spider pos=120,40,18 hp=733
living id=3547 type=greenslime pos=114,90,18 hp=754
living id=3548 type=spider pos=69,28,18 hp=740
living id=3549 type=goblinleader pos=151,164,18 hp=1639
living id=3550 type=giantspider pos=174,9,18 hp=913
living id=3551 type=goblinleader pos=26,108,18 hp=1649
living id=3552 type=redslime pos=92,84,18 hp=977
living id=3553 type=spider pos=116,56,18 hp=709
living id=3554 type=redslime pos=87,105,18 hp=1127
living id=3555 type=giantspider pos=90,108,18 hp=1060
living id=3556 type=spider pos=78,199,18 hp=710
living id=3557 type=giantspider pos=34,108,18 hp=1093
living id=3558 type=goblinleader pos=92,107,18 hp=1771
living id=3559 type=goblin pos=76,49,18 hp=1101
living id=3560 type=giantspider pos=148,166,18 hp=904
living id=3561 type=goblinleader pos=178,97,18 hp=1960
living id=3562 type=goblinleader pos=85,86,18 hp=1609
living id=3563 type=giantspider pos=147,169,18 hp=892
living id=3564 type=redslime pos=171,118,18 hp=1113
living id=3565 type=spider pos=98,133,18 hp=640
living id=3566 type=goblin pos=4,122,18 hp=1120
living id=3567 type=goblin pos=89,82,18 hp=1131
living id=3568 type=greenslime pos=175,130,18 hp=672
living id=3569 type=goblin pos=13,27,18 hp=957
living id=3570 type=greenslime pos=71,187,18 hp=735
living id=3571 type=goblin pos=184,40,18 hp=995
living id=3572 type=redslime pos=116,92,18 hp=1010
living id=3573 type=giantspider pos=177,86,18 hp=895
living id=3574 type=redslime pos=47,34,18 hp=881
living id=3575 type=redslime pos=69,119,18 hp=867
living id=3576 type=redslime pos=191,127,18 hp=895
living id=3577 type=spider pos=75,55,18 hp=684
living id=3578 type=greenslime pos=152,67,18 hp=746
living id=3579 type=redslime pos=39,141,18 hp=953
living id=3580 type=greenslime pos=121,77,18 hp=676
living id=3581 type=goblinleader pos=86,178,18 hp=1589
living id=3582 type=giantspider pos=95,44,18 hp=961
living id=3583 type=goblin pos=92,132,18 hp=1116
living id=3584 type=goblinleader pos=20,106,18 hp=1585
living id=3585 type=redslime pos=65,9,18 hp=976
living id=3586 type=goblin pos=154,57,18 hp=1055
living id=3587 type=giantspider pos=77,190,18 hp=1124
living id=3588 type=redslime pos=18,140,18 hp=945
living id=3589 type=spider pos=147,16,18 hp=697
living id=3590 type=spider pos=96,61,18 hp=671
living id=3591 type=goblinleader pos=170,4,18 hp=1439
living id=3592 type=spider pos=151,79,18 hp=620
living id=3593 type=goblin pos=44,10,18 hp=1059
living id=3594 type=redslime pos=124,129,18 hp=1037
living id=3595 type=spider pos=170,3,18 hp=747
living id=3596 type=greenslime pos=124,185,18 hp=667
living id=3597 type=goblinleader pos=64,46,18 hp=1545
living id=3598 type=greenslime pos=62,193,18 hp=751
living id=3599 type=goblinleader pos=66,11,18 hp=1578
living id=3600 type=redslime pos=139,24,18 hp=879
living id=3601 type=redslime pos=193,48,18 hp=1148
living id=3602 type=spider pos=184,135,18 hp=782
living id=3603 type=goblinleader pos=45,6,18 hp=1547
living id=3604 type=spider pos=162,20,18 hp=661
living id=3605 type=greenslime pos=92,174,18 hp=744
living id=3606 type=giantspider pos=154,116,18 hp=1140
living id=3607 type=goblinleader pos=22,127,18 hp=1695
living id=3608 type=giantspider pos=167,87,18 hp=938
living id=3609 type=greenslime pos=11,10,18 hp=794
living id=3610 type=goblin pos=191,141,18 hp=992
living id=3611 type=redslime pos=138,41,18 hp=1058
living id=3612 type=giantspider pos=140,47,18 hp=1072
living id=3613 type=greenslime pos=148,41,18 hp=607
living id=3614 type=goblinleader pos=127,194,18 hp=2010
living id=3615 type=greenslime pos=82,197,18 hp=662
living id=3616 type=goblinleader pos=160,23,18 hp=1531
living id=3617 type=spider pos=56,179,18 hp=661
living id=3618 type=goblin pos=4,169,18 hp=924
living id=3619 type=greenslime pos=72,52,18 hp=786
living id=3620 type=spider pos=100,58,18 hp=771
living id=3621 type=goblinleader pos=82,45,18 hp=1839
living id=3622 type=giantspider pos=54,191,18 hp=1074
living id=3623 type=redslime pos=154,197,18 hp=1076
living id=3624 type=giantspider pos=149,102,18 hp=981
living id=3625 type=goblin pos=189,183,18 hp=946
living id=3626 type=greenslime pos=167,148,18 hp=751
living id=3627 type=spider pos=162,55,18 hp=774
living id=3628 type=giantspider pos=137,105,18 hp=1000
living id=3629 type=goblin pos=71,45,18 hp=966
living id=3630 type=greenslime pos=86,107,18 hp=795
living id=3631 type=greenslime pos=190,44,18 hp=702
living id=3632 type=goblinleader pos=155,58,18 hp=1624
living id=3633 type=goblinleader pos=145,197,18 hp=1719
living id=3634 type=redslime pos=29,108,18 hp=964
living id=3635 type=giantspider pos=38,6,18 hp=879
living id=3636 type=goblinleader pos=89,84,18 hp=1389
living id=3637 type=redslime pos=113,177,18 hp=1096
living id=3638 type=goblin pos=88,87,18 hp=988
living id=3639 type=greenslime pos=98,92,18 hp=769
living id=3640 type=goblin pos=3,127,18 hp=1091
living id=3641 type=greenslime pos=192,142,18 hp=609
living id=3642 type=giantspider pos=50,9,18 hp=996
living id=3643 type=goblinleader pos=36,180,18 hp=1581
living id=3644 type=spider pos=37,35,18 hp=671
living id=3645 type=redslime pos=120,11,18 hp=898
living id=3646 type=spider pos=73,46,18 hp=702
living id=3647 type=goblin pos=119,91,18 hp=929
living id=3648 type=redslime pos=175,38,18 hp=1068
living id=3649 type=greenslime pos=34,36,18 hp=653
living id=3650 type=goblin pos=115,111,18 hp=856
living id=3651 type=spider pos=85,46,18 hp=706
living id=3652 type=giantspider pos=21,130,18 hp=1021
living id=3653 type=goblin pos=18,169,18 hp=1059
living id=3654 type=goblinleader pos=59,135,18 hp=1930
living id=3655 type=goblin pos=128,189,18 hp=861
living id=3656 type=greenslime pos=164,28,18 hp=703
living id=3657 type=giantspider pos=147,135,18 hp=1027
living id=3658 type=giantspider pos=120,175,18 hp=1072
living id=3659 type=redslime pos=84,82,18 hp=1021
living id=3660 type=redslime pos=112,57,18 hp=864
living id=3661 type=goblin pos=154,190,18 hp=1125
living id=3662 type=goblinleader pos=149,23,18 hp=1871
living id=3663 type=spider pos=170,90,18 hp=668
living id=3664 type=spider pos=57,96,18 hp=644
living id=3665 type=greenslime pos=95,183,18 hp=730
living id=3666 type=greenslime pos=118,178,18 hp=793
living id=3667 type=goblin pos=170,92,18 hp=886
living id=3668 type=goblinleader pos=87,24,18 hp=1914
living id=3669 type=greenslime pos=175,34,18 hp=647
living id=3670 type=goblinleader pos=120,22,18 hp=1613
living id=3671 type=goblinleader pos=91,117,18 hp=1788
living id=3672 type=greenslime pos=52,157,18 hp=699
living id=3673 type=goblin pos=127,49,18 hp=945
living id=3674 type=spider pos=24,198,18 hp=797
living id=3675 type=goblin pos=17,157,18 hp=974
living id=3676 type=spider pos=110,120,18 hp=654
living id=3677 type=goblin pos=152,144,18 hp=869
living id=3678 type=redslime pos=168,84,18 hp=1096
living id=3679 type=greenslime pos=43,35,18 hp=691
living id=3680 type=greenslime pos=120,16,18 hp=638
living id=3681 type=greenslime pos=94,83,18 hp=670
living id=3682 type=goblinleader pos=164,11,18 hp=1403
living id=3683 type=redslime pos=139,68,18 hp=1092
living id=3684 type=redslime pos=24,122,18 hp=923
living id=3685 type=goblin pos=53,103,18 hp=1142
living id=3686 type=goblinleader pos=127,194,18 hp=1510
living id=3687 type=spider pos=140,107,18 hp=725
living id=3688 type=goblin pos=84,160,18 hp=1090
living id=3689 type=goblin pos=133,87,18 hp=1040
living id=3690 type=redslime pos=121,4,18 hp=1089
living id=3691 type=giantspider pos=35,40,18 hp=885
living id=3692 type=greenslime pos=55,99,18 hp=674
living id=3693 type=goblinleader pos=100,150,18 hp=1508
living id=3694 type=spider pos=20,155,18 hp=651
living id=3695 type=giantspider pos=16,157,18 hp=1030
living id=3696 type=goblinleader pos=139,100,18 hp=1439
living id=3697 type=giantspider pos=117,165,18 hp=1071
living id=3698 type=spider pos=154,109,18 hp=671
living id=3699 type=greenslime pos=7,6,18 hp=603
living id=3700 type=spider pos=103,135,18 hp=637
living id=3701 type=goblinleader pos=87,94,18 hp=1848
living id=3702 type=goblin pos=88,150,18 hp=1103
living id=3703 type=giantspider pos=126,60,18 hp=1095
living id=3704 type=greenslime pos=152,163,18 hp=723
living id=3705 type=spider pos=96,176,18 hp=728
living id=3706 type=goblinleader pos=94,10,18 hp=1840
living id=3707 type=goblin pos=170,91,18 hp=873
living id=3708 type=redslime pos=96,173,18 hp=1107
living id=3709 type=redslime pos=112,87,18 hp=886
living id=3710 type=spider pos=148,8,18 hp=744
living id=3711 type=giantspider pos=121,160,18 hp=944
living id=3712 type=goblinleader pos=150,190,18 hp=1621
living id=3713 type=giantspider pos=113,175,18 hp=1038
living id=3714 type=giantspider pos=190,41,18 hp=966
living id=3715 type=greenslime pos=168,91,18 hp=760
living id=3716 type=greenslime pos=70,172,18 hp=675
living id=3717 type=goblinleader pos=108,89,18 hp=1394
living id=3718 type=goblin pos=190,140,18 hp=1006
living id=3719 type=spider pos=180,66,18 hp=637
living id=3720 type=goblin pos=132,9,18 hp=1078
living id=3721 type=goblinleader pos=173,136,18 hp=1551
living id=3722 type=greenslime pos=147,34,18 hp=653
living id=3723 type=spider pos=25,110,18 hp=802
living id=3724 type=goblinleader pos=106,175,18 hp=1929
living id=3725 type=goblinleader pos=59,191,18 hp=1873
living id=3726 type=goblinleader pos=51,182,18 hp=1586
living id=3727 type=spider pos=122,6,18 hp=734
living id=3728 type=redslime pos=76,57,18 hp=913
living id=3729 type=greenslime pos=48,15,18 hp=667
living id=3730 type=redslime pos=153,192,18 hp=900
living id=3731 type=spider pos=83,191,18 hp=623
living id=3732 type=goblinleader pos=159,156,18 hp=1855
living id=3733 type=goblin pos=18,131,18 hp=1134
living id=3734 type=giantspider pos=169,11,18 hp=1049
living id=3735 type=giantspider pos=136,184,18 hp=981
living id=3736 type=nusepthegoblinking pos=143,40,18 hp=2588
living id=3737 type=redslime pos=6,22,20 hp=998
living id=3738 type=giantspider pos=51,26,20 hp=851
living id=3739 type=giantspider pos=114,71,20 hp=1143
living id=3740 type=goblinleader pos=31,196,20 hp=1894
living id=3741 type=goblin pos=11,176,20 hp=1139
living id=3742 type=goblin pos=16,90,20 hp=903
living id=3743 type=hobgoblinkaiser pos=103,120,20 hp=2179
living id=3744 type=goblinleader pos=156,184,20 hp=1427
living id=3745 type=goblin pos=89,24,20 hp=955
living id=3746 type=redslime pos=62,92,20 hp=855
living id=3747 type=goblinleader pos=26,19,20 hp=1622
living id=3748 type=hobgoblinkaiser pos=95,7,20 hp=2219
living id=3749 type=hobgoblinkaiser pos=30,122,20 hp=1905
living id=3750 type=giantspider pos=91,20,20 hp=1057
living id=3751 type=goblinleader pos=112,43,20 hp=2018
living id=3752 type=redslime pos=138,173,20 hp=1104
living id=3753 type=hobgoblin pos=65,107,20 hp=1722
living id=3754 type=redslime pos=163,79,20 hp=903
living id=3755 type=goblin pos=77,137,20 hp=1099
living id=3756 type=redslime pos=112,139,20 hp=888
living id=3757 type=redslime pos=47,142,20 hp=851
living id=3758 type=redslime pos=181,169,20 hp=979
living id=3759 type=cyclop pos=197,37,20 hp=1896
living id=3760 type=redslime pos=130,123,20 hp=1139
living id=3761 type=hobgoblinkaiser pos=132,166,20 hp=2344
living id=3762 type=giantspider pos=110,189,20 hp=1074
living id=3763 type=giantspider pos=166,49,20 hp=1000
living id=3764 type=giantspider pos=7,128,20 hp=1102
living id=3765 type=redslime pos=116,164,20 hp=925
living id=3766 type=goblin pos=89,30,20 hp=1099
living id=3767 type=goblinleader pos=171,107,20 hp=1992
living id=3768 type=goblinleader pos=88,106,20 hp=1579
living id=3769 type=cyclop pos=1,67,20 hp=2121
living id=3770 type=giantspider pos=114,40,20 hp=873
living id=3771 type=redslime pos=67,182,20 hp=1096
living id=3772 type=hobgoblin pos=97,191,20 hp=2084
living id=3773 type=giantspider pos=101,190,20 hp=864
living id=3774 type=giantspider pos=49,118,20 hp=869
living id=3775 type=giantspider pos=19,43,20 hp=997
living id=3776 type=goblin pos=45,140,20 hp=1012
living id=3777 type=hobgoblin pos=146,66,20 hp=1864
living id=3778 type=redslime pos=41,169,20 hp=910
living id=3779 type=hobgoblinkaiser pos=135,116,20 hp=1995
living id=3780 type=redslime pos=139,79,20 hp=1044
living id=3781 type=goblin pos=42,135,20 hp=1002
living id=3782 type=redslime pos=81,122,20 hp=1146
living id=3783 type=giantspider pos=128,137,20 hp=1010
living id=3784 type=hobgoblin pos=15,184,20 hp=2136
living id=3785 type=hobgoblinkaiser pos=38,13,20 hp=2627
living id=3786 type=cyclop pos=162,189,20 hp=1776
living id=3787 type=hobgoblinkaiser pos=166,48,20 hp=2203
living id=3788 type=redslime pos=133,188,20 hp=860
living id=3789 type=hobgoblinkaiser pos=138,33,20 hp=2484
living id=3790 type=hobgoblin pos=104,106,20 hp=1731
living id=3791 type=giantspider pos=80,66,20 hp=1109
living id=3792 type=hobgoblinkaiser pos=119,78,20 hp=2312
living id=3793 type=goblinleader pos=167,130,20 hp=1760
living id=3794 type=cyclop pos=157,164,20 hp=2024
living id=3795 type=hobgoblin pos=65,54,20 hp=2085
living id=3796 type=redslime pos=15,130,20 hp=970
living id=3797 type=hobgoblinkaiser pos=179,184,20 hp=2168
living id=3798 type=redslime pos=158,78,20 hp=1108
living id=3799 type=goblin pos=41,30,20 hp=874
living id=3800 type=goblin pos=62,187,20 hp=1020
living id=3801 type=giantspider pos=16,122,20 hp=1105
living id=3802 type=redslime pos=123,13,20 hp=923
living id=3803 type=hobgoblinkaiser pos=66,81,20 hp=2556
living id=3804 type=cyclop pos=45,8,20 hp=2198
living id=3805 type=giantspider pos=63,196,20 hp=868
living id=3806 type=giantspider pos=130,37,20 hp=947
living id=3807 type=goblin pos=70,167,20 hp=913
living id=3808 type=giantspider pos=109,40,20 hp=1037
living id=3809 type=hobgoblin pos=86,121,20 hp=2084
living id=3810 type=redslime pos=91,5,20 hp=1106
living id=3811 type=hobgoblin pos=86,65,20 hp=1941
living id=3812 type=goblinleader pos=185,155,20 hp=2010
living id=3813 type=giantspider pos=182,134,20 hp=927
living id=3814 type=cyclop pos=71,106,20 hp=2254
living id=3815 type=redslime pos=146,108,20 hp=971
living id=3816 type=cyclop pos=103,124,20 hp=1705
living id=3817 type=cyclop pos=46,145,20 hp=2379
living id=3818 type=hobgoblinkaiser pos=165,129,20 hp=2252
living id=3819 type=goblin pos=101,93,20 hp=1115
living id=3820 type=goblin pos=87,23,20 hp=968
living id=3821 type=goblinleader pos=53,143,20 hp=1871
living id=3822 type=hobgoblinkaiser pos=131,44,20 hp=2007
living id=3823 type=hobgoblin pos=137,118,20 hp=1949
living id=3824 type=giantspider pos=59,137,20 hp=1045
living id=3825 type=redslime pos=51,195,20 hp=933
living id=3826 type=goblinleader pos=174,15,20 hp=1873
living id=3827 type=hobgoblin pos=196,42,20 hp=1969
living id=3828 type=cyclop pos=49,141,20 hp=1706
living id=3829 type=goblin pos=12,149,20 hp=1130
living id=3830 type=cyclop pos=36,195,20 hp=2488
living id=3831 type=goblin pos=71,170,20 hp=1047
living id=3832 type=giantspider pos=22,180,20 hp=1046
living id=3833 type=cyclop pos=185,160,20 hp=1717
living id=3834 type=cyclop pos=133,100,20 hp=1706
living id=3835 type=hobgoblin pos=117,90,20 hp=1913
living id=3836 type=cyclop pos=87,106,20 hp=2466
living id=3837 type=hobgoblinkaiser pos=58,58,20 hp=2132
living id=3838 type=cyclop pos=69,196,20 hp=2352
living id=3839 type=hobgoblinkaiser pos=19,53,20 hp=2075
living id=3840 type=goblin pos=143,126,20 hp=1027
living id=3841 type=redslime pos=135,175,20 hp=1060
living id=3842 type=cyclop pos=165,80,20 hp=2039
living id=3843 type=giantspider pos=80,120,20 hp=1060
living id=3844 type=hobgoblin pos=42,173,20 hp=1848
living id=3845 type=giantspider pos=54,139,20 hp=1064
living id=3846 type=hobgoblin pos=37,111,20 hp=1855
living id=3847 type=goblinleader pos=137,100,20 hp=1759
living id=3848 type=goblinleader pos=182,103,20 hp=1489
living id=3849 type=goblin pos=151,108,20 hp=926
living id=3850 type=cyclop pos=77,36,20 hp=1998
living id=3851 type=cyclop pos=88,5,20 hp=1719
living id=3852 type=giantspider pos=93,189,20 hp=897
living id=3853 type=hobgoblinkaiser pos=47,146,20 hp=2157
living id=3854 type=cyclop pos=181,140,20 hp=1820
living id=3855 type=hobgoblin pos=177,189,20 hp=1637
living id=3856 type=hobgoblin pos=10,121,20 hp=1813
living id=3857 type=goblinleader pos=130,99,20 hp=1840
living id=3858 type=hobgoblin pos=94,4,20 hp=1707
living id=3859 type=hobgoblin pos=89,151,20 hp=1634
living id=3860 type=cyclop pos=6,169,20 hp=2161
living id=3861 type=hobgoblinkaiser pos=69,107,20 hp=2352
living id=3862 type=hobgoblinkaiser pos=40,21,20 hp=2533
living id=3863 type=hobgoblinkaiser pos=106,66,20 hp=2578
living id=3864 type=giantspider pos=107,136,20 hp=1059
living id=3865 type=hobgoblin pos=76,37,20 hp=1664
living id=3866 type=cyclop pos=137,116,20 hp=1954
living id=3867 type=redslime pos=64,161,20 hp=961
living id=3868 type=goblinleader pos=9,164,20 hp=1991
living id=3869 type=cyclop pos=15,89,20 hp=2330
living id=3870 type=hobgoblin pos=134,100,20 hp=1742
living id=3871 type=hobgoblin pos=150,123,20 hp=1660
living id=3872 type=hobgoblinkaiser pos=59,184,20 hp=2314
living id=3873 type=hobgoblinkaiser pos=131,38,20 hp=1769
living id=3874 type=goblin pos=19,96,20 hp=1094
living id=3875 type=cyclop pos=71,136,20 hp=1793
living id=3876 type=cyclop pos=35,197,20 hp=1684
living id=3877 type=goblin pos=21,93,20 hp=983
living id=3878 type=giantspider pos=173,85,20 hp=1144
living id=3879 type=cyclop pos=79,50,20 hp=2328
living id=3880 type=goblinleader pos=21,173,20 hp=1390
living id=3881 type=giantspider pos=142,174,20 hp=888
living id=3882 type=cyclop pos=82,34,20 hp=2311
living id=3883 type=giantspider pos=117,108,20 hp=889
living id=3884 type=hobgoblinkaiser pos=58,136,20 hp=2297
living id=3885 type=giantspider pos=102,196,20 hp=910
living id=3886 type=goblinleader pos=129,127,20 hp=1564
living id=3887 type=goblin pos=77,135,20 hp=1011
living id=3888 type=giantspider pos=52,25,20 hp=1073
living id=3889 type=giantspider pos=109,23,20 hp=1077
living id=3890 type=hobgoblinkaiser pos=143,102,20 hp=1902
living id=3891 type=hobgoblin pos=117,70,20 hp=1752
living id=3892 type=giantspider pos=101,93,20 hp=1021
living id=3893 type=cyclop pos=109,154,20 hp=2167
living id=3894 type=cyclop pos=55,120,20 hp=1676
living id=3895 type=giantspider pos=24,21,20 hp=1148
living id=3896 type=hobgoblin pos=34,118,20 hp=1730
living id=3897 type=hobgoblin pos=64,33,20 hp=1726
living id=3898 type=hobgoblinkaiser pos=62,40,20 hp=1975
living id=3899 type=goblinleader pos=94,26,20 hp=2018
living id=3900 type=goblinleader pos=136,117,20 hp=1695
living id=3901 type=giantspider pos=40,172,20 hp=1137
living id=3902 type=hobgoblinkaiser pos=46,144,20 hp=2594
living id=3903 type=goblinleader pos=136,48,20 hp=1888
living id=3904 type=goblinleader pos=37,48,20 hp=1649
living id=3905 type=cyclop pos=175,56,20 hp=2219
living id=3906 type=redslime pos=170,92,20 hp=981
living id=3907 type=giantspider pos=64,187,20 hp=1139
living id=3908 type=cyclop pos=79,61,20 hp=1746
living id=3909 type=cyclop pos=32,50,20 hp=2105
living id=3910 type=goblin pos=185,160,20 hp=1021
living id=3911 type=cyclop pos=6,129,20 hp=1660
living id=3912 type=giantspider pos=155,178,20 hp=1079
living id=3913 type=goblin pos=11,121,20 hp=898
living id=3914 type=goblinleader pos=136,39,20 hp=1955
living id=3915 type=cyclop pos=104,118,20 hp=1733
living id=3916 type=hobgoblinkaiser pos=88,74,20 hp=2065
living id=3917 type=cyclop pos=148,141,20 hp=1760
living id=3918 type=redslime pos=134,128,20 hp=929
living id=3919 type=cyclop pos=86,185,20 hp=1938
living id=3920 type=cyclop pos=128,169,20 hp=2482
living id=3921 type=hobgoblin pos=103,105,20 hp=1642
living id=3922 type=hobgoblin pos=8,124,20 hp=1963
living id=3923 type=goblin pos=80,77,20 hp=979
living id=3924 type=redslime pos=115,173,20 hp=932
living id=3925 type=giantspider pos=45,148,20 hp=1127
living id=3926 type=goblin pos=33,176,20 hp=877
living id=3927 type=giantspider pos=30,87,20 hp=1039
living id=3928 type=giantspider pos=100,196,20 hp=999
living id=3929 type=goblin pos=184,129,20 hp=1073
living id=3930 type=hobgoblin pos=133,63,20 hp=1651
living id=3931 type=hobgoblin pos=82,186,20 hp=1694
living id=3932 type=goblin pos=11,150,20 hp=877
living id=3933 type=hobgoblinkaiser pos=16,37,20 hp=2603
living id=3934 type=giantspider pos=130,62,20 hp=1107
living id=3935 type=redslime pos=38,7,20 hp=1131
living id=3936 type=redslime pos=193,15,20 hp=946
living id=3937 type=goblin pos=130,116,20 hp=949
living id=3938 type=goblin pos=33,116,20 hp=919
living id=3939 type=giantspider pos=114,49,20 hp=1052
living id=3940 type=goblin pos=157,127,20 hp=954
living id=3941 type=cyclop pos=117,109,20 hp=2287
living id=3942 type=cyclop pos=22,150,20 hp=1702
living id=3943 type=goblinleader pos=142,130,20 hp=1978
living id=3944 type=goblin pos=146,106,20 hp=1036
living id=3945 type=hobgoblinkaiser pos=98,192,20 hp=2120
living id=3946 type=hobgoblin pos=156,177,20 hp=2123
living id=3947 type=cyclop pos=178,150,20 hp=1783
living id=3948 type=goblinleader pos=4,70,20 hp=1492
living id=3949 type=cyclop pos=31,85,20 hp=1690
living id=3950 type=cyclop pos=7,124,20 hp=2300
living id=3951 type=goblin pos=163,80,20 hp=889
living id=3952 type=redslime pos=76,39,20 hp=957
living id=3953 type=cyclop pos=12,90,20 hp=2068
living id=3954 type=redslime pos=42,89,20 hp=1128
living id=3955 type=giantspider pos=99,123,20 hp=1043
living id=3956 type=hobgoblin pos=32,121,20 hp=1927
living id=3957 type=goblinleader pos=75,39,20 hp=1663
living id=3958 type=hobgoblinkaiser pos=101,78,20 hp=2596
living id=3959 type=redslime pos=31,95,20 hp=1025
living id=3960 type=hobgoblin pos=119,78,20 hp=1651
living id=3961 type=redslime pos=87,170,20 hp=1023
living id=3962 type=redslime pos=93,121,20 hp=876
living id=3963 type=hobgoblin pos=50,171,20 hp=1815
living id=3964 type=hobgoblin pos=182,128,20 hp=1922
living id=3965 type=giantspider pos=92,23,20 hp=1081
living id=3966 type=redslime pos=153,184,20 hp=1003
living id=3967 type=goblin pos=55,118,20 hp=900
living id=3968 type=giantspider pos=178,188,20 hp=968
living id=3969 type=giantspider pos=86,121,20 hp=1094
living id=3970 type=hobgoblin pos=158,178,20 hp=1979
living id=3971 type=hobgoblinkaiser pos=17,44,20 hp=2066
living id=3972 type=hobgoblinkaiser pos=28,138,20 hp=2514
living id=3973 type=cyclop pos=136,17,20 hp=1860
living id=3974 type=hobgoblinkaiser pos=42,172,20 hp=1977
living id=3975 type=redslime pos=54,21,20 hp=1020
living id=3976 type=goblin pos=61,161,20 hp=1059
living id=3977 type=cyclop pos=130,31,20 hp=1755
living id=3978 type=giantspider pos=3,122,20 hp=973
living id=3979 type=hobgoblin pos=24,119,20 hp=1701
living id=3980 type=goblinleader pos=39,195,20 hp=1456
living id=3981 type=goblinleader pos=60,39,20 hp=2006
living id=3982 type=goblinleader pos=181,105,20 hp=1823
living id=3983 type=hobgoblin pos=168,168,20 hp=1864
living id=3984 type=hobgoblinkaiser pos=84,38,20 hp=1882
living id=3985 type=hobgoblinkaiser pos=106,147,20 hp=2328
living id=3986 type=goblin pos=115,14,20 hp=1144
living id=3987 type=redslime pos=138,78,20 hp=1044
living id=3988 type=cyclop pos=191,54,20 hp=1741
living id=3989 type=redslime pos=172,18,20 hp=1015
living id=3990 type=redslime pos=27,122,20 hp=923
living id=3991 type=hobgoblinkaiser pos=157,159,20 hp=2038
living id=3992 type=giantspider pos=84,25,20 hp=1083
living id=3993 type=goblinleader pos=197,17,20 hp=1554
living id=3994 type=giantspider pos=77,36,20 hp=863
living id=3995 type=cyclop pos=170,169,20 hp=2043
living id=3996 type=giantspider pos=31,108,20 hp=861
living id=3997 type=giantspider pos=8,142,20 hp=1106
living id=3998 type=redslime pos=51,134,20 hp=963
living id=3999 type=hobgoblin pos=19,35,20 hp=1666
living id=4000 type=redslime pos=112,136,20 hp=855
living id=4001 type=giantspider pos=136,66,20 hp=1028
living id=4002 type=hobgoblin pos=167,110,20 hp=2068
living id=4003 type=goblin pos=132,157,20 hp=1031
living id=4004 type=cyclop pos=54,52,20 hp=1773
living id=4005 type=redslime pos=167,142,20 hp=1075
living id=4006 type=hobgoblin pos=12,79,20 hp=2175
living id=4007 type=hobgoblinkaiser pos=81,184,20 hp=2075
living id=4008 type=giantspider pos=44,174,20 hp=1135
living id=4009 type=cyclop pos=104,66,20 hp=2451
living id=4010 type=hobgoblinkaiser pos=116,138,20 hp=2491
living id=4011 type=hobgoblinkaiser pos=156,81,20 hp=2238
living id=4012 type=redslime pos=114,176,20 hp=908
living id=4013 type=cyclop pos=18,91,20 hp=1972
living id=4014 type=goblin pos=146,113,20 hp=909
living id=4015 type=goblinleader pos=170,87,20 hp=1760
living id=4016 type=goblin pos=95,154,20 hp=968
living id=4017 type=cyclop pos=104,189,20 hp=2537
living id=4018 type=cyclop pos=58,51,20 hp=1910
living id=4019 type=goblinleader pos=120,19,20 hp=1806
living id=4020 type=redslime pos=177,70,20 hp=972
living id=4021 type=goblin pos=179,110,20 hp=965
living id=4022 type=cyclop pos=180,140,20 hp=1919
living id=4023 type=cyclop pos=118,118,20 hp=1690
living id=4024 type=hobgoblinkaiser pos=64,87,20 hp=2024
living id=4025 type=giantspider pos=30,39,20 hp=979
living id=4026 type=redslime pos=133,36,20 hp=959
living id=4027 type=hobgoblinkaiser pos=79,91,20 hp=1920
living id=4028 type=hobgoblinkaiser pos=5,123,20 hp=1972
living id=4029 type=cyclop pos=185,16,20 hp=1689
living id=4030 type=goblinleader pos=198,33,20 hp=1658
living id=4031 type=giantspider pos=76,120,20 hp=1041
living id=4032 type=giantspider pos=63,50,20 hp=1121
living id=4033 type=hobgoblinkaiser pos=41,48,20 hp=1880
living id=4034 type=goblinleader pos=57,183,20 hp=1671
living id=4035 type=hobgoblin pos=138,96,20 hp=1760
living id=4036 type=hobgoblin pos=68,193,20 hp=1856
living id=4037 type=cyclop pos=112,44,20 hp=1758
living id=4038 type=hobgoblin pos=144,77,20 hp=1821
living id=4039 type=goblin pos=115,109,20 hp=1006
living id=4040 type=cyclop pos=184,131,20 hp=2425
living id=4041 type=hobgoblin pos=19,34,20 hp=1685
living id=4042 type=goblinleader pos=98,187,20 hp=1457
living id=4043 type=hobgoblin pos=50,176,20 hp=2127
living id=4044 type=goblin pos=158,34,20 hp=1002
living id=4045 type=hobgoblin pos=158,153,20 hp=1746
living id=4046 type=giantspider pos=197,42,20 hp=967
living id=4047 type=redslime pos=186,57,20 hp=896
living id=4048 type=goblin pos=10,172,20 hp=938
living id=4049 type=cyclop pos=31,50,20 hp=2130
living id=4050 type=goblinleader pos=103,118,20 hp=1783
living id=4051 type=hobgoblin pos=71,176,20 hp=1635
living id=4052 type=cyclop pos=165,104,20 hp=2168
living id=4053 type=hobgoblin pos=106,40,20 hp=1623
living id=4054 type=hobgoblinkaiser pos=116,174,20 hp=2361
living id=4055 type=redslime pos=45,154,20 hp=1080
living id=4056 type=goblinleader pos=18,96,20 hp=1755
living id=4057 type=hobgoblin pos=118,72,20 hp=1750
living id=4058 type=goblinleader pos=44,44,20 hp=1783
living id=4059 type=redslime pos=19,93,20 hp=1122
living id=4060 type=goblin pos=71,192,20 hp=1082
living id=4061 type=redslime pos=58,195,20 hp=1052
living id=4062 type=goblinleader pos=103,65,20 hp=1568
living id=4063 type=hobgoblinkaiser pos=177,189,20 hp=2605
living id=4064 type=cyclop pos=19,181,20 hp=2497
living id=4065 type=goblin pos=41,8,20 hp=904
living id=4066 type=hobgoblinkaiser pos=81,69,20 hp=1861
living id=4067 type=hobgoblin pos=24,167,20 hp=1750
living id=4068 type=goblin pos=56,140,20 hp=890
living id=4069 type=giantspider pos=166,104,20 hp=1106
living id=4070 type=redslime pos=9,165,20 hp=1116
living id=4071 type=giantspider pos=26,196,20 hp=1034
living id=4072 type=giantspider pos=159,77,20 hp=1111
living id=4073 type=redslime pos=20,51,20 hp=1009
living id=4074 type=cyclop pos=112,147,20 hp=2177
living id=4075 type=hobgoblinkaiser pos=92,154,20 hp=2209
living id=4076 type=giantspider pos=75,120,20 hp=1112
living id=4077 type=hobgoblinkaiser pos=33,174,20 hp=1844
living id=4078 type=giantspider pos=140,142,20 hp=851
living id=4079 type=goblin pos=190,58,20 hp=932
living id=4080 type=redslime pos=95,75,20 hp=1078
living id=4081 type=goblinleader pos=39,28,20 hp=1676
living id=4082 type=cyclop pos=132,171,20 hp=1790
living id=4083 type=giantspider pos=36,18,20 hp=1099
living id=4084 type=redslime pos=71,196,20 hp=867
living id=4085 type=hobgoblin pos=53,118,20 hp=1692
living id=4086 type=goblinleader pos=63,91,20 hp=1828
living id=4087 type=goblinleader pos=8,89,20 hp=2005
living id=4088 type=goblinleader pos=175,14,20 hp=1560
living id=4089 type=hobgoblin pos=50,170,20 hp=1722
living id=4090 type=cyclop pos=67,186,20 hp=1895
living id=4091 type=redslime pos=6,123,20 hp=883
living id=4092 type=hobgoblin pos=69,105,20 hp=1956
living id=4093 type=giantspider pos=138,97,20 hp=1047
living id=4094 type=giantspider pos=134,62,20 hp=1000
living id=4095 type=redslime pos=45,139,20 hp=857
living id=4096 type=redslime pos=185,134,20 hp=854
living id=4097 type=cyclop pos=87,30,20 hp=1661
living id=4098 type=giantspider pos=15,126,20 hp=858
living id=4099 type=hobgoblin pos=55,119,20 hp=2140
living id=4100 type=hobgoblin pos=34,193,20 hp=1913
living id=4101 type=goblinleader pos=10,120,20 hp=1538
living id=4102 type=goblin pos=81,185,20 hp=1000
living id=4103 type=hobgoblin pos=89,34,20 hp=2093
living id=4104 type=goblin pos=184,81,20 hp=1124
living id=4105 type=cyclop pos=164,67,20 hp=2248
living id=4106 type=cyclop pos=84,174,20 hp=2392
living id=4107 type=hobgoblinkaiser pos=66,85,20 hp=1897
living id=4108 type=goblinleader pos=64,105,20 hp=1505
living id=4109 type=giantspider pos=129,61,20 hp=880
living id=4110 type=redslime pos=133,78,20 hp=989
living id=4111 type=giantspider pos=69,183,20 hp=996
living id=4112 type=cyclop pos=109,148,20 hp=2194
living id=4113 type=cyclop pos=42,50,20 hp=1960
living id=4114 type=redslime pos=196,56,20 hp=990
living id=4115 type=hobgoblin pos=61,51,20 hp=1985
living id=4116 type=hobgoblinkaiser pos=39,190,20 hp=1894
living id=4117 type=giantspider pos=133,149,20 hp=1074
living id=4118 type=goblin pos=82,7,20 hp=1149
living id=4119 type=goblin pos=192,52,20 hp=1054
living id=4120 type=goblinleader pos=49,158,20 hp=1505
living id=4121 type=hobgoblin pos=166,15,20 hp=1868
living id=4122 type=cyclop pos=91,14,20 hp=1914
living id=4123 type=goblin pos=167,99,20 hp=1043
living id=4124 type=hobgoblinkaiser pos=114,12,20 hp=2194
living id=4125 type=giantspider pos=57,161,20 hp=1134
living id=4126 type=giantspider pos=137,82,20 hp=923
living id=4127 type=cyclop pos=46,145,20 hp=2039
living id=4128 type=goblin pos=57,183,20 hp=877
living id=4129 type=goblinleader pos=38,169,20 hp=1777
living id=4130 type=goblin pos=85,148,20 hp=883
living id=4131 type=cyclop pos=1,83,20 hp=1697
living id=4132 type=hobgoblinkaiser pos=66,120,20 hp=1859
living id=4133 type=hobgoblinkaiser pos=66,54,20 hp=2096
living id=4134 type=goblin pos=121,112,20 hp=874
living id=4135 type=goblinleader pos=193,39,20 hp=1394
living id=4136 type=cyclop pos=23,170,20 hp=2247
living id=4137 type=hobgoblinkaiser pos=22,148,20 hp=2078
living id=4138 type=hobgoblin pos=138,32,20 hp=1720
living id=4139 type=giantspider pos=74,41,20 hp=1043
living id=4140 type=redslime pos=25,118,20 hp=977
living id=4141 type=goblin pos=139,77,20 hp=1098
living id=4142 type=cyclop pos=178,75,20 hp=2261
living id=4143 type=giantspider pos=30,117,20 hp=997
living id=4144 type=hobgoblin pos=99,108,20 hp=1915
living id=4145 type=redslime pos=64,49,20 hp=918
living id=4146 type=cyclop pos=133,100,20 hp=2060
living id=4147 type=hobgoblin pos=183,85,20 hp=1893
living id=4148 type=goblinleader pos=59,140,20 hp=1868
living id=4149 type=hobgoblinkaiser pos=136,156,20 hp=2399
living id=4150 type=goblin pos=35,118,20 hp=1054
living id=4151 type=redslime pos=139,151,20 hp=1127
living id=4152 type=goblinleader pos=116,158,20 hp=1752
living id=4153 type=cyclop pos=137,48,20 hp=1705
living id=4154 type=goblinleader pos=166,130,20 hp=1871
living id=4155 type=hobgoblinkaiser pos=100,121,20 hp=2070
living id=4156 type=hobgoblinkaiser pos=178,81,20 hp=2324
living id=4157 type=goblinleader pos=102,104,20 hp=1395
living id=4158 type=cyclop pos=11,95,20 hp=1768
living id=4159 type=redslime pos=109,138,20 hp=882
living id=4160 type=cyclop pos=44,142,20 hp=1976
living id=4161 type=cyclop pos=134,164,20 hp=2491
living id=4162 type=cyclop pos=142,169,20 hp=2132
living id=4163 type=hobgoblin pos=166,109,20 hp=1766
living id=4164 type=hobgoblinkaiser pos=101,104,20 hp=2276
living id=4165 type=goblin pos=66,181,20 hp=863
living id=4166 type=giantspider pos=25,181,20 hp=999
living id=4167 type=giantspider pos=89,40,20 hp=882
living id=4168 type=hobgoblin pos=117,44,20 hp=2089
living id=4169 type=giantspider pos=117,36,20 hp=1111
living id=4170 type=goblinleader pos=117,57,20 hp=1787
living id=4171 type=goblin pos=46,95,20 hp=912
living id=4172 type=hobgoblinkaiser pos=7,137,20 hp=1766
living id=4173 type=hobgoblinkaiser pos=121,185,20 hp=2213
living id=4174 type=hobgoblin pos=17,124,20 hp=1758
living id=4175 type=redslime pos=97,89,20 hp=866
living id=4176 type=redslime pos=131,42,20 hp=1083
living id=4177 type=giantspider pos=140,101,20 hp=975
living id=4178 type=goblinleader pos=173,16,20 hp=1776
living id=4179 type=redslime pos=138,139,20 hp=994
living id=4180 type=redslime pos=103,69,20 hp=1048
living id=4181 type=goblin pos=164,82,20 hp=934
living id=4182 type=goblinleader pos=89,74,20 hp=1716
living id=4183 type=hobgoblin pos=69,34,20 hp=2156
living id=4184 type=giantspider pos=2,144,20 hp=931
living id=4185 type=goblin pos=162,78,20 hp=1104
living id=4186 type=hobgoblinkaiser pos=25,116,20 hp=1761
living id=4187 type=hobgoblin pos=190,174,20 hp=1966
living id=4188 type=goblin pos=107,136,20 hp=947
living id=4189 type=hobgoblin pos=180,77,20 hp=2072
living id=4190 type=hobgoblin pos=28,103,20 hp=1791
living id=4191 type=redslime pos=90,171,20 hp=965
living id=4192 type=hobgoblinkaiser pos=31,196,20 hp=2623
living id=4193 type=cyclop pos=8,133,20 hp=1699
living id=4194 type=goblin pos=138,43,20 hp=1017
living id=4195 type=cyclop pos=44,48,20 hp=2103
living id=4196 type=goblinleader pos=33,21,20 hp=2012
living id=4197 type=cyclop pos=141,103,20 hp=1805
living id=4198 type=hobgoblinkaiser pos=64,35,20 hp=2449
living id=4199 type=giantspider pos=94,148,20 hp=862
living id=4200 type=redslime pos=51,139,20 hp=1003
living id=4201 type=goblinleader pos=116,17,20 hp=1663
living id=4202 type=hobgoblinkaiser pos=143,132,20 hp=2484
living id=4203 type=goblin pos=153,127,20 hp=946
living id=4204 type=hobgoblinkaiser pos=2,148,20 hp=2602
living id=4205 type=cyclop pos=115,48,20 hp=2147
living id=4206 type=redslime pos=97,90,20 hp=1000
living id=4207 type=cyclop pos=189,59,20 hp=2474
living id=4208 type=hobgoblin pos=119,118,20 hp=2081
living id=4209 type=cyclop pos=120,73,20 hp=2040
living id=4210 type=redslime pos=10,151,20 hp=999
living id=4211 type=cyclop pos=111,41,20 hp=2000
living id=4212 type=hobgoblinkaiser pos=157,146,20 hp=2488
living id=4213 type=goblin pos=90,151,20 hp=1000
living id=4214 type=hobgoblinkaiser pos=45,89,20 hp=1947
living id=4215 type=goblinleader pos=101,98,20 hp=1719
living id=4216 type=hobgoblinkaiser pos=17,130,20 hp=2419
living id=4217 type=goblin pos=186,110,20 hp=1079
living id=4218 type=goblin pos=10,106,20 hp=874
living id=4219 type=hobgoblin pos=70,172,20 hp=1905
living id=4220 type=hobgoblin pos=177,14,20 hp=1839
living id=4221 type=hobgoblin pos=5,175,20 hp=1664
living id=4222 type=hobgoblinkaiser pos=161,189,20 hp=2610
living id=4223 type=goblin pos=24,9,20 hp=862
living id=4224 type=giantspider pos=50,158,20 hp=1017
living id=4225 type=cyclop pos=43,194,20 hp=1852
living id=4226 type=goblinleader pos=189,58,20 hp=1908
living id=4227 type=hobgoblinkaiser pos=7,172,20 hp=1791
living id=4228 type=hobgoblin pos=101,107,20 hp=1637
living id=4229 type=goblinleader pos=53,90,20 hp=1982
living id=4230 type=goblinleader pos=77,118,20 hp=1530
living id=4231 type=goblinleader pos=77,36,20 hp=1885
living id=4232 type=hobgoblinkaiser pos=83,77,20 hp=1782
living id=4233 type=cyclop pos=68,105,20 hp=2207
living id=4234 type=cyclop pos=174,73,20 hp=2181
living id=4235 type=redslime pos=79,38,20 hp=959
living id=4236 type=goblin pos=185,154,20 hp=1138
living id=4237 type=goblin pos=132,99,20 hp=856
living id=4238 type=giantspider pos=17,168,20 hp=982
living id=4239 type=goblinleader pos=10,147,20 hp=1496
living id=4240 type=goblin pos=15,183,20 hp=961
living id=4241 type=hobgoblin pos=136,149,20 hp=1904
living id=4242 type=giantspider pos=44,139,20 hp=879
living id=4243 type=hobgoblin pos=55,195,20 hp=1957
living id=4244 type=redslime pos=49,137,20 hp=1041
living id=4245 type=goblinleader pos=62,40,20 hp=1604
living id=4246 type=giantspider pos=155,180,20 hp=955
living id=4247 type=hobgoblin pos=28,183,20 hp=2130
living id=4248 type=goblin pos=86,65,20 hp=922
living id=4249 type=hobgoblinkaiser pos=5,127,20 hp=2559
living id=4250 type=cyclop pos=42,140,20 hp=2002
living id=4251 type=hobgoblin pos=83,188,20 hp=1730
living id=4252 type=hobgoblin pos=91,197,20 hp=2128
living id=4253 type=hobgoblinkaiser pos=130,18,20 hp=2501
living id=4254 type=hobgoblinkaiser pos=55,9,20 hp=1787
living id=4255 type=redslime pos=147,123,20 hp=1021
living id=4256 type=cyclop pos=42,48,20 hp=1776
living id=4257 type=cyclop pos=198,18,20 hp=2492
living id=4258 type=goblinleader pos=49,138,20 hp=1988
living id=4259 type=redslime pos=137,51,20 hp=855
living id=4260 type=giantspider pos=1,69,20 hp=980
living id=4261 type=redslime pos=114,8,20 hp=917
living id=4262 type=redslime pos=88,22,20 hp=907
living id=4263 type=goblin pos=131,38,20 hp=1099
living id=4264 type=goblinleader pos=27,182,20 hp=1697
living id=4265 type=redslime pos=195,60,20 hp=996
living id=4266 type=giantspider pos=114,139,20 hp=1082
living id=4267 type=cyclop pos=95,4,20 hp=1860
living id=4268 type=goblin pos=82,71,20 hp=864
living id=4269 type=goblinleader pos=133,39,20 hp=1573
living id=4270 type=hobgoblin pos=115,172,20 hp=2055
living id=4271 type=redslime pos=42,136,20 hp=1069
living id=4272 type=cyclop pos=37,26,20 hp=2267
living id=4273 type=goblin pos=24,121,20 hp=1077
living id=4274 type=redslime pos=182,140,20 hp=1107
living id=4275 type=goblinleader pos=22,154,20 hp=1999
living id=4276 type=cyclop pos=135,121,20 hp=1848
living id=4277 type=hobgoblinkaiser pos=195,14,20 hp=2276
living id=4278 type=cyclop pos=100,190,20 hp=1937
living id=4279 type=hobgoblinkaiser pos=175,16,20 hp=2631
living id=4280 type=hobgoblinkaiser pos=51,157,20 hp=2449
living id=4281 type=hobgoblin pos=95,152,20 hp=1674
living id=4282 type=hobgoblin pos=50,173,20 hp=2025
living id=4283 type=giantspider pos=86,152,20 hp=870
living id=4284 type=giantspider pos=86,152,20 hp=949
living id=4285 type=redslime pos=18,35,20 hp=1020
living id=4286 type=hobgoblinkaiser pos=88,187,20 hp=1924
living id=4287 type=hobgoblinkaiser pos=2,67,20 hp=2356
living id=4288 type=hobgoblin pos=88,34,20 hp=2136
living id=4289 type=redslime pos=119,170,20 hp=986
living id=4290 type=cyclop pos=177,78,20 hp=2058
living id=4291 type=goblin pos=157,36,20 hp=1016
living id=4292 type=goblinleader pos=38,45,20 hp=1716
living id=4293 type=cyclop pos=59,107,20 hp=2163
living id=4294 type=hobgoblin pos=156,182,20 hp=2176
living id=4295 type=cyclop pos=89,76,20 hp=2284
living id=4296 type=giantspider pos=86,3,20 hp=971
living id=4297 type=goblinleader pos=101,96,20 hp=1445
living id=4298 type=redslime pos=179,150,20 hp=1044
living id=4299 type=hobgoblin pos=109,25,20 hp=1876
living id=4300 type=hobgoblinkaiser pos=4,21,20 hp=1908
living id=4301 type=giantspider pos=134,148,20 hp=866
living id=4302 type=goblinleader pos=24,170,20 hp=1407
living id=4303 type=goblinleader pos=7,151,20 hp=1962
living id=4304 type=goblinleader pos=39,13,20 hp=1489
living id=4305 type=cyclop pos=112,135,20 hp=2172
living id=4306 type=goblinleader pos=122,51,20 hp=1995
living id=4307 type=cyclop pos=62,26,20 hp=2282
living id=4308 type=giantspider pos=35,121,20 hp=1112
living id=4309 type=cyclop pos=19,198,20 hp=1860
living id=4310 type=cyclop pos=67,83,20 hp=2235
living id=4311 type=hobgoblin pos=91,121,20 hp=2014
living id=4312 type=goblin pos=194,17,20 hp=1083
living id=4313 type=hobgoblin pos=39,190,20 hp=2019
living id=4314 type=goblinleader pos=116,37,20 hp=1938
living id=4315 type=hobgoblin pos=46,49,20 hp=2090
living id=4316 type=hobgoblin pos=127,69,20 hp=1621
living id=4317 type=hobgoblin pos=166,63,20 hp=2120
living id=4318 type=goblin pos=94,72,20 hp=1026
living id=4319 type=hobgoblin pos=113,172,20 hp=2112
living id=4320 type=hobgoblin pos=17,40,20 hp=1702
living id=4321 type=hobgoblin pos=174,60,20 hp=2141
living id=4322 type=goblinleader pos=162,35,20 hp=1878
living id=4323 type=redslime pos=158,181,20 hp=1064
living id=4324 type=goblinleader pos=105,119,20 hp=1555
living id=4325 type=giantspider pos=174,55,20 hp=1025
living id=4326 type=redslime pos=58,195,20 hp=1084
living id=4327 type=redslime pos=128,166,20 hp=917
living id=4328 type=giantspider pos=83,37,20 hp=958
living id=4329 type=goblinleader pos=19,146,20 hp=1831
living id=4330 type=redslime pos=102,72,20 hp=1116
living id=4331 type=hobgoblinkaiser pos=110,24,20 hp=2489
living id=4332 type=hobgoblinkaiser pos=104,103,20 hp=2557
living id=4333 type=giantspider pos=114,171,20 hp=1106
living id=4334 type=giantspider pos=137,79,20 hp=1097
living id=4335 type=hobgoblinkaiser pos=37,122,20 hp=1839
living id=4336 type=goblin pos=29,144,20 hp=1112
living id=4337 type=redslime pos=110,44,20 hp=888
living id=4338 type=giantspider pos=67,38,20 hp=968
living id=4339 type=hobgoblin pos=100,196,20 hp=1663
living id=4340 type=goblinleader pos=27,181,20 hp=1466
living id=4341 type=cyclop pos=80,77,20 hp=1774
living id=4342 type=goblin pos=95,170,20 hp=1139
living id=4343 type=goblin pos=108,168,20 hp=899
living id=4344 type=redslime pos=166,106,20 hp=1132
living id=4345 type=goblinleader pos=155,153,20 hp=1470
living id=4346 type=cyclop pos=196,36,20 hp=2397
living id=4347 type=hobgoblinkaiser pos=100,120,20 hp=1866
living id=4348 type=hobgoblinkaiser pos=157,74,20 hp=2473
living id=4349 type=giantspider pos=143,168,20 hp=933
living id=4350 type=giantspider pos=165,140,20 hp=876
living id=4351 type=hobgoblinkaiser pos=57,20,20 hp=2601
living id=4352 type=redslime pos=41,140,20 hp=891
living id=4353 type=cyclop pos=20,93,20 hp=2439
living id=4354 type=hobgoblin pos=114,185,20 hp=1642
living id=4355 type=giantspider pos=53,6,20 hp=946
living id=4356 type=cyclop pos=105,138,20 hp=2265
living id=4357 type=hobgoblin pos=21,180,20 hp=1709
living id=4358 type=hobgoblin pos=92,91,20 hp=2043
living id=4359 type=giantspider pos=10,133,20 hp=1146
living id=4360 type=hobgoblin pos=103,120,20 hp=1858
living id=4361 type=goblin pos=49,143,20 hp=1001
living id=4362 type=giantspider pos=20,196,20 hp=935
living id=4363 type=redslime pos=57,140,20 hp=986
living id=4364 type=cyclop pos=21,186,20 hp=2531
living id=4365 type=hobgoblin pos=34,119,20 hp=1802
living id=4366 type=giantspider pos=98,36,20 hp=992
living id=4367 type=redslime pos=137,125,20 hp=1059
living id=4368 type=hobgoblin pos=122,185,20 hp=1921
living id=4369 type=hobgoblin pos=51,140,20 hp=1826
living id=4370 type=goblin pos=7,23,20 hp=1011
living id=4371 type=goblinleader pos=127,153,20 hp=1790
living id=4372 type=hobgoblinkaiser pos=79,135,20 hp=2342
living id=4373 type=giantspider pos=135,96,20 hp=913
living id=4374 type=goblin pos=123,16,20 hp=1131
living id=4375 type=giantspider pos=67,160,20 hp=1058
living id=4376 type=goblin pos=198,33,20 hp=917
living id=4377 type=goblinleader pos=67,196,20 hp=1698
living id=4378 type=giantspider pos=177,59,20 hp=962
living id=4379 type=goblin pos=128,122,20 hp=1079
living id=4380 type=hobgoblin pos=119,37,20 hp=2043
living id=4381 type=giantspider pos=68,86,20 hp=1085
living id=4382 type=hobgoblinkaiser pos=107,120,20 hp=2278
living id=4383 type=goblinleader pos=95,6,20 hp=1382
living id=4384 type=hobgoblinkaiser pos=41,43,20 hp=2483
living id=4385 type=hobgoblinkaiser pos=7,137,20 hp=2183
living id=4386 type=hobgoblinkaiser pos=57,131,20 hp=1955
living id=4387 type=cyclop pos=67,194,20 hp=1855
living id=4388 type=hobgoblinkaiser pos=111,42,20 hp=2635
living id=4389 type=redslime pos=183,166,20 hp=1030
living id=4390 type=hobgoblinkaiser pos=179,146,20 hp=2450
living id=4391 type=goblinleader pos=126,64,20 hp=1787
living id=4392 type=goblin pos=131,119,20 hp=924
living id=4393 type=hobgoblin pos=136,15,20 hp=1845
living id=4394 type=goblinleader pos=69,191,20 hp=1913
living id=4395 type=giantspider pos=108,182,20 hp=853
living id=4396 type=giantspider pos=119,70,20 hp=941
living id=4397 type=goblinleader pos=115,17,20 hp=1627
living id=4398 type=goblin pos=133,111,20 hp=894
living id=4399 type=hobgoblin pos=113,47,20 hp=1905
living id=4400 type=goblinleader pos=137,96,20 hp=1855
living id=4401 type=cyclop pos=98,66,20 hp=2536
living id=4402 type=goblin pos=100,194,20 hp=880
living id=4403 type=goblinleader pos=58,143,20 hp=1667
living id=4404 type=hobgoblinkaiser pos=11,150,20 hp=2236
living id=4405 type=goblinleader pos=109,186,20 hp=1959
living id=4406 type=goblin pos=53,3,20 hp=1040
living id=4407 type=redslime pos=194,55,20 hp=916
living id=4408 type=hobgoblin pos=132,14,20 hp=1803
living id=4409 type=goblinleader pos=132,152,20 hp=1542
living id=4410 type=redslime pos=47,141,20 hp=862
living id=4411 type=redslime pos=118,72,20 hp=1035
living id=4412 type=hobgoblinkaiser pos=113,68,20 hp=2091
living id=4413 type=redslime pos=27,147,20 hp=1064
living id=4414 type=goblinleader pos=82,118,20 hp=1675
living id=4415 type=hobgoblin pos=130,169,20 hp=2016
living id=4416 type=goblinleader pos=96,72,20 hp=1830
living id=4417 type=goblinleader pos=155,152,20 hp=1597
living id=4418 type=redslime pos=25,147,20 hp=916
living id=4419 type=cyclop pos=86,3,20 hp=1776
living id=4420 type=redslime pos=186,135,20 hp=958
living id=4421 type=giantspider pos=31,85,20 hp=934
living id=4422 type=cyclop pos=120,74,20 hp=2212
living id=4423 type=cyclop pos=137,136,20 hp=2521
living id=4424 type=redslime pos=177,75,20 hp=1002
living id=4425 type=goblinleader pos=19,15,20 hp=1685
living id=4426 type=goblin pos=170,89,20 hp=943
living id=4427 type=goblin pos=84,188,20 hp=1073
living id=4428 type=goblinleader pos=81,69,20 hp=1988
living id=4429 type=goblinleader pos=41,13,20 hp=1843
living id=4430 type=hobgoblin pos=95,153,20 hp=1910
living id=4431 type=giantspider pos=79,39,20 hp=930
living id=4432 type=hobgoblinkaiser pos=91,189,20 hp=2353
living id=4433 type=hobgoblinkaiser pos=111,147,20 hp=2117
living id=4434 type=hobgoblin pos=91,22,20 hp=1941
living id=4435 type=hobgoblin pos=120,74,20 hp=1690
living id=4436 type=hobgoblin pos=185,169,20 hp=1886
living id=4437 type=hobgoblinkaiser pos=155,182,20 hp=1804
living id=4438 type=redslime pos=44,137,20 hp=1068
living id=4439 type=hobgoblinkaiser pos=30,26,20 hp=2271
living id=4440 type=hobgoblinkaiser pos=5,130,20 hp=2604
living id=4441 type=giantspider pos=21,147,20 hp=1035
living id=4442 type=giantspider pos=103,123,20 hp=1103
living id=4443 type=hobgoblinkaiser pos=4,126,20 hp=2082
living id=4444 type=goblinleader pos=83,3,20 hp=1487
living id=4445 type=giantspider pos=147,109,20 hp=965
living id=4446 type=goblin pos=185,170,20 hp=954
living id=4447 type=redslime pos=185,162,20 hp=860
living id=4448 type=redslime pos=44,95,20 hp=914
living id=4449 type=hobgoblin pos=196,52,20 hp=2118
living id=4450 type=hobgoblinkaiser pos=53,122,20 hp=2040
living id=4451 type=goblinleader pos=144,128,20 hp=1434
living id=4452 type=giantspider pos=69,193,20 hp=1104
living id=4453 type=hobgoblin pos=166,37,20 hp=1647
living id=4454 type=hobgoblin pos=107,68,20 hp=1630
living id=4455 type=hobgoblinkaiser pos=44,174,20 hp=2417
living id=4456 type=hobgoblinkaiser pos=39,7,20 hp=2426
living id=4457 type=giantspider pos=57,118,20 hp=935
living id=4458 type=goblin pos=43,138,20 hp=889
living id=4459 type=hobgoblin pos=130,63,20 hp=2042
living id=4460 type=hobgoblin pos=120,115,20 hp=2164
living id=4461 type=hobgoblin pos=134,149,20 hp=2142
living id=4462 type=redslime pos=19,42,20 hp=883
living id=4463 type=cyclop pos=68,162,20 hp=2325
living id=4464 type=redslime pos=157,141,20 hp=952
living id=4465 type=goblinleader pos=96,71,20 hp=1391
living id=4466 type=goblin pos=128,168,20 hp=1127
living id=4467 type=giantspider pos=33,195,20 hp=995
living id=4468 type=goblinleader pos=91,198,20 hp=1601
living id=4469 type=hobgoblinkaiser pos=183,85,20 hp=2157
living id=4470 type=cyclop pos=123,137,20 hp=2180
living id=4471 type=redslime pos=73,120,20 hp=902
living id=4472 type=goblin pos=128,162,20 hp=1007
living id=4473 type=goblinleader pos=35,143,20 hp=1928
living id=4474 type=giantspider pos=22,157,20 hp=935
living id=4475 type=giantspider pos=113,77,20 hp=896
living id=4476 type=goblinleader pos=181,151,20 hp=1704
living id=4477 type=giantspider pos=30,20,20 hp=908
living id=4478 type=goblin pos=53,129,20 hp=1082
living id=4479 type=goblinleader pos=8,129,20 hp=1758
living id=4480 type=giantspider pos=129,122,20 hp=1141
living id=4481 type=redslime pos=20,194,20 hp=1009
living id=4482 type=cyclop pos=134,100,20 hp=1910
living id=4483 type=hobgoblin pos=64,50,20 hp=1923
living id=4484 type=hobgoblin pos=139,160,20 hp=1841
living id=4485 type=cyclop pos=184,74,20 hp=1740
living id=4486 type=goblin pos=104,70,20 hp=1052
living id=4487 type=hobgoblin pos=7,130,20 hp=1914
living id=4488 type=cyclop pos=51,162,20 hp=2124
living id=4489 type=hobgoblinkaiser pos=27,111,20 hp=2015
living id=4490 type=hobgoblin pos=58,26,20 hp=1843
living id=4491 type=redslime pos=161,36,20 hp=1014
living id=4492 type=hobgoblin pos=113,169,20 hp=2014
living id=4493 type=giantspider pos=189,61,20 hp=988
living id=4494 type=redslime pos=173,104,20 hp=1044
living id=4495 type=giantspider pos=139,140,20 hp=1004
living id=4496 type=redslime pos=133,184,20 hp=1111
living id=4497 type=cyclop pos=10,35,20 hp=2345
living id=4498 type=goblin pos=35,20,20 hp=1121
living id=4499 type=hobgoblin pos=9,92,20 hp=1884
living id=4500 type=giantspider pos=5,170,20 hp=934
living id=4501 type=redslime pos=42,176,20 hp=1065
living id=4502 type=goblin pos=84,186,20 hp=954
living id=4503 type=goblinleader pos=46,95,20 hp=1427
living id=4504 type=redslime pos=101,71,20 hp=1134
living id=4505 type=redslime pos=44,173,20 hp=1090
living id=4506 type=hobgoblinkaiser pos=17,37,20 hp=1884
living id=4507 type=goblin pos=67,84,20 hp=933
living id=4508 type=cyclop pos=38,173,20 hp=2268
living id=4509 type=giantspider pos=114,71,20 hp=862
living id=4510 type=hobgoblinkaiser pos=103,119,20 hp=2155
living id=4511 type=giantspider pos=52,24,20 hp=916
living id=4512 type=giantspider pos=179,151,20 hp=1051
living id=4513 type=goblin pos=131,18,20 hp=861
living id=4514 type=goblinleader pos=8,89,20 hp=1552
living id=4515 type=redslime pos=54,10,20 hp=892
living id=4516 type=hobgoblin pos=180,191,20 hp=1828
living id=4517 type=goblinleader pos=162,74,20 hp=1697
living id=4518 type=giantspider pos=137,120,20 hp=868
living id=4519 type=hobgoblin pos=66,187,20 hp=2076
living id=4520 type=redslime pos=53,158,20 hp=1052
living id=4521 type=hobgoblinkaiser pos=46,50,20 hp=2012
living id=4522 type=redslime pos=119,75,20 hp=930
living id=4523 type=hobgoblin pos=30,17,20 hp=1901
living id=4524 type=goblinleader pos=162,77,20 hp=1892
living id=4525 type=giantspider pos=6,39,20 hp=970
living id=4526 type=hobgoblinkaiser pos=108,119,20 hp=1810
living id=4527 type=goblin pos=20,197,20 hp=1140
living id=4528 type=hobgoblin pos=6,146,20 hp=2107
living id=4529 type=giantspider pos=31,9,20 hp=943
living id=4530 type=redslime pos=63,89,20 hp=1020
living id=4531 type=hobgoblin pos=26,21,20 hp=1648
living id=4532 type=hobgoblin pos=115,122,20 hp=1618
living id=4533 type=giantspider pos=111,43,20 hp=975
living id=4534 type=hobgoblinkaiser pos=86,6,20 hp=2479
living id=4535 type=giantspider pos=31,51,20 hp=1046
living id=4536 type=cyclop pos=48,137,20 hp=2173
living id=4537 type=draukthehobgoblinking pos=54,163,20 hp=2856
living id=4538 type=hobgoblinkaiser pos=82,32,22 hp=2632
living id=4539 type=giantspider pos=55,44,22 hp=1118
living id=4540 type=goblinleader pos=12,135,22 hp=1494
living id=4541 type=direwolfalpha pos=136,182,22 hp=1279
living id=4542 type=redslime pos=104,172,22 hp=1058
living id=4543 type=redslime pos=120,181,22 hp=1108
living id=4544 type=goblinleader pos=113,141,22 hp=1606
living id=4545 type=hobgoblin pos=42,159,22 hp=1706
living id=4546 type=direwolfalpha pos=28,93,22 hp=1483
living id=4547 type=direwolfalpha pos=130,144,22 hp=1628
living id=4548 type=redslime pos=151,141,22 hp=1010
living id=4549 type=giantspider pos=44,167,22 hp=916
living id=4550 type=redslime pos=108,22,22 hp=881
living id=4551 type=redslime pos=76,179,22 hp=1141
living id=4552 type=cyclop pos=8,13,22 hp=2327
living id=4553 type=hobgoblin pos=155,170,22 hp=1646
living id=4554 type=hobgoblin pos=180,150,22 hp=1780
living id=4555 type=cyclop pos=113,34,22 hp=2203
living id=4556 type=cyclop pos=50,126,22 hp=1678
living id=4557 type=direwolf pos=45,33,22 hp=1393
living id=4558 type=hobgoblinkaiser pos=26,130,22 hp=2512
living id=4559 type=goblin pos=62,105,22 hp=1095
living id=4560 type=cyclop pos=144,84,22 hp=2043
living id=4561 type=cyclop pos=152,50,22 hp=1840
living id=4562 type=goblinleader pos=146,166,22 hp=1444
living id=4563 type=giantspider pos=33,40,22 hp=913
living id=4564 type=goblin pos=70,180,22 hp=956
living id=4565 type=goblinleader pos=48,32,22 hp=1499
living id=4566 type=direwolfalpha pos=106,62,22 hp=1476
living id=4567 type=direwolf pos=87,9,22 hp=1444
living id=4568 type=direwolfalpha pos=169,72,22 hp=1339
living id=4569 type=giantspider pos=46,110,22 hp=999
living id=4570 type=goblinleader pos=187,67,22 hp=1680
living id=4571 type=redslime pos=191,145,22 hp=975
living id=4572 type=cyclop pos=78,57,22 hp=1941
living id=4573 type=cyclop pos=33,182,22 hp=1868
living id=4574 type=direwolfalpha pos=24,48,22 hp=1591
living id=4575 type=goblin pos=63,106,22 hp=862
living id=4576 type=redslime pos=29,48,22 hp=875
living id=4577 type=cyclop pos=130,116,22 hp=2056
living id=4578 type=direwolfalpha pos=182,96,22 hp=1515
living id=4579 type=goblin pos=166,192,22 hp=1085
living id=4580 type=goblin pos=22,105,22 hp=1057
living id=4581 type=goblin pos=55,135,22 hp=973
living id=4582 type=giantspider pos=88,44,22 hp=1112
living id=4583 type=direwolf pos=134,11,22 hp=1399
living id=4584 type=cyclop pos=71,110,22 hp=1821
living id=4585 type=hobgoblinkaiser pos=9,113,22 hp=2301
living id=4586 type=direwolfalpha pos=111,49,22 hp=1624
living id=4587 type=direwolfalpha pos=24,6,22 hp=1578
living id=4588 type=direwolfalpha pos=37,18,22 hp=1712
living id=4589 type=direwolf pos=179,74,22 hp=1589
living id=4590 type=redslime pos=54,180,22 hp=930
living id=4591 type=hobgoblinkaiser pos=2,189,22 hp=1799
living id=4592 type=redslime pos=148,36,22 hp=1032
living id=4593 type=hobgoblinkaiser pos=136,137,22 hp=2051
living id=4594 type=hobgoblinkaiser pos=45,187,22 hp=2636
living id=4595 type=cyclop pos=116,188,22 hp=2472
living id=4596 type=giantspider pos=72,166,22 hp=1011
living id=4597 type=cyclop pos=38,137,22 hp=2170
living id=4598 type=goblinleader pos=70,114,22 hp=1969
living id=4599 type=hobgoblin pos=173,88,22 hp=1634
living id=4600 type=hobgoblinkaiser pos=154,59,22 hp=2491
living id=4601 type=direwolfalpha pos=178,191,22 hp=1528
living id=4602 type=cyclop pos=191,194,22 hp=2327
living id=4603 type=hobgoblinkaiser pos=190,76,22 hp=2358
living id=4604 type=cyclop pos=56,125,22 hp=2033
living id=4605 type=hobgoblin pos=104,172,22 hp=2168
living id=4606 type=hobgoblinkaiser pos=155,171,22 hp=2159
living id=4607 type=cyclop pos=105,176,22 hp=2015
living id=4608 type=goblinleader pos=140,45,22 hp=1957
living id=4609 type=hobgoblin pos=66,160,22 hp=2022
living id=4610 type=redslime pos=3,185,22 hp=1095
living id=4611 type=cyclop pos=10,33,22 hp=2482
living id=4612 type=direwolfalpha pos=3,1,22 hp=1582
living id=4613 type=goblin pos=191,16,22 hp=1144
living id=4614 type=direwolfalpha pos=196,82,22 hp=1594
living id=4615 type=hobgoblin pos=24,107,22 hp=2021
living id=4616 type=hobgoblin pos=115,117,22 hp=2029
living id=4617 type=giantspider pos=139,104,22 hp=1147
living id=4618 type=goblinleader pos=154,25,22 hp=1981
living id=4619 type=hobgoblin pos=133,44,22 hp=1969
living id=4620 type=hobgoblin pos=14,32,22 hp=1625
living id=4621 type=direwolf pos=150,134,22 hp=1647
living id=4622 type=hobgoblin pos=84,168,22 hp=1916
living id=4623 type=direwolfalpha pos=25,39,22 hp=1480
living id=4624 type=cyclop pos=80,107,22 hp=2087
living id=4625 type=direwolfalpha pos=192,127,22 hp=1520
living id=4626 type=direwolfalpha pos=143,14,22 hp=1635
living id=4627 type=hobgoblinkaiser pos=60,158,22 hp=2561
living id=4628 type=goblin pos=80,2,22 hp=978
living id=4629 type=cyclop pos=109,186,22 hp=2202
living id=4630 type=direwolfalpha pos=21,193,22 hp=1419
living id=4631 type=giantspider pos=43,166,22 hp=941
living id=4632 type=cyclop pos=159,169,22 hp=1977
living id=4633 type=giantspider pos=176,187,22 hp=1091
living id=4634 type=hobgoblin pos=100,95,22 hp=1997
living id=4635 type=direwolf pos=49,178,22 hp=1548
living id=4636 type=giantspider pos=139,52,22 hp=964
living id=4637 type=redslime pos=98,74,22 hp=1038
living id=4638 type=direwolf pos=154,181,22 hp=1487
living id=4639 type=cyclop pos=12,60,22 hp=1895
living id=4640 type=giantspider pos=126,137,22 hp=867
living id=4641 type=goblin pos=111,163,22 hp=884
living id=4642 type=direwolf pos=115,170,22 hp=1420
living id=4643 type=hobgoblinkaiser pos=71,27,22 hp=2001
living id=4644 type=goblin pos=110,40,22 hp=968
living id=4645 type=goblinleader pos=26,149,22 hp=1563
living id=4646 type=goblin pos=184,117,22 hp=912
living id=4647 type=cyclop pos=96,117,22 hp=2325
living id=4648 type=direwolf pos=151,113,22 hp=1593
living id=4649 type=hobgoblinkaiser pos=109,67,22 hp=1816
living id=4650 type=goblinleader pos=126,102,22 hp=1540
living id=4651 type=goblin pos=7,78,22 hp=910
living id=4652 type=hobgoblin pos=191,75,22 hp=1959
living id=4653 type=hobgoblin pos=191,149,22 hp=1816
living id=4654 type=goblinleader pos=64,94,22 hp=1878
living id=4655 type=giantspider pos=52,120,22 hp=851
living id=4656 type=hobgoblin pos=37,84,22 hp=1872
living id=4657 type=goblinleader pos=179,128,22 hp=1543
living id=4658 type=goblin pos=187,41,22 hp=972
living id=4659 type=goblin pos=68,194,22 hp=859
living id=4660 type=direwolfalpha pos=44,195,22 hp=1341
living id=4661 type=redslime pos=102,43,22 hp=1092
living id=4662 type=hobgoblinkaiser pos=20,150,22 hp=2172
living id=4663 type=direwolfalpha pos=20,14,22 hp=1369
living id=4664 type=goblinleader pos=136,16,22 hp=1725
living id=4665 type=direwolf pos=78,32,22 hp=1575
living id=4666 type=goblin pos=189,189,22 hp=970
living id=4667 type=direwolfalpha pos=44,32,22 hp=1475
living id=4668 type=hobgoblinkaiser pos=23,129,22 hp=2244
living id=4669 type=giantspider pos=107,160,22 hp=880
living id=4670 type=hobgoblinkaiser pos=30,176,22 hp=2365
living id=4671 type=goblinleader pos=73,179,22 hp=1966
living id=4672 type=direwolf pos=120,72,22 hp=1550
living id=4673 type=cyclop pos=179,121,22 hp=1774
living id=4674 type=giantspider pos=37,36,22 hp=944
living id=4675 type=goblinleader pos=77,54,22 hp=2020
living id=4676 type=redslime pos=64,147,22 hp=1043
living id=4677 type=redslime pos=53,150,22 hp=1013
living id=4678 type=redslime pos=195,55,22 hp=1059
living id=4679 type=direwolf pos=144,166,22 hp=1620
living id=4680 type=direwolf pos=49,51,22 hp=1649
living id=4681 type=hobgoblinkaiser pos=40,20,22 hp=2204
living id=4682 type=giantspider pos=18,45,22 hp=1118
living id=4683 type=giantspider pos=44,46,22 hp=1122
living id=4684 type=hobgoblinkaiser pos=127,20,22 hp=2205
living id=4685 type=hobgoblin pos=136,64,22 hp=1947
living id=4686 type=hobgoblin pos=171,12,22 hp=1833
living id=4687 type=redslime pos=99,156,22 hp=1043
living id=4688 type=direwolfalpha pos=168,56,22 hp=1626
living id=4689 type=hobgoblin pos=147,82,22 hp=1861
living id=4690 type=hobgoblin pos=88,139,22 hp=2154
living id=4691 type=goblin pos=120,162,22 hp=1024
living id=4692 type=direwolfalpha pos=115,193,22 hp=1447
living id=4693 type=direwolf pos=186,127,22 hp=1475
living id=4694 type=goblin pos=2,58,22 hp=877
living id=4695 type=cyclop pos=122,133,22 hp=2373
living id=4696 type=direwolfalpha pos=52,175,22 hp=1723
living id=4697 type=goblinleader pos=99,106,22 hp=1819
living id=4698 type=goblinleader pos=138,146,22 hp=1404
living id=4699 type=giantspider pos=95,55,22 hp=1023
living id=4700 type=redslime pos=135,33,22 hp=1070
living id=4701 type=goblinleader pos=163,50,22 hp=1785
living id=4702 type=giantspider pos=43,121,22 hp=986
living id=4703 type=direwolf pos=30,5,22 hp=1513
living id=4704 type=hobgoblin pos=40,12,22 hp=1764
living id=4705 type=goblinleader pos=57,11,22 hp=1712
living id=4706 type=giantspider pos=162,123,22 hp=860
living id=4707 type=goblinleader pos=137,51,22 hp=1588
living id=4708 type=direwolfalpha pos=52,8,22 hp=1427
living id=4709 type=direwolf pos=95,63,22 hp=1473
living id=4710 type=direwolfalpha pos=152,133,22 hp=1704
living id=4711 type=giantspider pos=63,26,22 hp=911
living id=4712 type=goblin pos=47,25,22 hp=968
living id=4713 type=hobgoblinkaiser pos=164,168,22 hp=2313
living id=4714 type=goblinleader pos=31,28,22 hp=1761
living id=4715 type=cyclop pos=86,17,22 hp=1699
living id=4716 type=hobgoblinkaiser pos=101,116,22 hp=2470
living id=4717 type=goblinleader pos=182,127,22 hp=1946
living id=4718 type=direwolf pos=8,106,22 hp=1374
living id=4719 type=cyclop pos=15,42,22 hp=2339
living id=4720 type=goblin pos=177,143,22 hp=864
living id=4721 type=goblin pos=121,123,22 hp=967
living id=4722 type=direwolf pos=116,42,22 hp=1334
living id=4723 type=cyclop pos=166,100,22 hp=2031
living id=4724 type=direwolfalpha pos=123,123,22 hp=1609
living id=4725 type=goblin pos=93,34,22 hp=1045
living id=4726 type=goblin pos=144,21,22 hp=899
living id=4727 type=giantspider pos=168,65,22 hp=994
living id=4728 type=direwolfalpha pos=86,157,22 hp=1640
living id=4729 type=giantspider pos=59,107,22 hp=995
living id=4730 type=goblin pos=69,55,22 hp=969
living id=4731 type=direwolfalpha pos=99,77,22 hp=1601
living id=4732 type=cyclop pos=45,109,22 hp=1756
living id=4733 type=goblin pos=10,119,22 hp=1121
living id=4734 type=direwolfalpha pos=166,7,22 hp=1381
living id=4735 type=hobgoblin pos=41,165,22 hp=2130
living id=4736 type=direwolfalpha pos=112,126,22 hp=1361
living id=4737 type=goblinleader pos=91,166,22 hp=1956
living id=4738 type=direwolfalpha pos=124,120,22 hp=1426
living id=4739 type=goblin pos=157,30,22 hp=1042
living id=4740 type=goblinleader pos=80,5,22 hp=1521
living id=4741 type=redslime pos=26,93,22 hp=1045
living id=4742 type=redslime pos=73,160,22 hp=1027
living id=4743 type=direwolfalpha pos=108,102,22 hp=1321
living id=4744 type=goblin pos=186,121,22 hp=1053
living id=4745 type=hobgoblin pos=151,16,22 hp=1944
living id=4746 type=goblinleader pos=140,42,22 hp=1940
living id=4747 type=giantspider pos=52,140,22 hp=1025
living id=4748 type=giantspider pos=82,49,22 hp=990
living id=4749 type=hobgoblinkaiser pos=7,117,22 hp=2456
living id=4750 type=direwolf pos=27,149,22 hp=1429
living id=4751 type=direwolf pos=11,53,22 hp=1649
living id=4752 type=direwolf pos=132,10,22 hp=1444
living id=4753 type=goblinleader pos=162,48,22 hp=1495
living id=4754 type=hobgoblinkaiser pos=178,83,22 hp=2391
living id=4755 type=hobgoblinkaiser pos=160,182,22 hp=2163
living id=4756 type=hobgoblinkaiser pos=56,40,22 hp=1966
living id=4757 type=goblin pos=187,106,22 hp=1086
living id=4758 type=goblinleader pos=54,105,22 hp=1532
living id=4759 type=redslime pos=117,32,22 hp=894
living id=4760 type=hobgoblin pos=175,64,22 hp=1701
living id=4761 type=cyclop pos=174,40,22 hp=2483
living id=4762 type=goblin pos=51,125,22 hp=1134
living id=4763 type=direwolfalpha pos=2,168,22 hp=1521
living id=4764 type=redslime pos=170,42,22 hp=1058
living id=4765 type=giantspider pos=102,27,22 hp=868
living id=4766 type=giantspider pos=173,109,22 hp=852
living id=4767 type=direwolf pos=178,78,22 hp=1390
living id=4768 type=giantspider pos=30,57,22 hp=983
living id=4769 type=giantspider pos=173,68,22 hp=918
living id=4770 type=cyclop pos=94,104,22 hp=2263
living id=4771 type=giantspider pos=158,64,22 hp=1037
living id=4772 type=direwolf pos=166,11,22 hp=1327
living id=4773 type=direwolf pos=142,198,22 hp=1639
living id=4774 type=goblinleader pos=175,150,22 hp=1811
living id=4775 type=direwolf pos=85,186,22 hp=1483
living id=4776 type=goblin pos=94,106,22 hp=1015
living id=4777 type=direwolfalpha pos=66,149,22 hp=1499
living id=4778 type=hobgoblinkaiser pos=39,150,22 hp=1837
living id=4779 type=cyclop pos=142,102,22 hp=2523
living id=4780 type=redslime pos=55,47,22 hp=952
living id=4781 type=hobgoblinkaiser pos=33,46,22 hp=2146
living id=4782 type=redslime pos=88,111,22 hp=955
living id=4783 type=goblin pos=20,148,22 hp=1082
living id=4784 type=giantspider pos=128,103,22 hp=887
living id=4785 type=direwolfalpha pos=26,171,22 hp=1583
living id=4786 type=hobgoblin pos=25,84,22 hp=2057
living id=4787 type=hobgoblin pos=12,120,22 hp=2084
living id=4788 type=hobgoblin pos=67,88,22 hp=2028
living id=4789 type=redslime pos=59,147,22 hp=1101
living id=4790 type=redslime pos=145,147,22 hp=1013
living id=4791 type=direwolf pos=116,155,22 hp=1625
living id=4792 type=redslime pos=135,138,22 hp=1103
living id=4793 type=redslime pos=30,51,22 hp=943
living id=4794 type=redslime pos=137,190,22 hp=952
living id=4795 type=goblin pos=27,99,22 hp=1112
living id=4796 type=giantspider pos=98,10,22 hp=1022
living id=4797 type=cyclop pos=188,120,22 hp=2164
living id=4798 type=redslime pos=57,149,22 hp=936
living id=4799 type=redslime pos=129,175,22 hp=928
living id=4800 type=giantspider pos=151,48,22 hp=1017
living id=4801 type=goblinleader pos=141,5,22 hp=1841
living id=4802 type=hobgoblin pos=183,31,22 hp=1784
living id=4803 type=redslime pos=97,167,22 hp=1015
living id=4804 type=hobgoblin pos=18,190,22 hp=1649
living id=4805 type=goblin pos=72,67,22 hp=1086
living id=4806 type=redslime pos=21,2,22 hp=1096
living id=4807 type=direwolfalpha pos=169,115,22 hp=1637
living id=4808 type=hobgoblin pos=78,6,22 hp=1924
living id=4809 type=goblinleader pos=196,6,22 hp=1635
living id=4810 type=cyclop pos=154,126,22 hp=2326
living id=4811 type=cyclop pos=174,84,22 hp=2427
living id=4812 type=redslime pos=39,120,22 hp=928
living id=4813 type=direwolfalpha pos=57,158,22 hp=1396
living id=4814 type=giantspider pos=177,2,22 hp=861
living id=4815 type=redslime pos=174,194,22 hp=885
living id=4816 type=giantspider pos=146,47,22 hp=1074
living id=4817 type=goblinleader pos=77,182,22 hp=1445
living id=4818 type=direwolf pos=165,198,22 hp=1406
living id=4819 type=cyclop pos=127,128,22 hp=2034
living id=4820 type=giantspider pos=51,126,22 hp=853
living id=4821 type=direwolf pos=168,160,22 hp=1566
living id=4822 type=hobgoblinkaiser pos=197,187,22 hp=2037
living id=4823 type=hobgoblinkaiser pos=163,140,22 hp=2390
living id=4824 type=redslime pos=160,172,22 hp=1092
living id=4825 type=direwolf pos=55,137,22 hp=1611
living id=4826 type=goblin pos=185,171,22 hp=1120
living id=4827 type=direwolf pos=79,97,22 hp=1599
living id=4828 type=direwolfalpha pos=138,89,22 hp=1549
living id=4829 type=hobgoblin pos=183,179,22 hp=1649
living id=4830 type=redslime pos=179,78,22 hp=1145
living id=4831 type=redslime pos=137,35,22 hp=1147
living id=4832 type=hobgoblin pos=169,53,22 hp=1768
living id=4833 type=goblinleader pos=50,8,22 hp=1666
living id=4834 type=goblin pos=17,51,22 hp=912
living id=4835 type=hobgoblin pos=65,3,22 hp=2117
living id=4836 type=hobgoblin pos=186,9,22 hp=2116
living id=4837 type=goblin pos=52,95,22 hp=1124
living id=4838 type=goblinleader pos=6,33,22 hp=1788
living id=4839 type=redslime pos=82,57,22 hp=1047
living id=4840 type=direwolf pos=127,88,22 hp=1436
living id=4841 type=goblinleader pos=167,6,22 hp=1796
living id=4842 type=direwolf pos=190,55,22 hp=1370
living id=4843 type=goblinleader pos=117,75,22 hp=1558
living id=4844 type=hobgoblinkaiser pos=61,174,22 hp=2066
living id=4845 type=direwolfalpha pos=20,44,22 hp=1660
living id=4846 type=cyclop pos=90,86,22 hp=2441
living id=4847 type=hobgoblinkaiser pos=18,175,22 hp=2300
living id=4848 type=goblinleader pos=3,16,22 hp=1975
living id=4849 type=hobgoblinkaiser pos=121,198,22 hp=2507
living id=4850 type=goblinleader pos=28,166,22 hp=1770
living id=4851 type=hobgoblinkaiser pos=27,198,22 hp=2647
living id=4852 type=direwolfalpha pos=18,45,22 hp=1325
living id=4853 type=cyclop pos=174,11,22 hp=1747
living id=4854 type=goblin pos=4,22,22 hp=1131
living id=4855 type=goblinleader pos=119,94,22 hp=1492
living id=4856 type=goblin pos=178,192,22 hp=873
living id=4857 type=direwolf pos=121,119,22 hp=1549
living id=4858 type=hobgoblinkaiser pos=189,28,22 hp=2586
living id=4859 type=hobgoblinkaiser pos=174,109,22 hp=1935
living id=4860 type=goblinleader pos=148,119,22 hp=1528
living id=4861 type=direwolf pos=194,106,22 hp=1637
living id=4862 type=giantspider pos=124,122,22 hp=1143
living id=4863 type=redslime pos=162,136,22 hp=1015
living id=4864 type=direwolf pos=164,48,22 hp=1349
living id=4865 type=redslime pos=117,49,22 hp=952
living id=4866 type=hobgoblinkaiser pos=166,8,22 hp=1794
living id=4867 type=cyclop pos=15,116,22 hp=2165
living id=4868 type=direwolfalpha pos=94,59,22 hp=1715
living id=4869 type=direwolf pos=61,193,22 hp=1524
living id=4870 type=goblinleader pos=127,108,22 hp=1859
living id=4871 type=hobgoblin pos=8,156,22 hp=1754
living id=4872 type=cyclop pos=110,182,22 hp=2421
living id=4873 type=direwolf pos=141,162,22 hp=1503
living id=4874 type=cyclop pos=122,114,22 hp=1759
living id=4875 type=direwolfalpha pos=159,10,22 hp=1603
living id=4876 type=direwolf pos=101,38,22 hp=1483
living id=4877 type=hobgoblinkaiser pos=118,31,22 hp=2108
living id=4878 type=goblin pos=172,56,22 hp=879
living id=4879 type=direwolf pos=45,88,22 hp=1364
living id=4880 type=cyclop pos=118,189,22 hp=2072
living id=4881 type=giantspider pos=176,36,22 hp=1092
living id=4882 type=giantspider pos=18,45,22 hp=942
living id=4883 type=goblin pos=105,72,22 hp=855
living id=4884 type=redslime pos=13,26,22 hp=1003
living id=4885 type=hobgoblinkaiser pos=153,196,22 hp=1886
living id=4886 type=hobgoblin pos=103,23,22 hp=1751
living id=4887 type=direwolf pos=32,22,22 hp=1529
living id=4888 type=cyclop pos=90,85,22 hp=2325
living id=4889 type=hobgoblinkaiser pos=10,61,22 hp=2011
living id=4890 type=hobgoblinkaiser pos=106,174,22 hp=1769
living id=4891 type=direwolf pos=35,46,22 hp=1423
living id=4892 type=hobgoblin pos=92,166,22 hp=1981
living id=4893 type=direwolfalpha pos=123,16,22 hp=1294
living id=4894 type=goblinleader pos=63,132,22 hp=1668
living id=4895 type=cyclop pos=133,42,22 hp=2520
living id=4896 type=cyclop pos=44,161,22 hp=2219
living id=4897 type=hobgoblinkaiser pos=16,11,22 hp=2072
living id=4898 type=direwolfalpha pos=112,140,22 hp=1327
living id=4899 type=redslime pos=143,50,22 hp=880
living id=4900 type=cyclop pos=44,167,22 hp=2301
living id=4901 type=goblinleader pos=152,185,22 hp=1441
living id=4902 type=redslime pos=182,92,22 hp=1091
living id=4903 type=hobgoblinkaiser pos=20,49,22 hp=2579
living id=4904 type=giantspider pos=76,9,22 hp=918
living id=4905 type=direwolfalpha pos=74,77,22 hp=1654
living id=4906 type=direwolf pos=11,60,22 hp=1488
living id=4907 type=goblinleader pos=7,78,22 hp=1803
living id=4908 type=direwolfalpha pos=84,20,22 hp=1282
living id=4909 type=goblin pos=127,127,22 hp=863
living id=4910 type=redslime pos=123,145,22 hp=990
living id=4911 type=hobgoblinkaiser pos=8,146,22 hp=2262
living id=4912 type=giantspider pos=37,43,22 hp=1008
living id=4913 type=hobgoblinkaiser pos=110,96,22 hp=2405
living id=4914 type=direwolf pos=188,11,22 hp=1575
living id=4915 type=direwolf pos=103,98,22 hp=1458
living id=4916 type=giantspider pos=55,156,22 hp=1072
living id=4917 type=goblin pos=154,93,22 hp=996
living id=4918 type=redslime pos=52,152,22 hp=1027
living id=4919 type=cyclop pos=60,150,22 hp=1745
living id=4920 type=hobgoblin pos=109,75,22 hp=1869
living id=4921 type=goblin pos=40,149,22 hp=1116
living id=4922 type=goblin pos=90,130,22 hp=913
living id=4923 type=hobgoblinkaiser pos=95,4,22 hp=2319
living id=4924 type=hobgoblin pos=156,12,22 hp=2151
living id=4925 type=direwolfalpha pos=94,106,22 hp=1682
living id=4926 type=direwolf pos=51,135,22 hp=1589
living id=4927 type=direwolf pos=190,128,22 hp=1396
living id=4928 type=hobgoblinkaiser pos=97,62,22 hp=2247
living id=4929 type=goblinleader pos=156,136,22 hp=1867
living id=4930 type=hobgoblin pos=39,5,22 hp=1782
living id=4931 type=redslime pos=194,164,22 hp=960
living id=4932 type=giantspider pos=11,123,22 hp=1015
living id=4933 type=hobgoblin pos=147,9,22 hp=1884
living id=4934 type=goblin pos=136,35,22 hp=968
living id=4935 type=cyclop pos=5,29,22 hp=2250
living id=4936 type=hobgoblin pos=28,91,22 hp=2024
living id=4937 type=direwolf pos=42,39,22 hp=1353
living id=4938 type=hobgoblin pos=124,115,22 hp=2154
living id=4939 type=cyclop pos=56,42,22 hp=2413
living id=4940 type=direwolfalpha pos=107,27,22 hp=1618
living id=4941 type=goblin pos=147,198,22 hp=969
living id=4942 type=hobgoblin pos=96,135,22 hp=1894
living id=4943 type=goblin pos=83,88,22 hp=1113
living id=4944 type=redslime pos=140,64,22 hp=1001
living id=4945 type=cyclop pos=181,162,22 hp=2161
living id=4946 type=goblin pos=182,77,22 hp=886
living id=4947 type=redslime pos=110,168,22 hp=1059
living id=4948 type=goblin pos=133,114,22 hp=933
living id=4949 type=giantspider pos=6,131,22 hp=868
living id=4950 type=goblinleader pos=73,26,22 hp=1736
living id=4951 type=hobgoblin pos=114,116,22 hp=1662
living id=4952 type=cyclop pos=55,58,22 hp=1834
living id=4953 type=cyclop pos=196,81,22 hp=1734
living id=4954 type=giantspider pos=43,55,22 hp=994
living id=4955 type=hobgoblinkaiser pos=98,63,22 hp=1844
living id=4956 type=hobgoblin pos=191,171,22 hp=1623
living id=4957 type=direwolfalpha pos=122,149,22 hp=1328
living id=4958 type=direwolf pos=1,171,22 hp=1581
living id=4959 type=hobgoblinkaiser pos=131,86,22 hp=2332
living id=4960 type=goblin pos=162,120,22 hp=1130
living id=4961 type=hobgoblin pos=172,7,22 hp=1647
living id=4962 type=redslime pos=27,135,22 hp=1005
living id=4963 type=cyclop pos=120,191,22 hp=1925
living id=4964 type=redslime pos=182,72,22 hp=1117
living id=4965 type=direwolf pos=113,171,22 hp=1512
living id=4966 type=direwolf pos=51,91,22 hp=1364
living id=4967 type=cyclop pos=126,109,22 hp=1686
living id=4968 type=goblinleader pos=12,128,22 hp=1499
living id=4969 type=goblin pos=184,34,22 hp=1121
living id=4970 type=goblin pos=113,61,22 hp=863
living id=4971 type=direwolfalpha pos=97,178,22 hp=1523
living id=4972 type=cyclop pos=108,162,22 hp=2511
living id=4973 type=goblin pos=25,131,22 hp=1040
living id=4974 type=giantspider pos=74,165,22 hp=855
living id=4975 type=giantspider pos=114,136,22 hp=918
living id=4976 type=hobgoblinkaiser pos=152,91,22 hp=2499
living id=4977 type=direwolfalpha pos=108,144,22 hp=1300
living id=4978 type=direwolf pos=26,51,22 hp=1604
living id=4979 type=goblin pos=196,166,22 hp=960
living id=4980 type=cyclop pos=165,121,22 hp=2446
living id=4981 type=goblinleader pos=187,160,22 hp=1856
living id=4982 type=giantspider pos=172,126,22 hp=883
living id=4983 type=giantspider pos=75,64,22 hp=1076
living id=4984 type=goblin pos=157,79,22 hp=1047
living id=4985 type=hobgoblin pos=81,70,22 hp=1881
living id=4986 type=direwolfalpha pos=110,20,22 hp=1692
living id=4987 type=giantspider pos=93,176,22 hp=875
living id=4988 type=redslime pos=132,78,22 hp=979
living id=4989 type=redslime pos=121,189,22 hp=997
living id=4990 type=cyclop pos=85,102,22 hp=2146
living id=4991 type=cyclop pos=146,21,22 hp=2219
living id=4992 type=hobgoblin pos=102,112,22 hp=2179
living id=4993 type=direwolf pos=31,52,22 hp=1458
living id=4994 type=giantspider pos=33,50,22 hp=1093
living id=4995 type=direwolfalpha pos=186,11,22 hp=1676
living id=4996 type=hobgoblin pos=190,114,22 hp=1693
living id=4997 type=hobgoblin pos=56,31,22 hp=2118
living id=4998 type=hobgoblin pos=107,143,22 hp=1838
living id=4999 type=direwolfalpha pos=80,181,22 hp=1423
living id=5000 type=redslime pos=167,75,22 hp=1083
living id=5001 type=hobgoblin pos=162,63,22 hp=2070
living id=5002 type=direwolf pos=108,160,22 hp=1368
living id=5003 type=hobgoblinkaiser pos=148,26,22 hp=2157
living id=5004 type=cyclop pos=49,176,22 hp=2466
living id=5005 type=giantspider pos=136,112,22 hp=989
living id=5006 type=hobgoblinkaiser pos=132,145,22 hp=1836
living id=5007 type=hobgoblin pos=20,123,22 hp=1767
living id=5008 type=cyclop pos=120,8,22 hp=2339
living id=5009 type=giantspider pos=2,82,22 hp=1143
living id=5010 type=redslime pos=152,133,22 hp=996
living id=5011 type=hobgoblinkaiser pos=94,130,22 hp=2068
living id=5012 type=goblinleader pos=197,166,22 hp=1528
living id=5013 type=giantspider pos=169,97,22 hp=903
living id=5014 type=redslime pos=50,120,22 hp=1093
living id=5015 type=giantspider pos=36,177,22 hp=877
living id=5016 type=cyclop pos=163,49,22 hp=1946
living id=5017 type=goblin pos=40,110,22 hp=1009
living id=5018 type=giantspider pos=91,9,22 hp=1139
living id=5019 type=direwolfalpha pos=2,153,22 hp=1710
living id=5020 type=goblin pos=108,47,22 hp=978
living id=5021 type=goblin pos=83,100,22 hp=1124
living id=5022 type=goblin pos=138,42,22 hp=985
living id=5023 type=redslime pos=129,142,22 hp=869
living id=5024 type=goblinleader pos=165,65,22 hp=1574
living id=5025 type=hobgoblin pos=131,127,22 hp=1741
living id=5026 type=redslime pos=158,103,22 hp=1026
living id=5027 type=hobgoblin pos=19,89,22 hp=2030
living id=5028 type=redslime pos=16,152,22 hp=1135
living id=5029 type=direwolf pos=92,76,22 hp=1335
living id=5030 type=cyclop pos=113,109,22 hp=2402
living id=5031 type=hobgoblin pos=145,141,22 hp=1785
living id=5032 type=goblinleader pos=75,136,22 hp=1572
living id=5033 type=giantspider pos=14,188,22 hp=857
living id=5034 type=hobgoblinkaiser pos=47,157,22 hp=2385
living id=5035 type=redslime pos=158,112,22 hp=1109
living id=5036 type=redslime pos=151,77,22 hp=1149
living id=5037 type=redslime pos=9,140,22 hp=931
living id=5038 type=cyclop pos=57,125,22 hp=2117
living id=5039 type=goblinleader pos=57,30,22 hp=1603
living id=5040 type=cyclop pos=129,51,22 hp=2348
living id=5041 type=direwolf pos=123,137,22 hp=1390
living id=5042 type=goblinleader pos=157,114,22 hp=1423
living id=5043 type=goblin pos=187,145,22 hp=1082
living id=5044 type=goblin pos=2,18,22 hp=914
living id=5045 type=hobgoblinkaiser pos=181,100,22 hp=2418
living id=5046 type=hobgoblin pos=174,92,22 hp=1978
living id=5047 type=cyclop pos=9,132,22 hp=1671
living id=5048 type=goblinleader pos=151,166,22 hp=1610
living id=5049 type=cyclop pos=168,165,22 hp=2081
living id=5050 type=direwolf pos=151,31,22 hp=1461
living id=5051 type=giantspider pos=138,134,22 hp=1111
living id=5052 type=goblinleader pos=180,72,22 hp=1637
living id=5053 type=direwolf pos=58,39,22 hp=1414
living id=5054 type=cyclop pos=127,137,22 hp=1881
living id=5055 type=redslime pos=178,189,22 hp=907
living id=5056 type=giantspider pos=173,142,22 hp=1046
living id=5057 type=direwolfalpha pos=181,35,22 hp=1588
living id=5058 type=direwolfalpha pos=97,147,22 hp=1633
living id=5059 type=hobgoblin pos=116,47,22 hp=2030
living id=5060 type=goblinleader pos=171,80,22 hp=1566
living id=5061 type=direwolf pos=18,173,22 hp=1550
living id=5062 type=direwolfalpha pos=183,156,22 hp=1469
living id=5063 type=hobgoblin pos=131,60,22 hp=1986
living id=5064 type=goblinleader pos=142,12,22 hp=1917
living id=5065 type=hobgoblinkaiser pos=68,181,22 hp=2262
living id=5066 type=direwolfalpha pos=54,95,22 hp=1537
living id=5067 type=hobgoblinkaiser pos=73,100,22 hp=2087
living id=5068 type=redslime pos=130,61,22 hp=924
living id=5069 type=direwolfalpha pos=166,108,22 hp=1417
living id=5070 type=hobgoblin pos=9,191,22 hp=1702
living id=5071 type=direwolfalpha pos=157,99,22 hp=1663
living id=5072 type=goblinleader pos=54,159,22 hp=2013
living id=5073 type=redslime pos=161,137,22 hp=971
living id=5074 type=redslime pos=39,197,22 hp=1147
living id=5075 type=cyclop pos=30,6,22 hp=1720
living id=5076 type=hobgoblin pos=167,153,22 hp=1963
living id=5077 type=direwolfalpha pos=62,136,22 hp=1632
living id=5078 type=direwolfalpha pos=43,129,22 hp=1415
living id=5079 type=hobgoblinkaiser pos=123,82,22 hp=2377
living id=5080 type=goblin pos=63,30,22 hp=910
living id=5081 type=cyclop pos=156,15,22 hp=1771
living id=5082 type=goblin pos=72,113,22 hp=954
living id=5083 type=hobgoblinkaiser pos=151,50,22 hp=2550
living id=5084 type=giantspider pos=127,82,22 hp=1068
living id=5085 type=giantspider pos=174,153,22 hp=947
living id=5086 type=direwolfalpha pos=97,192,22 hp=1325
living id=5087 type=goblin pos=35,46,22 hp=874
living id=5088 type=goblin pos=47,18,22 hp=980
living id=5089 type=hobgoblinkaiser pos=14,24,22 hp=2252
living id=5090 type=giantspider pos=2,190,22 hp=1012
living id=5091 type=goblinleader pos=188,38,22 hp=1913
living id=5092 type=goblinleader pos=49,56,22 hp=1528
living id=5093 type=hobgoblin pos=149,51,22 hp=1646
living id=5094 type=hobgoblinkaiser pos=117,160,22 hp=2284
living id=5095 type=redslime pos=149,64,22 hp=1044
living id=5096 type=giantspider pos=20,14,22 hp=1032
living id=5097 type=hobgoblinkaiser pos=138,47,22 hp=2346
living id=5098 type=hobgoblin pos=62,160,22 hp=2058
living id=5099 type=goblin pos=137,52,22 hp=902
living id=5100 type=direwolfalpha pos=116,46,22 hp=1461
living id=5101 type=goblin pos=145,43,22 hp=1100
living id=5102 type=goblinleader pos=132,179,22 hp=1454
living id=5103 type=direwolfalpha pos=14,120,22 hp=1564
living id=5104 type=cyclop pos=72,142,22 hp=1956
living id=5105 type=hobgoblinkaiser pos=183,164,22 hp=1879
living id=5106 type=cyclop pos=132,80,22 hp=2119
living id=5107 type=redslime pos=133,77,22 hp=871
living id=5108 type=goblin pos=123,78,22 hp=879
living id=5109 type=cyclop pos=177,76,22 hp=2464
living id=5110 type=hobgoblin pos=89,35,22 hp=2080
living id=5111 type=goblin pos=51,58,22 hp=1044
living id=5112 type=hobgoblin pos=108,102,22 hp=1827
living id=5113 type=cyclop pos=3,76,22 hp=2328
living id=5114 type=redslime pos=124,196,22 hp=1120
living id=5115 type=goblin pos=110,76,22 hp=899
living id=5116 type=goblinleader pos=43,23,22 hp=1705
living id=5117 type=hobgoblinkaiser pos=180,189,22 hp=2207
living id=5118 type=direwolf pos=122,23,22 hp=1551
living id=5119 type=hobgoblinkaiser pos=119,144,22 hp=2313
living id=5120 type=goblin pos=81,107,22 hp=917
living id=5121 type=direwolf pos=175,114,22 hp=1523
living id=5122 type=hobgoblin pos=103,91,22 hp=1854
living id=5123 type=cyclop pos=74,69,22 hp=2514
living id=5124 type=goblin pos=157,65,22 hp=1147
living id=5125 type=direwolf pos=111,27,22 hp=1432
living id=5126 type=cyclop pos=5,19,22 hp=2106
living id=5127 type=direwolf pos=34,128,22 hp=1465
living id=5128 type=hobgoblin pos=47,88,22 hp=2170
living id=5129 type=redslime pos=170,123,22 hp=1011
living id=5130 type=goblin pos=63,40,22 hp=984
living id=5131 type=hobgoblinkaiser pos=171,133,22 hp=2224
living id=5132 type=goblin pos=83,170,22 hp=917
living id=5133 type=giantspider pos=168,143,22 hp=872
living id=5134 type=cyclop pos=4,171,22 hp=1833
living id=5135 type=hobgoblin pos=49,1,22 hp=2035
living id=5136 type=hobgoblinkaiser pos=163,176,22 hp=2322
living id=5137 type=direwolf pos=168,121,22 hp=1599
living id=5138 type=cyclop pos=134,162,22 hp=1874
living id=5139 type=cyclop pos=185,74,22 hp=2092
living id=5140 type=direwolfalpha pos=172,101,22 hp=1302
living id=5141 type=hobgoblinkaiser pos=89,155,22 hp=2129
living id=5142 type=hobgoblin pos=106,90,22 hp=1807
living id=5143 type=direwolfalpha pos=87,9,22 hp=1650
living id=5144 type=goblinleader pos=83,169,22 hp=1548
living id=5145 type=giantspider pos=114,1,22 hp=1079
living id=5146 type=cyclop pos=61,137,22 hp=1782
living id=5147 type=giantspider pos=42,7,22 hp=931
living id=5148 type=goblinleader pos=108,187,22 hp=1621
living id=5149 type=goblin pos=150,179,22 hp=911
living id=5150 type=giantspider pos=41,22,22 hp=943
living id=5151 type=giantspider pos=174,80,22 hp=1132
living id=5152 type=cyclop pos=165,40,22 hp=2327
living id=5153 type=direwolf pos=42,122,22 hp=1580
living id=5154 type=goblin pos=129,134,22 hp=856
living id=5155 type=hobgoblinkaiser pos=62,26,22 hp=2107
living id=5156 type=giantspider pos=134,93,22 hp=1063
living id=5157 type=direwolf pos=180,35,22 hp=1403
living id=5158 type=direwolfalpha pos=49,140,22 hp=1399
living id=5159 type=redslime pos=30,169,22 hp=902
living id=5160 type=direwolf pos=35,86,22 hp=1551
living id=5161 type=redslime pos=123,135,22 hp=945
living id=5162 type=hobgoblin pos=93,81,22 hp=2157
living id=5163 type=direwolf pos=177,123,22 hp=1503
living id=5164 type=cyclop pos=92,57,22 hp=1900
living id=5165 type=hobgoblin pos=143,177,22 hp=2181
living id=5166 type=goblinleader pos=170,81,22 hp=1549
living id=5167 type=goblinleader pos=115,60,22 hp=1524
living id=5168 type=hobgoblin pos=110,62,22 hp=1921
living id=5169 type=direwolfalpha pos=173,18,22 hp=1645
living id=5170 type=cyclop pos=27,29,22 hp=2274
living id=5171 type=redslime pos=147,178,22 hp=959
living id=5172 type=hobgoblinkaiser pos=31,155,22 hp=1878
living id=5173 type=hobgoblinkaiser pos=126,91,22 hp=1786
living id=5174 type=direwolfalpha pos=86,10,22 hp=1566
living id=5175 type=hobgoblin pos=154,13,22 hp=1817
living id=5176 type=giantspider pos=159,102,22 hp=1039
living id=5177 type=hobgoblin pos=148,24,22 hp=1975
living id=5178 type=direwolf pos=72,23,22 hp=1667
living id=5179 type=goblinleader pos=85,73,22 hp=1381
living id=5180 type=hobgoblinkaiser pos=108,76,22 hp=2069
living id=5181 type=redslime pos=180,57,22 hp=1140
living id=5182 type=goblinleader pos=194,34,22 hp=1542
living id=5183 type=hobgoblinkaiser pos=122,184,22 hp=2075
living id=5184 type=hobgoblin pos=98,123,22 hp=2065
living id=5185 type=direwolfalpha pos=189,99,22 hp=1685
living id=5186 type=giantspider pos=153,33,22 hp=875
living id=5187 type=direwolfalpha pos=170,134,22 hp=1593
living id=5188 type=hobgoblin pos=184,96,22 hp=1885
living id=5189 type=cyclop pos=130,144,22 hp=2409
living id=5190 type=direwolf pos=83,32,22 hp=1458
living id=5191 type=hobgoblinkaiser pos=62,39,22 hp=2061
living id=5192 type=cyclop pos=93,35,22 hp=2488
living id=5193 type=hobgoblinkaiser pos=136,135,22 hp=2340
living id=5194 type=giantspider pos=126,127,22 hp=1004
living id=5195 type=giantspider pos=82,100,22 hp=986
living id=5196 type=redslime pos=109,142,22 hp=1135
living id=5197 type=direwolf pos=125,164,22 hp=1656
living id=5198 type=hobgoblin pos=51,48,22 hp=1993
living id=5199 type=hobgoblin pos=155,171,22 hp=2091
living id=5200 type=hobgoblin pos=117,193,22 hp=1695
living id=5201 type=redslime pos=113,182,22 hp=900
living id=5202 type=cyclop pos=61,189,22 hp=2402
living id=5203 type=goblinleader pos=90,38,22 hp=1810
living id=5204 type=goblin pos=119,74,22 hp=927
living id=5205 type=giantspider pos=184,85,22 hp=960
living id=5206 type=goblin pos=188,134,22 hp=1148
living id=5207 type=giantspider pos=45,45,22 hp=1101
living id=5208 type=goblinleader pos=190,145,22 hp=1643
living id=5209 type=cyclop pos=44,36,22 hp=2035
living id=5210 type=direwolfalpha pos=75,97,22 hp=1510
living id=5211 type=goblin pos=177,122,22 hp=1129
living id=5212 type=goblinleader pos=108,40,22 hp=1556
living id=5213 type=hobgoblinkaiser pos=30,26,22 hp=1963
living id=5214 type=hobgoblinkaiser pos=158,140,22 hp=2251
living id=5215 type=giantspider pos=46,172,22 hp=971
living id=5216 type=direwolf pos=191,127,22 hp=1648
living id=5217 type=hobgoblin pos=180,109,22 hp=1627
living id=5218 type=redslime pos=27,160,22 hp=1111
living id=5219 type=direwolfalpha pos=170,112,22 hp=1378
living id=5220 type=direwolfalpha pos=157,37,22 hp=1284
living id=5221 type=direwolfalpha pos=44,126,22 hp=1368
living id=5222 type=hobgoblin pos=71,128,22 hp=1850
living id=5223 type=direwolf pos=139,107,22 hp=1517
living id=5224 type=redslime pos=61,146,22 hp=1078
living id=5225 type=hobgoblin pos=157,155,22 hp=2037
living id=5226 type=direwolfalpha pos=158,113,22 hp=1401
living id=5227 type=goblinleader pos=77,47,22 hp=1627
living id=5228 type=redslime pos=89,125,22 hp=852
living id=5229 type=direwolfalpha pos=190,160,22 hp=1607
living id=5230 type=hobgoblinkaiser pos=172,82,22 hp=2637
living id=5231 type=hobgoblinkaiser pos=63,88,22 hp=2032
living id=5232 type=cyclop pos=88,123,22 hp=1897
living id=5233 type=cyclop pos=21,158,22 hp=2354
living id=5234 type=goblinleader pos=175,42,22 hp=1414
living id=5235 type=direwolfalpha pos=164,155,22 hp=1512
living id=5236 type=hobgoblin pos=153,42,22 hp=1725
living id=5237 type=cyclop pos=134,42,22 hp=2112
living id=5238 type=hobgoblin pos=128,110,22 hp=1962
living id=5239 type=hobgoblin pos=14,129,22 hp=1838
living id=5240 type=goblinleader pos=164,75,22 hp=1940
living id=5241 type=direwolf pos=117,61,22 hp=1604
living id=5242 type=cyclop pos=122,143,22 hp=2060
living id=5243 type=direwolf pos=69,195,22 hp=1496
living id=5244 type=goblin pos=25,132,22 hp=991
living id=5245 type=direwolf pos=31,128,22 hp=1358
living id=5246 type=giantspider pos=149,26,22 hp=1007
living id=5247 type=goblinleader pos=163,36,22 hp=1782
living id=5248 type=hobgoblinkaiser pos=9,140,22 hp=2156
living id=5249 type=goblin pos=182,73,22 hp=923
living id=5250 type=hobgoblinkaiser pos=52,120,22 hp=2173
living id=5251 type=giantspider pos=116,116,22 hp=880
living id=5252 type=goblin pos=88,46,22 hp=1138
living id=5253 type=giantspider pos=114,7,22 hp=1056
living id=5254 type=direwolf pos=10,14,22 hp=1337
living id=5255 type=cyclop pos=190,106,22 hp=2318
living id=5256 type=hobgoblin pos=104,84,22 hp=1693
living id=5257 type=direwolfalpha pos=159,109,22 hp=1277
living id=5258 type=giantspider pos=28,1,22 hp=862
living id=5259 type=giantspider pos=86,128,22 hp=1088
living id=5260 type=direwolfalpha pos=66,83,22 hp=1574
living id=5261 type=hobgoblin pos=117,183,22 hp=2078
living id=5262 type=redslime pos=53,149,22 hp=1102
living id=5263 type=hobgoblinkaiser pos=64,43,22 hp=2298
living id=5264 type=goblinleader pos=92,60,22 hp=1788
living id=5265 type=giantspider pos=108,47,22 hp=1029
living id=5266 type=redslime pos=124,161,22 hp=1025
living id=5267 type=hobgoblinkaiser pos=44,19,22 hp=2511
living id=5268 type=goblin pos=180,147,22 hp=903
living id=5269 type=giantspider pos=51,151,22 hp=1018
living id=5270 type=direwolf pos=171,84,22 hp=1385
living id=5271 type=giantspider pos=197,188,22 hp=949
living id=5272 type=goblin pos=99,96,22 hp=893
living id=5273 type=goblinleader pos=165,71,22 hp=1998
living id=5274 type=direwolf pos=123,113,22 hp=1364
living id=5275 type=cyclop pos=72,127,22 hp=1853
living id=5276 type=direwolf pos=138,5,22 hp=1470
living id=5277 type=cyclop pos=56,138,22 hp=1885
living id=5278 type=cyclop pos=115,32,22 hp=2121
living id=5279 type=cyclop pos=10,133,22 hp=2240
living id=5280 type=direwolfalpha pos=186,125,22 hp=1470
living id=5281 type=direwolf pos=149,82,22 hp=1388
living id=5282 type=direwolfalpha pos=73,157,22 hp=1454
living id=5283 type=goblin pos=196,56,22 hp=1031
living id=5284 type=goblin pos=93,44,22 hp=946
living id=5285 type=giantspider pos=75,160,22 hp=1106
living id=5286 type=redslime pos=30,169,22 hp=1146
living id=5287 type=giantspider pos=5,65,22 hp=1072
living id=5288 type=goblin pos=86,48,22 hp=1024
living id=5289 type=goblin pos=185,68,22 hp=972
living id=5290 type=direwolfalpha pos=122,97,22 hp=1507
living id=5291 type=direwolfalpha pos=54,88,22 hp=1447
living id=5292 type=giantspider pos=73,19,22 hp=904
living id=5293 type=direwolfalpha pos=135,32,22 hp=1308
living id=5294 type=direwolf pos=160,79,22 hp=1534
living id=5295 type=hobgoblinkaiser pos=147,27,22 hp=1857
living id=5296 type=giantspider pos=31,185,22 hp=943
living id=5297 type=giantspider pos=174,5,22 hp=1035
living id=5298 type=redslime pos=107,164,22 hp=1052
living id=5299 type=hobgoblin pos=142,164,22 hp=2057
living id=5300 type=cyclop pos=107,149,22 hp=2103
living id=5301 type=goblin pos=101,46,22 hp=882
living id=5302 type=cyclop pos=113,133,22 hp=2263
living id=5303 type=direwolfalpha pos=114,184,22 hp=1444
living id=5304 type=cyclop pos=25,173,22 hp=2535
living id=5305 type=redslime pos=15,25,22 hp=971
living id=5306 type=direwolfalpha pos=167,70,22 hp=1717
living id=5307 type=direwolfalpha pos=84,88,22 hp=1635
living id=5308 type=direwolfalpha pos=53,118,22 hp=1647
living id=5309 type=cyclop pos=10,30,22 hp=1672
living id=5310 type=direwolfalpha pos=25,162,22 hp=1483
living id=5311 type=hobgoblinkaiser pos=179,54,22 hp=2248
living id=5312 type=goblin pos=86,165,22 hp=1023
living id=5313 type=direwolf pos=146,65,22 hp=1661
living id=5314 type=goblinleader pos=124,193,22 hp=1531
living id=5315 type=goblin pos=143,82,22 hp=942
living id=5316 type=cyclop pos=193,69,22 hp=1752
living id=5317 type=direwolfalpha pos=149,31,22 hp=1498
living id=5318 type=direwolfalpha pos=151,130,22 hp=1459
living id=5319 type=redslime pos=38,112,22 hp=888
living id=5320 type=cyclop pos=121,14,22 hp=1881
living id=5321 type=goblinleader pos=77,161,22 hp=1766
living id=5322 type=goblinleader pos=17,190,22 hp=1944
living id=5323 type=goblinleader pos=111,163,22 hp=1508
living id=5324 type=hobgoblin pos=52,156,22 hp=2141
living id=5325 type=hobgoblinkaiser pos=4,126,22 hp=2170
living id=5326 type=direwolfalpha pos=33,181,22 hp=1427
living id=5327 type=redslime pos=97,138,22 hp=1083
living id=5328 type=hobgoblin pos=73,100,22 hp=1629
living id=5329 type=goblinleader pos=50,39,22 hp=1919
living id=5330 type=cyclop pos=22,106,22 hp=1873
living id=5331 type=giantspider pos=101,183,22 hp=866
living id=5332 type=direwolf pos=120,56,22 hp=1449
living id=5333 type=hobgoblin pos=8,98,22 hp=1745
living id=5334 type=giantspider pos=66,149,22 hp=1105
living id=5335 type=giantspider pos=91,62,22 hp=947
living id=5336 type=direwolfalpha pos=121,191,22 hp=1425
living id=5337 type=goblinleader pos=182,76,22 hp=1872
living id=5338 type=sikuthewolf pos=24,162,22 hp=3043
living id=5339 type=evilturtle pos=82,51,24 hp=2165
living id=5340 type=cyclop pos=81,162,24 hp=2224
living id=5341 type=direwolfalpha pos=81,145,24 hp=1559
living id=5342 type=hobgoblinkaiser pos=80,83,24 hp=1801
living id=5343 type=cyclop pos=83,126,24 hp=2230
living id=5344 type=hobgoblin pos=12,168,24 hp=1987
living id=5345 type=evilturtle pos=121,155,24 hp=2128
living id=5346 type=snickerblade pos=24,51,24 hp=2131
living id=5347 type=evilturtle pos=86,49,24 hp=2273
living id=5348 type=snickerblade pos=91,150,24 hp=2017
living id=5349 type=hobgoblin pos=134,130,24 hp=1879
living id=5350 type=cyclop pos=89,189,24 hp=2417
living id=5351 type=direwolf pos=196,155,24 hp=1487
living id=5352 type=cyclop pos=88,86,24 hp=2368
living id=5353 type=blueslime pos=104,108,24 hp=1962
living id=5354 type=firehead pos=180,111,24 hp=1872
living id=5356 type=firehead pos=16,139,24 hp=2039
living id=5358 type=hobgoblin pos=78,81,24 hp=2028
living id=5359 type=hobgoblin pos=31,172,24 hp=2006
living id=5360 type=direwolf pos=94,128,24 hp=1501
living id=5361 type=cyclop pos=120,50,24 hp=1825
living id=5362 type=cyclop pos=41,141,24 hp=1977
living id=5363 type=cyclop pos=81,145,24 hp=1756
living id=5364 type=hobgoblinkaiser pos=97,191,24 hp=2091
living id=5365 type=snickerblade pos=64,183,24 hp=2068
living id=5366 type=snickerblade pos=106,196,24 hp=2060
living id=5367 type=direwolfalpha pos=98,54,24 hp=1329
living id=5368 type=blueslime pos=87,15,24 hp=2069
living id=5369 type=evilturtle pos=20,56,24 hp=2371
living id=5370 type=evilturtle pos=158,58,24 hp=2181
living id=5371 type=direwolf pos=105,15,24 hp=1412
living id=5372 type=evilturtle pos=134,102,24 hp=1869
living id=5373 type=cyclop pos=24,195,24 hp=2142
living id=5374 type=blueslime pos=160,131,24 hp=2007
living id=5375 type=direwolf pos=165,182,24 hp=1460
living id=5376 type=cyclop pos=148,97,24 hp=1832
living id=5377 type=hobgoblinkaiser pos=11,172,24 hp=2505
living id=5378 type=direwolfalpha pos=22,104,24 hp=1714
living id=5379 type=hobgoblin pos=143,184,24 hp=1780
living id=5380 type=firehead pos=179,120,24 hp=1925
living id=5382 type=direwolf pos=119,32,24 hp=1569
living id=5383 type=cyclop pos=15,170,24 hp=1825
living id=5384 type=firehead pos=89,120,24 hp=1875
living id=5386 type=hobgoblinkaiser pos=116,185,24 hp=2473
living id=5387 type=direwolf pos=64,50,24 hp=1576
living id=5388 type=hobgoblinkaiser pos=162,20,24 hp=2237
living id=5389 type=hobgoblin pos=132,107,24 hp=1757
living id=5390 type=direwolf pos=9,131,24 hp=1441
living id=5391 type=direwolf pos=31,150,24 hp=1587
living id=5392 type=firehead pos=36,16,24 hp=1759
living id=5394 type=hobgoblin pos=194,54,24 hp=2171
living id=5395 type=direwolf pos=191,94,24 hp=1440
living id=5396 type=hobgoblinkaiser pos=8,12,24 hp=1842
living id=5397 type=direwolf pos=60,111,24 hp=1638
living id=5398 type=firehead pos=54,116,24 hp=1988
living id=5400 type=snickerblade pos=119,144,24 hp=1827
living id=5401 type=direwolf pos=22,114,24 hp=1648
living id=5402 type=cyclop pos=138,114,24 hp=1898
living id=5403 type=snickerblade pos=91,5,24 hp=2087
living id=5404 type=hobgoblin pos=93,91,24 hp=2119
living id=5405 type=snickerblade pos=81,144,24 hp=1814
living id=5406 type=direwolf pos=174,73,24 hp=1423
living id=5407 type=hobgoblinkaiser pos=6,66,24 hp=2026
living id=5408 type=hobgoblin pos=98,8,24 hp=1638
living id=5409 type=snickerblade pos=156,47,24 hp=2120
living id=5410 type=hobgoblinkaiser pos=178,97,24 hp=2603
living id=5411 type=evilturtle pos=30,47,24 hp=2369
living id=5412 type=cyclop pos=160,158,24 hp=1681
living id=5413 type=blueslime pos=45,153,24 hp=2129
living id=5414 type=cyclop pos=64,142,24 hp=2052
living id=5415 type=firehead pos=36,22,24 hp=1953
living id=5417 type=direwolf pos=172,8,24 hp=1381
living id=5418 type=evilturtle pos=153,29,24 hp=1804
living id=5419 type=snickerblade pos=67,162,24 hp=1873
living id=5420 type=snickerblade pos=165,6,24 hp=1943
living id=5421 type=direwolf pos=28,180,24 hp=1321
living id=5422 type=firehead pos=17,181,24 hp=1794
living id=5424 type=hobgoblin pos=7,58,24 hp=2149
living id=5425 type=hobgoblin pos=82,106,24 hp=1945
living id=5426 type=direwolfalpha pos=160,111,24 hp=1594
living id=5427 type=cyclop pos=140,39,24 hp=2259
living id=5428 type=blueslime pos=142,185,24 hp=1777
living id=5429 type=blueslime pos=167,189,24 hp=1846
living id=5430 type=blueslime pos=31,46,24 hp=1804
living id=5431 type=firehead pos=177,120,24 hp=2146
living id=5433 type=cyclop pos=146,192,24 hp=2150
living id=5434 type=direwolfalpha pos=87,73,24 hp=1559
living id=5435 type=direwolfalpha pos=172,181,24 hp=1650
living id=5436 type=evilturtle pos=118,196,24 hp=2381
living id=5437 type=direwolf pos=142,80,24 hp=1367
living id=5438 type=cyclop pos=73,108,24 hp=2454
living id=5439 type=evilturtle pos=62,80,24 hp=2065
living id=5440 type=snickerblade pos=155,87,24 hp=2158
living id=5441 type=direwolfalpha pos=34,40,24 hp=1519
living id=5442 type=evilturtle pos=188,106,24 hp=2291
living id=5443 type=evilturtle pos=47,55,24 hp=2369
living id=5444 type=hobgoblin pos=80,74,24 hp=2055
living id=5445 type=evilturtle pos=83,75,24 hp=1750
living id=5446 type=evilturtle pos=166,55,24 hp=2139
living id=5447 type=firehead pos=126,137,24 hp=1855
living id=5449 type=cyclop pos=186,152,24 hp=2301
living id=5450 type=direwolf pos=175,38,24 hp=1375
living id=5451 type=firehead pos=45,24,24 hp=1861
living id=5453 type=snickerblade pos=178,130,24 hp=2059
living id=5454 type=snickerblade pos=155,74,24 hp=2144
living id=5455 type=evilturtle pos=65,140,24 hp=1855
living id=5456 type=direwolfalpha pos=89,9,24 hp=1459
living id=5457 type=hobgoblin pos=34,17,24 hp=1986
living id=5458 type=cyclop pos=124,136,24 hp=1836
living id=5459 type=firehead pos=145,64,24 hp=2270
living id=5461 type=hobgoblinkaiser pos=126,8,24 hp=2579
living id=5462 type=snickerblade pos=95,102,24 hp=1912
living id=5463 type=evilturtle pos=24,55,24 hp=2361
living id=5464 type=cyclop pos=130,49,24 hp=2515
living id=5465 type=direwolf pos=75,178,24 hp=1461
living id=5466 type=hobgoblinkaiser pos=18,108,24 hp=2462
living id=5467 type=evilturtle pos=178,118,24 hp=2268
living id=5468 type=firehead pos=8,83,24 hp=2231
living id=5470 type=direwolf pos=192,137,24 hp=1664
living id=5471 type=hobgoblin pos=121,181,24 hp=2097
living id=5472 type=firehead pos=19,83,24 hp=1716
living id=5474 type=direwolfalpha pos=91,102,24 hp=1521
living id=5475 type=cyclop pos=159,68,24 hp=2053
living id=5476 type=firehead pos=193,85,24 hp=1963
living id=5478 type=direwolf pos=111,23,24 hp=1662
living id=5479 type=hobgoblinkaiser pos=83,187,24 hp=2371
living id=5480 type=snickerblade pos=94,68,24 hp=1953
living id=5481 type=evilturtle pos=99,178,24 hp=2458
living id=5482 type=cyclop pos=17,88,24 hp=2344
living id=5483 type=direwolf pos=161,99,24 hp=1396
living id=5484 type=direwolfalpha pos=64,34,24 hp=1355
living id=5485 type=direwolf pos=79,126,24 hp=1469
living id=5486 type=hobgoblinkaiser pos=102,53,24 hp=2039
living id=5487 type=blueslime pos=100,33,24 hp=1886
living id=5488 type=direwolfalpha pos=36,139,24 hp=1521
living id=5489 type=direwolfalpha pos=178,75,24 hp=1554
living id=5490 type=hobgoblinkaiser pos=1,139,24 hp=2139
living id=5491 type=direwolfalpha pos=107,14,24 hp=1601
living id=5492 type=cyclop pos=44,113,24 hp=2492
living id=5493 type=hobgoblin pos=21,172,24 hp=1671
living id=5494 type=hobgoblin pos=12,73,24 hp=1778
living id=5495 type=direwolf pos=117,87,24 hp=1424
living id=5496 type=direwolf pos=55,131,24 hp=1613
living id=5497 type=blueslime pos=158,119,24 hp=2143
living id=5498 type=direwolf pos=159,116,24 hp=1472
living id=5499 type=direwolfalpha pos=193,104,24 hp=1314
living id=5500 type=blueslime pos=70,82,24 hp=1987
living id=5501 type=direwolf pos=76,19,24 hp=1583
living id=5502 type=direwolf pos=138,40,24 hp=1646
living id=5503 type=direwolfalpha pos=104,160,24 hp=1553
living id=5504 type=hobgoblinkaiser pos=92,42,24 hp=2349
living id=5505 type=blueslime pos=118,85,24 hp=1764
living id=5506 type=direwolf pos=34,155,24 hp=1379
living id=5507 type=direwolf pos=192,79,24 hp=1575
living id=5508 type=blueslime pos=3,95,24 hp=1746
living id=5509 type=hobgoblin pos=75,25,24 hp=1684
living id=5510 type=direwolfalpha pos=85,125,24 hp=1419
living id=5511 type=direwolfalpha pos=186,106,24 hp=1593
living id=5512 type=evilturtle pos=160,133,24 hp=1961
living id=5513 type=snickerblade pos=164,15,24 hp=1651
living id=5514 type=snickerblade pos=69,35,24 hp=1823
living id=5515 type=hobgoblinkaiser pos=69,122,24 hp=2624
living id=5516 type=evilturtle pos=147,79,24 hp=2214
living id=5517 type=direwolf pos=64,103,24 hp=1381
living id=5518 type=cyclop pos=160,40,24 hp=1995
living id=5519 type=evilturtle pos=79,11,24 hp=2255
living id=5520 type=cyclop pos=55,38,24 hp=2199
living id=5521 type=evilturtle pos=130,9,24 hp=2056
living id=5522 type=direwolfalpha pos=61,180,24 hp=1569
living id=5523 type=cyclop pos=55,12,24 hp=2041
living id=5524 type=direwolf pos=86,36,24 hp=1663
living id=5525 type=hobgoblin pos=26,116,24 hp=1657
living id=5526 type=hobgoblinkaiser pos=138,61,24 hp=2488
living id=5527 type=cyclop pos=85,108,24 hp=2171
living id=5528 type=direwolf pos=197,14,24 hp=1530
living id=5529 type=evilturtle pos=166,156,24 hp=2076
living id=5530 type=hobgoblinkaiser pos=72,138,24 hp=2256
living id=5531 type=hobgoblin pos=174,129,24 hp=2018
living id=5532 type=direwolfalpha pos=164,132,24 hp=1453
living id=5533 type=hobgoblinkaiser pos=182,121,24 hp=1873
living id=5534 type=blueslime pos=148,81,24 hp=1756
living id=5535 type=evilturtle pos=138,58,24 hp=2221
living id=5536 type=cyclop pos=174,142,24 hp=1876
living id=5537 type=direwolf pos=35,17,24 hp=1582
living id=5538 type=hobgoblinkaiser pos=139,186,24 hp=2236
living id=5539 type=hobgoblin pos=165,71,24 hp=1924
living id=5540 type=snickerblade pos=40,171,24 hp=2016
living id=5541 type=direwolfalpha pos=118,194,24 hp=1488
living id=5542 type=blueslime pos=38,21,24 hp=2158
living id=5543 type=snickerblade pos=44,23,24 hp=2129
living id=5544 type=snickerblade pos=144,54,24 hp=1725
living id=5545 type=hobgoblinkaiser pos=87,179,24 hp=2399
living id=5546 type=hobgoblinkaiser pos=114,99,24 hp=2309
living id=5547 type=direwolf pos=61,174,24 hp=1494
living id=5548 type=hobgoblin pos=174,17,24 hp=1666
living id=5549 type=snickerblade pos=72,151,24 hp=1971
living id=5550 type=direwolfalpha pos=26,171,24 hp=1286
living id=5551 type=evilturtle pos=22,194,24 hp=1723
living id=5552 type=hobgoblin pos=22,51,24 hp=1640
living id=5553 type=firehead pos=73,22,24 hp=1976
living id=5555 type=evilturtle pos=171,15,24 hp=1939
living id=5556 type=firehead pos=186,140,24 hp=1865
living id=5558 type=snickerblade pos=53,57,24 hp=2004
living id=5559 type=hobgoblin pos=9,146,24 hp=1775
living id=5560 type=hobgoblin pos=118,152,24 hp=1628
living id=5561 type=cyclop pos=22,184,24 hp=2465
living id=5562 type=firehead pos=166,69,24 hp=2100
living id=5564 type=firehead pos=40,109,24 hp=1846
living id=5566 type=blueslime pos=43,99,24 hp=1895
living id=5567 type=blueslime pos=93,191,24 hp=2020
living id=5568 type=snickerblade pos=17,6,24 hp=2113
living id=5569 type=hobgoblin pos=7,55,24 hp=2173
living id=5570 type=firehead pos=37,20,24 hp=2297
living id=5572 type=blueslime pos=27,123,24 hp=1766
living id=5573 type=cyclop pos=195,94,24 hp=2340
living id=5574 type=snickerblade pos=69,12,24 hp=1843
living id=5575 type=hobgoblin pos=162,175,24 hp=1950
living id=5576 type=hobgoblin pos=99,173,24 hp=1713
living id=5577 type=evilturtle pos=196,102,24 hp=2240
living id=5578 type=hobgoblinkaiser pos=166,47,24 hp=2183
living id=5579 type=cyclop pos=10,164,24 hp=2305
living id=5580 type=direwolf pos=77,50,24 hp=1652
living id=5581 type=hobgoblin pos=131,185,24 hp=2108
living id=5582 type=evilturtle pos=81,8,24 hp=2481
living id=5583 type=direwolf pos=175,183,24 hp=1492
living id=5584 type=evilturtle pos=93,187,24 hp=1818
living id=5585 type=blueslime pos=17,113,24 hp=1802
living id=5586 type=hobgoblinkaiser pos=169,160,24 hp=1821
living id=5587 type=blueslime pos=84,77,24 hp=1651
living id=5588 type=direwolfalpha pos=68,73,24 hp=1368
living id=5589 type=direwolfalpha pos=106,122,24 hp=1614
living id=5590 type=firehead pos=191,103,24 hp=2110
living id=5592 type=direwolfalpha pos=87,120,24 hp=1371
living id=5593 type=evilturtle pos=9,113,24 hp=2261
living id=5594 type=cyclop pos=106,142,24 hp=2034
living id=5595 type=snickerblade pos=39,168,24 hp=2006
living id=5596 type=snickerblade pos=144,92,24 hp=2150
living id=5597 type=firehead pos=130,123,24 hp=2116
living id=5599 type=hobgoblinkaiser pos=39,149,24 hp=2418
living id=5600 type=evilturtle pos=51,146,24 hp=1753
living id=5601 type=firehead pos=24,88,24 hp=1925
living id=5603 type=direwolf pos=181,73,24 hp=1585
living id=5604 type=hobgoblinkaiser pos=84,160,24 hp=1775
living id=5605 type=snickerblade pos=164,186,24 hp=1741
living id=5606 type=hobgoblinkaiser pos=116,187,24 hp=2185
living id=5607 type=hobgoblin pos=172,38,24 hp=2053
living id=5608 type=direwolfalpha pos=145,34,24 hp=1305
living id=5609 type=direwolfalpha pos=156,64,24 hp=1313
living id=5610 type=direwolf pos=71,153,24 hp=1623
living id=5611 type=direwolf pos=67,13,24 hp=1506
living id=5612 type=direwolfalpha pos=133,93,24 hp=1374
living id=5613 type=cyclop pos=31,170,24 hp=2216
living id=5614 type=evilturtle pos=40,2,24 hp=2461
living id=5615 type=direwolf pos=183,11,24 hp=1461
living id=5616 type=hobgoblinkaiser pos=49,122,24 hp=2544
living id=5617 type=snickerblade pos=4,152,24 hp=1945
living id=5618 type=cyclop pos=37,40,24 hp=1854
living id=5619 type=cyclop pos=174,110,24 hp=1737
living id=5620 type=direwolfalpha pos=49,192,24 hp=1683
living id=5621 type=evilturtle pos=150,180,24 hp=2043
living id=5622 type=evilturtle pos=56,130,24 hp=1976
living id=5623 type=snickerblade pos=185,27,24 hp=1625
living id=5624 type=cyclop pos=159,56,24 hp=1869
living id=5625 type=cyclop pos=160,31,24 hp=2275
living id=5626 type=blueslime pos=101,183,24 hp=2179
living id=5627 type=evilturtle pos=118,191,24 hp=1836
living id=5628 type=hobgoblin pos=23,36,24 hp=2027
living id=5629 type=direwolfalpha pos=71,120,24 hp=1595
living id=5630 type=direwolfalpha pos=115,74,24 hp=1343
living id=5631 type=blueslime pos=191,103,24 hp=2033
living id=5632 type=hobgoblin pos=163,14,24 hp=1688
living id=5633 type=evilturtle pos=52,126,24 hp=1790
living id=5634 type=direwolf pos=71,172,24 hp=1400
living id=5635 type=direwolfalpha pos=15,178,24 hp=1488
living id=5636 type=hobgoblin pos=61,155,24 hp=1735
living id=5637 type=cyclop pos=132,101,24 hp=2335
living id=5638 type=hobgoblin pos=92,111,24 hp=1869
living id=5639 type=hobgoblinkaiser pos=2,60,24 hp=2483
living id=5640 type=blueslime pos=68,117,24 hp=1955
living id=5641 type=blueslime pos=43,167,24 hp=1697
living id=5642 type=evilturtle pos=149,188,24 hp=2090
living id=5643 type=snickerblade pos=153,3,24 hp=1844
living id=5644 type=hobgoblinkaiser pos=62,90,24 hp=1826
living id=5645 type=firehead pos=42,156,24 hp=2002
living id=5647 type=cyclop pos=166,11,24 hp=1886
living id=5648 type=direwolf pos=64,174,24 hp=1499
living id=5649 type=direwolf pos=114,83,24 hp=1667
living id=5650 type=snickerblade pos=165,103,24 hp=1852
living id=5651 type=firehead pos=177,78,24 hp=2120
living id=5653 type=evilturtle pos=4,150,24 hp=1755
living id=5654 type=hobgoblin pos=58,162,24 hp=1852
living id=5655 type=cyclop pos=131,168,24 hp=1802
living id=5656 type=evilturtle pos=3,103,24 hp=2140
living id=5657 type=hobgoblin pos=19,157,24 hp=1761
living id=5658 type=blueslime pos=186,129,24 hp=1793
living id=5659 type=evilturtle pos=198,75,24 hp=2359
living id=5660 type=hobgoblin pos=18,127,24 hp=1803
living id=5661 type=direwolf pos=142,81,24 hp=1415
living id=5662 type=direwolfalpha pos=131,107,24 hp=1534
living id=5663 type=cyclop pos=104,40,24 hp=1998
living id=5664 type=blueslime pos=65,48,24 hp=1840
living id=5665 type=evilturtle pos=30,188,24 hp=2462
living id=5666 type=direwolfalpha pos=106,73,24 hp=1586
living id=5667 type=cyclop pos=194,21,24 hp=2304
living id=5668 type=direwolf pos=171,175,24 hp=1550
living id=5669 type=blueslime pos=145,140,24 hp=2077
living id=5670 type=evilturtle pos=159,122,24 hp=1809
living id=5671 type=snickerblade pos=171,120,24 hp=1684
living id=5672 type=direwolfalpha pos=92,35,24 hp=1549
living id=5673 type=snickerblade pos=109,183,24 hp=2169
living id=5674 type=evilturtle pos=78,69,24 hp=2382
living id=5675 type=hobgoblinkaiser pos=4,79,24 hp=2331
living id=5676 type=direwolfalpha pos=135,103,24 hp=1373
living id=5677 type=direwolf pos=89,56,24 hp=1343
living id=5678 type=cyclop pos=13,66,24 hp=2525
living id=5679 type=cyclop pos=177,119,24 hp=2482
living id=5680 type=cyclop pos=22,182,24 hp=2495
living id=5681 type=snickerblade pos=131,168,24 hp=2085
living id=5682 type=direwolfalpha pos=4,151,24 hp=1318
living id=5683 type=snickerblade pos=130,187,24 hp=1879
living id=5684 type=hobgoblinkaiser pos=110,154,24 hp=1943
living id=5685 type=hobgoblinkaiser pos=104,192,24 hp=2284
living id=5686 type=hobgoblin pos=184,120,24 hp=1823
living id=5687 type=evilturtle pos=172,172,24 hp=1758
living id=5688 type=blueslime pos=12,83,24 hp=2108
living id=5689 type=cyclop pos=175,38,24 hp=2078
living id=5690 type=blueslime pos=149,141,24 hp=2171
living id=5691 type=snickerblade pos=11,84,24 hp=2152
living id=5692 type=evilturtle pos=151,109,24 hp=1770
living id=5693 type=blueslime pos=57,182,24 hp=2161
living id=5694 type=cyclop pos=184,23,24 hp=1866
living id=5695 type=snickerblade pos=96,91,24 hp=2123
living id=5696 type=direwolfalpha pos=165,198,24 hp=1681
living id=5697 type=hobgoblin pos=8,149,24 hp=2062
living id=5698 type=cyclop pos=28,60,24 hp=2402
living id=5699 type=hobgoblinkaiser pos=182,126,24 hp=2141
living id=5700 type=snickerblade pos=80,144,24 hp=1991
living id=5701 type=direwolf pos=103,40,24 hp=1607
living id=5702 type=snickerblade pos=181,150,24 hp=1824
living id=5703 type=cyclop pos=12,138,24 hp=1715
living id=5704 type=direwolf pos=116,86,24 hp=1617
living id=5705 type=cyclop pos=4,184,24 hp=2505
living id=5706 type=firehead pos=57,151,24 hp=2226
living id=5708 type=direwolf pos=51,29,24 hp=1508
living id=5709 type=evilturtle pos=195,88,24 hp=2410
living id=5710 type=hobgoblin pos=30,33,24 hp=1630
living id=5711 type=hobgoblinkaiser pos=139,121,24 hp=2089
living id=5712 type=snickerblade pos=188,57,24 hp=1896
living id=5713 type=evilturtle pos=79,79,24 hp=2481
living id=5714 type=snickerblade pos=38,88,24 hp=2103
living id=5715 type=direwolf pos=101,32,24 hp=1505
living id=5716 type=cyclop pos=44,161,24 hp=1729
living id=5717 type=hobgoblin pos=113,65,24 hp=1764
living id=5718 type=hobgoblin pos=167,95,24 hp=1908
living id=5719 type=firehead pos=134,16,24 hp=2193
living id=5721 type=firehead pos=43,116,24 hp=2140
living id=5723 type=hobgoblinkaiser pos=178,61,24 hp=2533
living id=5724 type=blueslime pos=26,173,24 hp=2103
living id=5725 type=hobgoblin pos=87,19,24 hp=2010
living id=5726 type=snickerblade pos=138,125,24 hp=1818
living id=5727 type=firehead pos=102,41,24 hp=2222
living id=5729 type=direwolf pos=18,27,24 hp=1427
living id=5730 type=evilturtle pos=122,158,24 hp=2440
living id=5731 type=evilturtle pos=120,101,24 hp=2343
living id=5732 type=hobgoblinkaiser pos=56,119,24 hp=2268
living id=5733 type=cyclop pos=96,89,24 hp=2093
living id=5734 type=hobgoblin pos=43,164,24 hp=2103
living id=5735 type=hobgoblin pos=120,110,24 hp=1781
living id=5736 type=firehead pos=128,135,24 hp=2222
living id=5738 type=snickerblade pos=21,153,24 hp=1886
living id=5739 type=direwolfalpha pos=72,24,24 hp=1340
living id=5740 type=direwolf pos=97,65,24 hp=1638
living id=5741 type=evilturtle pos=75,20,24 hp=1717
living id=5742 type=firehead pos=52,195,24 hp=1706
living id=5744 type=evilturtle pos=166,197,24 hp=2135
living id=5745 type=direwolfalpha pos=37,41,24 hp=1556
living id=5746 type=blueslime pos=165,124,24 hp=1992
living id=5747 type=direwolfalpha pos=143,82,24 hp=1618
living id=5748 type=hobgoblinkaiser pos=47,42,24 hp=2599
living id=5749 type=direwolf pos=87,44,24 hp=1557
living id=5750 type=blueslime pos=166,160,24 hp=2145
living id=5751 type=firehead pos=29,195,24 hp=1728
living id=5753 type=hobgoblin pos=15,52,24 hp=1955
living id=5754 type=direwolfalpha pos=111,9,24 hp=1494
living id=5755 type=direwolfalpha pos=143,58,24 hp=1468
living id=5756 type=direwolfalpha pos=8,96,24 hp=1643
living id=5757 type=cyclop pos=89,147,24 hp=2018
living id=5758 type=direwolf pos=178,122,24 hp=1660
living id=5759 type=cyclop pos=107,135,24 hp=2516
living id=5760 type=evilturtle pos=195,12,24 hp=2357
living id=5761 type=cyclop pos=56,149,24 hp=1749
living id=5762 type=cyclop pos=67,20,24 hp=2099
living id=5763 type=direwolf pos=17,43,24 hp=1390
living id=5764 type=hobgoblin pos=149,130,24 hp=2135
living id=5765 type=evilturtle pos=58,38,24 hp=2120
living id=5766 type=hobgoblin pos=16,151,24 hp=1747
living id=5767 type=direwolfalpha pos=147,88,24 hp=1719
living id=5768 type=snickerblade pos=72,14,24 hp=1689
living id=5769 type=blueslime pos=109,11,24 hp=1662
living id=5770 type=direwolfalpha pos=135,59,24 hp=1300
living id=5771 type=blueslime pos=169,96,24 hp=1963
living id=5772 type=snickerblade pos=175,7,24 hp=1779
living id=5773 type=cyclop pos=168,145,24 hp=2346
living id=5774 type=direwolf pos=179,163,24 hp=1509
living id=5775 type=evilturtle pos=56,128,24 hp=2158
living id=5776 type=cyclop pos=2,18,24 hp=1900
living id=5777 type=firehead pos=118,84,24 hp=1807
living id=5779 type=direwolf pos=104,73,24 hp=1455
living id=5780 type=hobgoblinkaiser pos=109,17,24 hp=2131
living id=5781 type=hobgoblin pos=159,99,24 hp=2172
living id=5782 type=firehead pos=144,91,24 hp=2029
living id=5784 type=hobgoblinkaiser pos=192,12,24 hp=2207
living id=5785 type=hobgoblin pos=42,116,24 hp=1824
living id=5786 type=firehead pos=182,114,24 hp=1799
living id=5788 type=firehead pos=67,48,24 hp=1859
living id=5790 type=firehead pos=131,14,24 hp=2296
living id=5792 type=direwolfalpha pos=134,118,24 hp=1439
living id=5793 type=firehead pos=117,188,24 hp=1708
living id=5795 type=blueslime pos=59,146,24 hp=1820
living id=5796 type=firehead pos=169,50,24 hp=2040
living id=5798 type=evilturtle pos=186,7,24 hp=1778
living id=5799 type=blueslime pos=13,166,24 hp=2075
living id=5800 type=snickerblade pos=198,140,24 hp=1688
living id=5801 type=direwolf pos=82,60,24 hp=1489
living id=5802 type=direwolf pos=3,143,24 hp=1454
living id=5803 type=evilturtle pos=192,26,24 hp=2036
living id=5804 type=hobgoblin pos=143,45,24 hp=1719
living id=5805 type=firehead pos=70,54,24 hp=2194
living id=5807 type=hobgoblin pos=189,135,24 hp=1968
living id=5808 type=direwolfalpha pos=81,188,24 hp=1440
living id=5809 type=firehead pos=16,21,24 hp=2293
living id=5811 type=snickerblade pos=51,144,24 hp=1862
living id=5812 type=evilturtle pos=39,129,24 hp=1757
living id=5813 type=snickerblade pos=149,164,24 hp=1652
living id=5814 type=cyclop pos=152,24,24 hp=2502
living id=5815 type=direwolf pos=91,5,24 hp=1568
living id=5816 type=blueslime pos=80,33,24 hp=2096
living id=5817 type=snickerblade pos=85,190,24 hp=1656
living id=5818 type=blueslime pos=9,144,24 hp=2055
living id=5819 type=direwolf pos=177,11,24 hp=1670
living id=5820 type=direwolf pos=126,23,24 hp=1457
living id=5821 type=cyclop pos=198,140,24 hp=1772
living id=5822 type=hobgoblin pos=121,106,24 hp=1877
living id=5823 type=hobgoblinkaiser pos=155,12,24 hp=1811
living id=5824 type=blueslime pos=24,33,24 hp=1757
living id=5825 type=cyclop pos=113,9,24 hp=1782
living id=5826 type=hobgoblin pos=67,172,24 hp=2179
living id=5827 type=snickerblade pos=72,71,24 hp=2021
living id=5828 type=direwolf pos=65,48,24 hp=1421
living id=5829 type=snickerblade pos=12,62,24 hp=1854
living id=5830 type=hobgoblin pos=168,124,24 hp=1808
living id=5831 type=evilturtle pos=74,52,24 hp=1921
living id=5832 type=cyclop pos=30,136,24 hp=2480
living id=5833 type=direwolf pos=117,152,24 hp=1566
living id=5834 type=cyclop pos=115,51,24 hp=2466
living id=5835 type=snickerblade pos=105,125,24 hp=1999
living id=5836 type=direwolfalpha pos=26,36,24 hp=1362
living id=5837 type=firehead pos=95,44,24 hp=2117
living id=5839 type=blueslime pos=70,173,24 hp=1866
living id=5840 type=hobgoblinkaiser pos=83,96,24 hp=2645
living id=5841 type=hobgoblinkaiser pos=25,103,24 hp=2504
living id=5842 type=hobgoblin pos=89,52,24 hp=2013
living id=5843 type=firehead pos=46,60,24 hp=1753
living id=5845 type=hobgoblinkaiser pos=182,174,24 hp=2346
living id=5846 type=hobgoblin pos=56,138,24 hp=1845
living id=5847 type=snickerblade pos=44,141,24 hp=2101
living id=5848 type=evilturtle pos=194,11,24 hp=2462
living id=5849 type=cyclop pos=70,78,24 hp=1878
living id=5850 type=hobgoblinkaiser pos=124,96,24 hp=2538
living id=5851 type=firehead pos=28,194,24 hp=2185
living id=5853 type=cyclop pos=123,167,24 hp=2070
living id=5854 type=evilturtle pos=18,52,24 hp=1947
living id=5855 type=evilturtle pos=85,117,24 hp=1848
living id=5856 type=blueslime pos=66,65,24 hp=2077
living id=5857 type=direwolfalpha pos=107,192,24 hp=1550
living id=5858 type=hobgoblin pos=71,147,24 hp=2142
living id=5859 type=firehead pos=63,36,24 hp=1860
living id=5861 type=direwolf pos=111,23,24 hp=1478
living id=5862 type=direwolfalpha pos=48,58,24 hp=1713
living id=5863 type=snickerblade pos=194,27,24 hp=1890
living id=5864 type=snickerblade pos=25,173,24 hp=1733
living id=5865 type=blueslime pos=145,142,24 hp=1743
living id=5866 type=firehead pos=85,83,24 hp=1727
living id=5868 type=hobgoblinkaiser pos=113,142,24 hp=1872
living id=5869 type=direwolfalpha pos=192,181,24 hp=1524
living id=5870 type=hobgoblinkaiser pos=57,2,24 hp=2112
living id=5871 type=direwolfalpha pos=24,96,24 hp=1606
living id=5872 type=hobgoblin pos=70,122,24 hp=1830
living id=5873 type=direwolf pos=138,96,24 hp=1450
living id=5874 type=hobgoblin pos=58,156,24 hp=1811
living id=5875 type=evilturtle pos=16,138,24 hp=1733
living id=5876 type=direwolfalpha pos=62,134,24 hp=1360
living id=5877 type=cyclop pos=162,64,24 hp=2081
living id=5878 type=evilturtle pos=53,145,24 hp=2399
living id=5879 type=direwolf pos=114,98,24 hp=1345
living id=5880 type=blueslime pos=6,4,24 hp=1764
living id=5881 type=direwolfalpha pos=165,57,24 hp=1299
living id=5882 type=cyclop pos=164,22,24 hp=1921
living id=5883 type=blueslime pos=75,155,24 hp=1838
living id=5884 type=cyclop pos=97,177,24 hp=2114
living id=5885 type=direwolfalpha pos=192,82,24 hp=1422
living id=5886 type=cyclop pos=164,127,24 hp=1840
living id=5887 type=firehead pos=182,158,24 hp=2226
living id=5889 type=cyclop pos=60,89,24 hp=2464
living id=5890 type=blueslime pos=29,83,24 hp=1891
living id=5891 type=blueslime pos=8,142,24 hp=2059
living id=5892 type=hobgoblin pos=62,141,24 hp=1768
living id=5893 type=evilturtle pos=178,61,24 hp=1938
living id=5894 type=cyclop pos=69,152,24 hp=2008
living id=5895 type=hobgoblinkaiser pos=11,167,24 hp=2248
living id=5896 type=evilturtle pos=195,186,24 hp=2146
living id=5897 type=hobgoblinkaiser pos=117,158,24 hp=2521
living id=5898 type=direwolf pos=50,76,24 hp=1404
living id=5899 type=snickerblade pos=182,36,24 hp=2028
living id=5900 type=snickerblade pos=154,130,24 hp=1836
living id=5901 type=blueslime pos=140,156,24 hp=1777
living id=5902 type=snickerblade pos=191,123,24 hp=1882
living id=5903 type=snickerblade pos=35,183,24 hp=1678
living id=5904 type=evilturtle pos=171,10,24 hp=1816
living id=5905 type=cyclop pos=1,170,24 hp=2466
living id=5906 type=snickerblade pos=21,42,24 hp=1813
living id=5907 type=evilturtle pos=165,96,24 hp=2309
living id=5908 type=snickerblade pos=74,65,24 hp=2060
living id=5909 type=hobgoblin pos=107,184,24 hp=1956
living id=5910 type=cyclop pos=184,171,24 hp=2184
living id=5911 type=snickerblade pos=140,28,24 hp=2031
living id=5912 type=direwolf pos=74,182,24 hp=1573
living id=5913 type=direwolf pos=165,96,24 hp=1591
living id=5914 type=snickerblade pos=23,118,24 hp=1945
living id=5915 type=hobgoblin pos=6,141,24 hp=1624
living id=5916 type=snickerblade pos=48,105,24 hp=1741
living id=5917 type=hobgoblin pos=168,185,24 hp=2026
living id=5918 type=cyclop pos=11,130,24 hp=2108
living id=5919 type=blueslime pos=36,108,24 hp=2019
living id=5920 type=hobgoblinkaiser pos=32,187,24 hp=2576
living id=5921 type=blueslime pos=76,188,24 hp=2027
living id=5922 type=blueslime pos=37,169,24 hp=1850
living id=5923 type=snickerblade pos=139,22,24 hp=1684
living id=5924 type=snickerblade pos=124,78,24 hp=2003
living id=5925 type=firehead pos=26,4,24 hp=1712
living id=5927 type=direwolfalpha pos=139,167,24 hp=1559
living id=5928 type=direwolf pos=169,80,24 hp=1419
living id=5929 type=direwolf pos=80,107,24 hp=1507
living id=5930 type=blueslime pos=169,79,24 hp=1983
living id=5931 type=cyclop pos=128,196,24 hp=1898
living id=5932 type=direwolf pos=166,57,24 hp=1424
living id=5933 type=firehead pos=73,173,24 hp=1767
living id=5935 type=hobgoblinkaiser pos=118,42,24 hp=2594
living id=5936 type=snickerblade pos=118,66,24 hp=1971
living id=5937 type=blueslime pos=37,49,24 hp=1976
living id=5938 type=snickerblade pos=17,43,24 hp=1671
living id=5939 type=firehead pos=128,19,24 hp=2064
living id=5941 type=evilturtle pos=134,22,24 hp=1826
living id=5942 type=direwolfalpha pos=185,186,24 hp=1579
living id=5943 type=cyclop pos=59,44,24 hp=2507
living id=5944 type=blueslime pos=53,123,24 hp=1715
living id=5945 type=firehead pos=168,114,24 hp=2274
living id=5947 type=blueslime pos=179,10,24 hp=1810
living id=5948 type=hobgoblin pos=142,74,24 hp=2009
living id=5949 type=direwolf pos=114,172,24 hp=1594
living id=5950 type=direwolf pos=62,24,24 hp=1560
living id=5951 type=snickerblade pos=102,185,24 hp=2001
living id=5952 type=cyclop pos=30,148,24 hp=1989
living id=5953 type=evilturtle pos=2,28,24 hp=2085
living id=5954 type=cyclop pos=147,156,24 hp=1951
living id=5955 type=snickerblade pos=61,143,24 hp=1848
living id=5956 type=hobgoblin pos=164,186,24 hp=1957
living id=5957 type=evilturtle pos=170,16,24 hp=2122
living id=5958 type=hobgoblin pos=19,184,24 hp=2058
living id=5959 type=evilturtle pos=57,90,24 hp=2205
living id=5960 type=evilturtle pos=87,181,24 hp=1946
living id=5961 type=hobgoblinkaiser pos=78,198,24 hp=1885
living id=5962 type=direwolf pos=7,103,24 hp=1444
living id=5963 type=firehead pos=143,43,24 hp=1726
living id=5965 type=firehead pos=40,12,24 hp=2162
living id=5967 type=direwolfalpha pos=198,105,24 hp=1386
living id=5968 type=cyclop pos=26,171,24 hp=2318
living id=5969 type=evilturtle pos=137,21,24 hp=2177
living id=5970 type=cyclop pos=144,60,24 hp=2078
living id=5971 type=firehead pos=84,77,24 hp=1921
living id=5973 type=snickerblade pos=34,42,24 hp=1933
living id=5974 type=hobgoblin pos=125,171,24 hp=1745
living id=5975 type=evilturtle pos=1,98,24 hp=2173
living id=5976 type=direwolfalpha pos=125,164,24 hp=1456
living id=5977 type=evilturtle pos=140,12,24 hp=2117
living id=5978 type=evilturtle pos=49,43,24 hp=2135
living id=5979 type=hobgoblinkaiser pos=176,190,24 hp=2382
living id=5980 type=hobgoblinkaiser pos=63,111,24 hp=2480
living id=5981 type=blueslime pos=2,54,24 hp=2069
living id=5982 type=cyclop pos=38,21,24 hp=2438
living id=5983 type=blueslime pos=132,61,24 hp=1774
living id=5984 type=blueslime pos=152,87,24 hp=1741
living id=5985 type=blueslime pos=135,155,24 hp=1762
living id=5986 type=hobgoblinkaiser pos=167,182,24 hp=1794
living id=5987 type=hobgoblinkaiser pos=24,183,24 hp=1892
living id=5988 type=cyclop pos=30,195,24 hp=2239
living id=5989 type=direwolfalpha pos=195,26,24 hp=1330
living id=5990 type=snickerblade pos=114,33,24 hp=1857
living id=5991 type=evilturtle pos=57,189,24 hp=1971
living id=5992 type=hobgoblin pos=196,21,24 hp=2142
living id=5993 type=hobgoblin pos=196,10,24 hp=2132
living id=5994 type=evilturtle pos=176,35,24 hp=2084
living id=5995 type=hobgoblin pos=104,129,24 hp=1642
living id=5996 type=direwolf pos=3,25,24 hp=1607
living id=5997 type=blueslime pos=136,102,24 hp=2068
living id=5998 type=firehead pos=140,168,24 hp=2297
living id=6000 type=snickerblade pos=118,194,24 hp=2071
living id=6001 type=cyclop pos=178,114,24 hp=2077
living id=6002 type=hobgoblinkaiser pos=10,80,24 hp=1998
living id=6003 type=cyclop pos=45,113,24 hp=2321
living id=6004 type=firehead pos=65,124,24 hp=2226
living id=6006 type=snickerblade pos=72,22,24 hp=2137
living id=6007 type=blueslime pos=193,95,24 hp=1912
living id=6008 type=direwolf pos=70,171,24 hp=1543
living id=6009 type=hobgoblin pos=189,114,24 hp=1808
living id=6010 type=blueslime pos=145,108,24 hp=2148
living id=6011 type=cyclop pos=113,30,24 hp=2105
living id=6012 type=direwolf pos=10,164,24 hp=1507
living id=6013 type=direwolf pos=75,154,24 hp=1509
living id=6014 type=snickerblade pos=85,108,24 hp=2138
living id=6015 type=snickerblade pos=76,116,24 hp=2076
living id=6016 type=hobgoblin pos=62,108,24 hp=1752
living id=6017 type=direwolf pos=91,70,24 hp=1473
living id=6018 type=evilturtle pos=190,83,24 hp=2303
living id=6019 type=cyclop pos=149,15,24 hp=2417
living id=6020 type=evilturtle pos=180,42,24 hp=2022
living id=6021 type=evilturtle pos=66,124,24 hp=1744
living id=6022 type=hobgoblinkaiser pos=58,92,24 hp=2372
living id=6023 type=direwolfalpha pos=16,52,24 hp=1376
living id=6024 type=blueslime pos=60,174,24 hp=1748
living id=6025 type=direwolf pos=146,29,24 hp=1412
living id=6026 type=firehead pos=42,154,24 hp=1735
living id=6028 type=hobgoblin pos=185,139,24 hp=1756
living id=6029 type=direwolf pos=95,162,24 hp=1556
living id=6030 type=cyclop pos=43,78,24 hp=1870
living id=6031 type=firehead pos=68,156,24 hp=2166
living id=6033 type=direwolfalpha pos=150,164,24 hp=1421
living id=6034 type=direwolf pos=83,170,24 hp=1538
living id=6035 type=hobgoblinkaiser pos=13,102,24 hp=2107
living id=6036 type=blueslime pos=71,171,24 hp=1680
living id=6037 type=snickerblade pos=47,48,24 hp=2061
living id=6038 type=direwolfalpha pos=37,43,24 hp=1540
living id=6039 type=direwolfalpha pos=80,127,24 hp=1405
living id=6040 type=direwolf pos=121,79,24 hp=1409
living id=6041 type=snickerblade pos=104,184,24 hp=1646
living id=6042 type=firehead pos=18,2,24 hp=1874
living id=6044 type=direwolfalpha pos=75,64,24 hp=1493
living id=6045 type=blueslime pos=100,12,24 hp=1990
living id=6046 type=cyclop pos=177,114,24 hp=1910
living id=6047 type=hobgoblin pos=188,129,24 hp=1791
living id=6048 type=direwolf pos=145,193,24 hp=1548
living id=6049 type=hobgoblinkaiser pos=84,12,24 hp=1916
living id=6050 type=direwolfalpha pos=182,124,24 hp=1388
living id=6051 type=blueslime pos=84,118,24 hp=1803
living id=6052 type=hobgoblin pos=48,196,24 hp=1863
living id=6053 type=direwolfalpha pos=57,150,24 hp=1619
living id=6054 type=cyclop pos=38,16,24 hp=2385
living id=6055 type=blueslime pos=9,87,24 hp=1666
living id=6056 type=firehead pos=157,27,24 hp=1808
living id=6058 type=direwolf pos=18,91,24 hp=1383
living id=6059 type=direwolf pos=107,179,24 hp=1426
living id=6060 type=direwolf pos=5,78,24 hp=1601
living id=6061 type=cyclop pos=162,21,24 hp=1872
living id=6062 type=blueslime pos=2,30,24 hp=1749
living id=6063 type=blueslime pos=146,69,24 hp=1780
living id=6064 type=cyclop pos=170,99,24 hp=2307
living id=6065 type=direwolfalpha pos=191,77,24 hp=1473
living id=6066 type=snickerblade pos=22,101,24 hp=1808
living id=6067 type=hobgoblinkaiser pos=26,189,24 hp=2107
living id=6068 type=blueslime pos=131,165,24 hp=1876
living id=6069 type=blueslime pos=100,143,24 hp=1694
living id=6070 type=hobgoblinkaiser pos=24,112,24 hp=2531
living id=6071 type=blueslime pos=109,42,24 hp=2149
living id=6072 type=direwolfalpha pos=11,18,24 hp=1540
living id=6073 type=snickerblade pos=133,18,24 hp=2106
living id=6074 type=cyclop pos=176,50,24 hp=2533
living id=6075 type=evilturtle pos=4,34,24 hp=1934
living id=6076 type=hobgoblinkaiser pos=165,130,24 hp=2221
living id=6077 type=direwolf pos=152,30,24 hp=1450
living id=6078 type=firehead pos=70,12,24 hp=2215
living id=6080 type=direwolf pos=145,78,24 hp=1369
living id=6081 type=blueslime pos=52,7,24 hp=1877
living id=6082 type=evilturtle pos=21,180,24 hp=2025
living id=6083 type=snickerblade pos=131,144,24 hp=1741
living id=6084 type=cyclop pos=23,172,24 hp=1853
living id=6085 type=hobgoblinkaiser pos=149,14,24 hp=2530
living id=6086 type=cyclop pos=67,180,24 hp=2501
living id=6087 type=hobgoblin pos=117,152,24 hp=2014
living id=6088 type=hobgoblinkaiser pos=197,17,24 hp=2377
living id=6089 type=hobgoblin pos=4,102,24 hp=1941
living id=6090 type=direwolfalpha pos=94,59,24 hp=1705
living id=6091 type=snickerblade pos=192,90,24 hp=2118
living id=6092 type=hobgoblin pos=40,56,24 hp=1693
living id=6093 type=blueslime pos=78,197,24 hp=1918
living id=6094 type=direwolfalpha pos=57,138,24 hp=1350
living id=6095 type=hobgoblin pos=161,172,24 hp=1872
living id=6096 type=cyclop pos=136,66,24 hp=1740
living id=6097 type=direwolfalpha pos=160,119,24 hp=1336
living id=6098 type=direwolfalpha pos=38,57,24 hp=1481
living id=6099 type=direwolfalpha pos=192,112,24 hp=1666
living id=6100 type=hobgoblinkaiser pos=54,193,24 hp=1948
living id=6101 type=hobgoblin pos=123,5,24 hp=1844
living id=6102 type=hobgoblin pos=77,164,24 hp=1831
living id=6103 type=hobgoblin pos=82,77,24 hp=1649
living id=6104 type=firehead pos=188,97,24 hp=1984
living id=6106 type=cyclop pos=74,155,24 hp=2531
living id=6107 type=direwolf pos=196,26,24 hp=1395
living id=6108 type=hobgoblinkaiser pos=93,33,24 hp=2101
living id=6109 type=evilturtle pos=8,111,24 hp=2409
living id=6110 type=direwolfalpha pos=85,61,24 hp=1384
living id=6111 type=evilturtle pos=152,124,24 hp=1717
living id=6112 type=hobgoblin pos=26,85,24 hp=2094
living id=6113 type=direwolf pos=33,168,24 hp=1367
living id=6114 type=evilturtle pos=148,101,24 hp=1915
living id=6115 type=blueslime pos=43,168,24 hp=2028
living id=6116 type=direwolf pos=152,198,24 hp=1570
living id=6117 type=cyclop pos=119,94,24 hp=2110
living id=6118 type=direwolfalpha pos=150,181,24 hp=1305
living id=6119 type=evilturtle pos=71,77,24 hp=2077
living id=6120 type=cyclop pos=9,147,24 hp=2315
living id=6121 type=direwolfalpha pos=139,63,24 hp=1545
living id=6122 type=hobgoblin pos=196,97,24 hp=2152
living id=6123 type=evilturtle pos=12,85,24 hp=2268
living id=6124 type=direwolfalpha pos=125,70,24 hp=1327
living id=6125 type=firehead pos=188,159,24 hp=2101
living id=6127 type=blueslime pos=191,94,24 hp=2066
living id=6128 type=direwolfalpha pos=180,44,24 hp=1595
living id=6129 type=evilturtle pos=100,81,24 hp=2130
living id=6130 type=snickerblade pos=177,157,24 hp=1924
living id=6131 type=direwolfalpha pos=12,81,24 hp=1501
living id=6132 type=cyclop pos=95,102,24 hp=2438
living id=6133 type=hobgoblin pos=30,166,24 hp=2024
living id=6134 type=hobgoblin pos=137,148,24 hp=1943
living id=6135 type=direwolfalpha pos=193,95,24 hp=1330
living id=6136 type=evilturtle pos=112,58,24 hp=2099
living id=6137 type=firehead pos=33,163,24 hp=2109
living id=6139 type=cyclop pos=58,139,24 hp=1979
living id=6140 type=cyclop pos=37,59,24 hp=2309
living id=6141 type=evilturtle pos=63,186,24 hp=2461
living id=6142 type=cyclop pos=127,52,24 hp=1910
living id=6143 type=snickerblade pos=135,198,24 hp=1835
living id=6144 type=firehead pos=162,134,24 hp=2194
living id=6146 type=blueslime pos=143,77,24 hp=1832
living id=6147 type=hobgoblin pos=76,167,24 hp=1782
living id=6148 type=direwolf pos=169,162,24 hp=1600
living id=6149 type=snickerblade pos=151,83,24 hp=1645
living id=6150 type=cyclop pos=190,108,24 hp=2433
living id=6151 type=hobgoblinkaiser pos=146,189,24 hp=2026
living id=6152 type=cyclop pos=173,10,24 hp=1843
living id=6153 type=evilturtle pos=74,74,24 hp=2289
living id=6154 type=hobgoblin pos=160,134,24 hp=1889
living id=6155 type=hobgoblin pos=117,190,24 hp=2041
living id=6156 type=direwolf pos=187,116,24 hp=1408
living id=6157 type=hobgoblin pos=123,33,24 hp=1974
living id=6158 type=hobgoblin pos=146,14,24 hp=1870
living id=6159 type=blueslime pos=188,1,24 hp=1684
living id=6160 type=hobgoblin pos=5,17,24 hp=1883
living id=6161 type=direwolfalpha pos=19,83,24 hp=1713
living id=6162 type=evilturtle pos=104,162,24 hp=1814
living id=6163 type=snickerblade pos=157,127,24 hp=1993
living id=6164 type=hobgoblinkaiser pos=186,90,24 hp=2269
living id=6165 type=snickerblade pos=6,143,24 hp=1884
living id=6166 type=cyclop pos=139,160,24 hp=1935
living id=6167 type=evilturtle pos=37,49,24 hp=2350
living id=6168 type=blueslime pos=188,121,24 hp=2164
living id=6169 type=evilturtle pos=50,22,24 hp=2443
living id=6170 type=hobgoblin pos=172,120,24 hp=2171
living id=6171 type=direwolfalpha pos=89,89,24 hp=1598
living id=6172 type=cyclop pos=3,155,24 hp=2221
living id=6173 type=blueslime pos=40,142,24 hp=2156
living id=6174 type=firehead pos=144,110,24 hp=1768
living id=6176 type=hobgoblin pos=138,188,24 hp=1897
living id=6177 type=hobgoblinkaiser pos=73,71,24 hp=2443
living id=6178 type=direwolfalpha pos=20,50,24 hp=1633
living id=6179 type=direwolf pos=141,10,24 hp=1409
living id=6180 type=evilturtle pos=17,170,24 hp=2084
living id=6181 type=direwolfalpha pos=106,84,24 hp=1629
living id=6182 type=evilturtle pos=129,50,24 hp=2379
living id=6183 type=direwolfalpha pos=6,109,24 hp=1685
living id=6184 type=snickerblade pos=159,165,24 hp=1796
living id=6185 type=direwolf pos=124,23,24 hp=1657
living id=6186 type=firehead pos=96,130,24 hp=1977
living id=6188 type=direwolfalpha pos=1,68,24 hp=1468
living id=6189 type=direwolfalpha pos=104,185,24 hp=1633
living id=6190 type=direwolfalpha pos=70,169,24 hp=1364
living id=6191 type=hobgoblin pos=3,39,24 hp=2096
living id=6192 type=snickerblade pos=96,95,24 hp=1788
living id=6193 type=direwolf pos=43,57,24 hp=1382
living id=6194 type=blueslime pos=33,174,24 hp=2010
living id=6195 type=evilturtle pos=87,194,24 hp=2089
living id=6196 type=hobgoblinkaiser pos=10,150,24 hp=2468
living id=6197 type=firehead pos=25,98,24 hp=2227
living id=6199 type=hobgoblinkaiser pos=147,145,24 hp=2643
living id=6200 type=cyclop pos=34,186,24 hp=2372
living id=6201 type=cyclop pos=63,113,24 hp=2009
living id=6202 type=cyclop pos=60,23,24 hp=1956
living id=6203 type=hobgoblin pos=164,113,24 hp=1719
living id=6204 type=hobgoblin pos=138,179,24 hp=1912
living id=6205 type=evilturtle pos=110,34,24 hp=1800
living id=6206 type=blueslime pos=15,134,24 hp=1983
living id=6207 type=nexythesnickeredge pos=134,61,24 hp=3095
living id=6208 type=cavetroll pos=59,155,24 hp=2756
living id=6209 type=cavetroll pos=71,74,24 hp=3248
living id=6210 type=cavetroll pos=170,125,24 hp=2971
living id=6211 type=cavetroll pos=182,42,24 hp=2981
living id=6212 type=direwolfalpha pos=95,73,26 hp=1357
living id=6213 type=direwolfalpha pos=97,19,26 hp=1454
living id=6214 type=cavetroll pos=62,184,26 hp=3073
living id=6215 type=cavetroll pos=74,40,26 hp=3024
living id=6216 type=snickerblade pos=103,145,26 hp=2010
living id=6217 type=werewolf pos=117,189,26 hp=1646
living id=6218 type=direwolf pos=61,169,26 hp=1388
living id=6219 type=cavetroll pos=101,10,26 hp=2751
living id=6220 type=direwolfalpha pos=189,112,26 hp=1352
living id=6221 type=direwolf pos=42,56,26 hp=1497
living id=6222 type=evilturtle pos=148,21,26 hp=2058
living id=6223 type=direwolf pos=133,168,26 hp=1563
living id=6224 type=evilturtle pos=19,137,26 hp=1781
living id=6225 type=direwolfalpha pos=98,20,26 hp=1702
living id=6226 type=werewolf pos=190,41,26 hp=1532
living id=6227 type=snickerbladewizard pos=40,57,26 hp=3315
living id=6228 type=firehead pos=149,10,26 hp=2073
living id=6230 type=infectedzombie pos=131,121,26 hp=2419
living id=6231 type=werewolf pos=75,78,26 hp=1544
living id=6232 type=firehead pos=74,56,26 hp=1857
living id=6234 type=evilturtle pos=173,163,26 hp=2358
living id=6235 type=snickerbladewizard pos=41,168,26 hp=3341
living id=6236 type=snickerblade pos=12,135,26 hp=1735
living id=6237 type=werewolf pos=103,86,26 hp=1481
living id=6238 type=infectedzombie pos=146,91,26 hp=2506
living id=6239 type=direwolfalpha pos=138,177,26 hp=1599
living id=6240 type=snickerbladewizard pos=20,56,26 hp=3361
living id=6241 type=werewolf pos=75,73,26 hp=1503
living id=6242 type=evilturtle pos=20,175,26 hp=2227
living id=6243 type=firehead pos=45,38,26 hp=1751
living id=6245 type=cavetroll pos=74,77,26 hp=2953
living id=6246 type=blueslime pos=72,24,26 hp=1916
living id=6247 type=firehead pos=101,86,26 hp=1952
living id=6249 type=zombie pos=169,143,26 hp=3256
living id=6250 type=blueslime pos=39,139,26 hp=1628
living id=6251 type=direwolf pos=111,175,26 hp=1662
living id=6252 type=infectedzombie pos=114,107,26 hp=2901
living id=6253 type=zombie pos=136,113,26 hp=3051
living id=6254 type=infectedzombie pos=190,82,26 hp=2568
living id=6255 type=blueslime pos=15,17,26 hp=1739
living id=6256 type=snickerbladewizard pos=41,115,26 hp=3369
living id=6257 type=werewolf pos=118,190,26 hp=1455
living id=6258 type=direwolf pos=170,86,26 hp=1525
living id=6259 type=zombie pos=79,168,26 hp=2351
living id=6260 type=snickerblade pos=115,145,26 hp=1750
living id=6261 type=firehead pos=2,174,26 hp=1720
living id=6263 type=snickerblade pos=28,157,26 hp=2007
living id=6264 type=werewolf pos=145,17,26 hp=1882
living id=6265 type=snickerblade pos=47,81,26 hp=1976
living id=6266 type=direwolf pos=19,127,26 hp=1565
living id=6267 type=blueslime pos=131,117,26 hp=1840
living id=6268 type=cavetroll pos=66,193,26 hp=2785
living id=6269 type=direwolf pos=58,110,26 hp=1421
living id=6270 type=blueslime pos=56,86,26 hp=2011
living id=6271 type=evilturtle pos=8,136,26 hp=2237
living id=6272 type=cavetroll pos=172,198,26 hp=2998
living id=6273 type=werewolf pos=158,197,26 hp=1522
living id=6274 type=cavetroll pos=147,102,26 hp=2986
living id=6275 type=snickerblade pos=11,143,26 hp=1729
living id=6276 type=snickerbladewizard pos=101,86,26 hp=3308
living id=6277 type=blueslime pos=110,143,26 hp=1996
living id=6278 type=zombie pos=158,132,26 hp=2777
living id=6279 type=werewolf pos=85,138,26 hp=1768
living id=6280 type=infectedzombie pos=105,188,26 hp=2479
living id=6281 type=zombie pos=166,9,26 hp=3236
living id=6282 type=direwolf pos=140,57,26 hp=1679
living id=6283 type=direwolfalpha pos=139,101,26 hp=1606
living id=6284 type=direwolf pos=130,57,26 hp=1357
living id=6285 type=infectedzombie pos=119,165,26 hp=2863
living id=6286 type=firehead pos=33,160,26 hp=2233
living id=6288 type=snickerbladewizard pos=79,129,26 hp=3274
living id=6289 type=infectedzombie pos=122,67,26 hp=2420
living id=6290 type=snickerbladewizard pos=111,66,26 hp=3372
living id=6291 type=blueslime pos=54,154,26 hp=1803
living id=6292 type=snickerbladewizard pos=96,39,26 hp=3378
living id=6293 type=zombie pos=129,164,26 hp=3429
living id=6294 type=zombie pos=3,172,26 hp=2453
living id=6295 type=snickerblade pos=170,122,26 hp=2174
living id=6296 type=werewolf pos=180,186,26 hp=1436
living id=6297 type=werewolf pos=122,65,26 hp=1332
living id=6298 type=werewolf pos=77,58,26 hp=1540
living id=6299 type=snickerblade pos=101,183,26 hp=1958
living id=6300 type=firehead pos=82,146,26 hp=2181
living id=6302 type=snickerbladewizard pos=20,19,26 hp=3259
living id=6303 type=blueslime pos=47,96,26 hp=2140
living id=6304 type=cavetroll pos=40,135,26 hp=3202
living id=6305 type=evilturtle pos=142,150,26 hp=1930
living id=6306 type=cavetroll pos=113,63,26 hp=3208
living id=6307 type=cavetroll pos=175,162,26 hp=3141
living id=6308 type=blueslime pos=5,158,26 hp=2049
living id=6309 type=blueslime pos=22,109,26 hp=1799
living id=6310 type=direwolfalpha pos=123,61,26 hp=1370
living id=6311 type=direwolf pos=132,58,26 hp=1412
living id=6312 type=snickerbladewizard pos=59,51,26 hp=3309
living id=6313 type=werewolf pos=92,167,26 hp=1422
living id=6314 type=direwolf pos=78,140,26 hp=1465
living id=6315 type=snickerbladewizard pos=11,138,26 hp=3326
living id=6316 type=zombie pos=122,28,26 hp=3534
living id=6317 type=firehead pos=112,103,26 hp=1819
living id=6319 type=blueslime pos=116,107,26 hp=1644
living id=6320 type=evilturtle pos=124,17,26 hp=1766
living id=6321 type=snickerblade pos=97,79,26 hp=2061
living id=6322 type=blueslime pos=5,141,26 hp=1910
living id=6323 type=direwolf pos=149,100,26 hp=1413
living id=6324 type=firehead pos=166,108,26 hp=1782
living id=6326 type=direwolf pos=159,69,26 hp=1607
living id=6327 type=blueslime pos=161,142,26 hp=2017
living id=6328 type=direwolfalpha pos=13,104,26 hp=1463
living id=6329 type=firehead pos=162,141,26 hp=1908
living id=6331 type=blueslime pos=42,173,26 hp=2001
living id=6332 type=evilturtle pos=103,101,26 hp=2050
living id=6333 type=snickerbladewizard pos=72,106,26 hp=3356
living id=6334 type=cavetroll pos=138,77,26 hp=2942
living id=6335 type=werewolf pos=45,73,26 hp=1671
living id=6336 type=werewolf pos=11,135,26 hp=1782
living id=6337 type=zombie pos=42,172,26 hp=2819
living id=6338 type=werewolf pos=16,170,26 hp=1654
living id=6339 type=werewolf pos=53,36,26 hp=1739
living id=6340 type=evilturtle pos=99,45,26 hp=1842
living id=6341 type=infectedzombie pos=148,74,26 hp=2664
living id=6342 type=evilturtle pos=38,91,26 hp=1960
living id=6343 type=direwolf pos=122,36,26 hp=1349
living id=6344 type=cavetroll pos=24,188,26 hp=3065
living id=6345 type=cavetroll pos=167,92,26 hp=2966
living id=6346 type=snickerblade pos=119,101,26 hp=1914
living id=6347 type=infectedzombie pos=101,162,26 hp=2280
living id=6348 type=infectedzombie pos=143,166,26 hp=2894
living id=6349 type=werewolf pos=80,166,26 hp=1686
living id=6350 type=zombie pos=56,57,26 hp=3145
living id=6351 type=firehead pos=168,11,26 hp=2239
living id=6353 type=infectedzombie pos=26,148,26 hp=2807
living id=6354 type=infectedzombie pos=133,24,26 hp=2578
living id=6355 type=blueslime pos=20,136,26 hp=1823
living id=6356 type=cavetroll pos=142,173,26 hp=3048
living id=6357 type=cavetroll pos=44,134,26 hp=3287
living id=6358 type=zombie pos=130,100,26 hp=2726
living id=6359 type=cavetroll pos=73,76,26 hp=3244
living id=6360 type=infectedzombie pos=130,166,26 hp=2728
living id=6361 type=blueslime pos=134,26,26 hp=1696
living id=6362 type=snickerblade pos=105,181,26 hp=1687
living id=6363 type=snickerblade pos=152,72,26 hp=1865
living id=6364 type=werewolf pos=122,27,26 hp=1695
living id=6365 type=snickerblade pos=37,88,26 hp=1884
living id=6366 type=evilturtle pos=161,90,26 hp=1947
living id=6367 type=werewolf pos=134,74,26 hp=1567
living id=6368 type=blueslime pos=140,187,26 hp=1915
living id=6369 type=zombie pos=11,105,26 hp=2631
living id=6370 type=evilturtle pos=165,21,26 hp=1758
living id=6371 type=evilturtle pos=75,80,26 hp=1903
living id=6372 type=blueslime pos=144,176,26 hp=2161
living id=6373 type=werewolf pos=112,105,26 hp=1718
living id=6374 type=direwolf pos=99,35,26 hp=1533
living id=6375 type=snickerblade pos=62,175,26 hp=2105
living id=6376 type=firehead pos=189,181,26 hp=2007
living id=6378 type=direwolf pos=187,86,26 hp=1404
living id=6379 type=werewolf pos=108,98,26 hp=1860
living id=6380 type=cavetroll pos=146,175,26 hp=3124
living id=6381 type=direwolf pos=86,174,26 hp=1410
living id=6382 type=snickerblade pos=110,135,26 hp=1925
living id=6383 type=direwolf pos=141,198,26 hp=1391
living id=6384 type=cavetroll pos=168,120,26 hp=3286
living id=6385 type=werewolf pos=168,157,26 hp=1873
living id=6386 type=evilturtle pos=149,151,26 hp=2080
living id=6387 type=werewolf pos=81,192,26 hp=1571
living id=6388 type=blueslime pos=142,58,26 hp=2089
living id=6389 type=direwolfalpha pos=150,73,26 hp=1640
living id=6390 type=evilturtle pos=190,138,26 hp=2407
living id=6391 type=infectedzombie pos=22,107,26 hp=2717
living id=6392 type=infectedzombie pos=145,123,26 hp=2404
living id=6393 type=infectedzombie pos=129,59,26 hp=2661
living id=6394 type=werewolf pos=179,21,26 hp=1840
living id=6395 type=zombie pos=20,123,26 hp=2661
living id=6396 type=werewolf pos=142,108,26 hp=1492
living id=6397 type=snickerblade pos=42,172,26 hp=1929
living id=6398 type=evilturtle pos=123,15,26 hp=1933
living id=6399 type=evilturtle pos=34,170,26 hp=2344
living id=6400 type=snickerbladewizard pos=175,196,26 hp=3401
living id=6401 type=cavetroll pos=112,169,26 hp=2803
living id=6402 type=direwolf pos=72,19,26 hp=1613
living id=6403 type=infectedzombie pos=189,109,26 hp=2809
living id=6404 type=firehead pos=118,192,26 hp=1706
living id=6406 type=blueslime pos=141,195,26 hp=1928
living id=6407 type=werewolf pos=131,28,26 hp=1499
living id=6408 type=zombie pos=142,124,26 hp=2660
living id=6409 type=direwolfalpha pos=113,69,26 hp=1392
living id=6410 type=firehead pos=93,174,26 hp=1917
living id=6412 type=infectedzombie pos=5,83,26 hp=2676
living id=6413 type=werewolf pos=27,148,26 hp=1656
living id=6414 type=blueslime pos=108,135,26 hp=2149
living id=6415 type=evilturtle pos=95,192,26 hp=2221
living id=6416 type=evilturtle pos=155,171,26 hp=2237
living id=6417 type=zombie pos=21,26,26 hp=2453
living id=6418 type=infectedzombie pos=74,74,26 hp=2887
living id=6419 type=blueslime pos=9,144,26 hp=2106
living id=6420 type=werewolf pos=75,167,26 hp=1422
living id=6421 type=zombie pos=106,169,26 hp=3552
living id=6422 type=zombie pos=80,82,26 hp=3656
living id=6423 type=cavetroll pos=115,137,26 hp=2857
living id=6424 type=firehead pos=45,18,26 hp=1912
living id=6426 type=direwolfalpha pos=77,163,26 hp=1444
living id=6427 type=snickerblade pos=86,176,26 hp=1965
living id=6428 type=snickerbladewizard pos=74,71,26 hp=3275
living id=6429 type=firehead pos=79,163,26 hp=1939
living id=6431 type=snickerblade pos=166,128,26 hp=2000
living id=6432 type=snickerbladewizard pos=175,20,26 hp=3357
living id=6433 type=evilturtle pos=90,177,26 hp=1930
living id=6434 type=direwolfalpha pos=109,121,26 hp=1361
living id=6435 type=infectedzombie pos=40,153,26 hp=2264
living id=6436 type=cavetroll pos=157,119,26 hp=3130
living id=6437 type=infectedzombie pos=136,74,26 hp=2835
living id=6438 type=werewolf pos=140,62,26 hp=1626
living id=6439 type=infectedzombie pos=16,99,26 hp=2791
living id=6440 type=direwolfalpha pos=55,135,26 hp=1434
living id=6441 type=direwolfalpha pos=142,171,26 hp=1364
living id=6442 type=cavetroll pos=171,110,26 hp=2976
living id=6443 type=cavetroll pos=140,89,26 hp=2959
living id=6444 type=zombie pos=129,58,26 hp=2635
living id=6445 type=snickerbladewizard pos=58,79,26 hp=3348
living id=6446 type=cavetroll pos=141,89,26 hp=3260
living id=6447 type=infectedzombie pos=39,165,26 hp=2180
living id=6448 type=infectedzombie pos=147,101,26 hp=2526
living id=6449 type=zombie pos=95,188,26 hp=3234
living id=6450 type=direwolf pos=143,112,26 hp=1625
living id=6451 type=zombie pos=144,17,26 hp=2364
living id=6452 type=snickerblade pos=22,168,26 hp=1686
living id=6453 type=snickerblade pos=163,93,26 hp=1921
living id=6454 type=evilturtle pos=46,189,26 hp=1819
living id=6455 type=direwolf pos=93,19,26 hp=1525
living id=6456 type=direwolfalpha pos=73,161,26 hp=1635
living id=6457 type=firehead pos=63,163,26 hp=2231
living id=6459 type=direwolf pos=86,126,26 hp=1634
living id=6460 type=zombie pos=153,171,26 hp=2874
living id=6461 type=direwolfalpha pos=14,173,26 hp=1514
living id=6462 type=firehead pos=57,59,26 hp=2290
living id=6464 type=direwolfalpha pos=5,194,26 hp=1304
living id=6465 type=blueslime pos=169,107,26 hp=1967
living id=6466 type=infectedzombie pos=114,65,26 hp=2682
living id=6467 type=direwolfalpha pos=198,178,26 hp=1698
living id=6468 type=evilturtle pos=73,164,26 hp=2410
living id=6469 type=werewolf pos=145,111,26 hp=1382
living id=6470 type=direwolf pos=128,118,26 hp=1321
living id=6471 type=zombie pos=134,26,26 hp=3489
living id=6472 type=zombie pos=110,138,26 hp=2910
living id=6473 type=snickerblade pos=98,191,26 hp=1660
living id=6474 type=firehead pos=7,162,26 hp=1798
living id=6476 type=evilturtle pos=137,73,26 hp=2125
living id=6477 type=zombie pos=107,137,26 hp=2347
living id=6478 type=cavetroll pos=116,138,26 hp=2733
living id=6479 type=cavetroll pos=29,159,26 hp=3275
living id=6480 type=blueslime pos=153,153,26 hp=1844
living id=6481 type=werewolf pos=127,191,26 hp=1562
living id=6482 type=werewolf pos=93,143,26 hp=1872
living id=6483 type=blueslime pos=42,165,26 hp=1841
living id=6484 type=evilturtle pos=189,189,26 hp=1888
living id=6485 type=cavetroll pos=1,177,26 hp=3205
living id=6486 type=infectedzombie pos=70,22,26 hp=2208
living id=6487 type=zombie pos=114,143,26 hp=3422
living id=6488 type=snickerbladewizard pos=71,57,26 hp=3278
living id=6489 type=snickerbladewizard pos=51,16,26 hp=3341
living id=6490 type=werewolf pos=187,108,26 hp=1419
living id=6491 type=blueslime pos=85,137,26 hp=2107
living id=6492 type=direwolf pos=36,173,26 hp=1329
living id=6493 type=werewolf pos=4,137,26 hp=1411
living id=6494 type=firehead pos=25,106,26 hp=1995
living id=6496 type=snickerblade pos=77,63,26 hp=1994
living id=6497 type=snickerblade pos=117,64,26 hp=1694
living id=6498 type=blueslime pos=90,148,26 hp=1764
living id=6499 type=werewolf pos=65,194,26 hp=1730
living id=6500 type=infectedzombie pos=69,186,26 hp=2529
living id=6501 type=snickerblade pos=88,141,26 hp=2014
living id=6502 type=direwolfalpha pos=108,174,26 hp=1288
living id=6503 type=firehead pos=124,17,26 hp=1751
living id=6505 type=infectedzombie pos=169,197,26 hp=2917
living id=6506 type=firehead pos=121,62,26 hp=1785
living id=6508 type=snickerbladewizard pos=172,11,26 hp=3268
living id=6509 type=infectedzombie pos=58,75,26 hp=2207
living id=6510 type=werewolf pos=189,87,26 hp=1883
living id=6511 type=evilturtle pos=141,124,26 hp=2228
living id=6512 type=evilturtle pos=92,166,26 hp=2350
living id=6513 type=werewolf pos=91,172,26 hp=1550
living id=6514 type=snickerblade pos=97,43,26 hp=1755
living id=6515 type=direwolf pos=80,186,26 hp=1542
living id=6516 type=snickerblade pos=118,69,26 hp=2128
living id=6517 type=cavetroll pos=185,161,26 hp=3167
living id=6518 type=blueslime pos=129,163,26 hp=1687
living id=6519 type=snickerbladewizard pos=152,123,26 hp=3289
living id=6520 type=zombie pos=82,142,26 hp=3081
living id=6521 type=blueslime pos=24,169,26 hp=1643
living id=6522 type=evilturtle pos=152,197,26 hp=2060
living id=6523 type=blueslime pos=147,101,26 hp=2125
living id=6524 type=werewolf pos=186,81,26 hp=1318
living id=6525 type=firehead pos=118,166,26 hp=2237
living id=6527 type=direwolfalpha pos=123,6,26 hp=1660
living id=6528 type=zombie pos=165,19,26 hp=2990
living id=6529 type=snickerblade pos=32,154,26 hp=2026
living id=6530 type=evilturtle pos=132,34,26 hp=2358
living id=6531 type=snickerblade pos=124,171,26 hp=2151
living id=6532 type=snickerblade pos=26,148,26 hp=1916
living id=6533 type=direwolf pos=190,78,26 hp=1595
living id=6534 type=infectedzombie pos=0,169,26 hp=2170
living id=6535 type=blueslime pos=122,70,26 hp=1664
living id=6536 type=direwolf pos=43,135,26 hp=1486
living id=6537 type=infectedzombie pos=104,92,26 hp=2504
living id=6538 type=snickerbladewizard pos=189,136,26 hp=3351
living id=6539 type=infectedzombie pos=189,42,26 hp=2842
living id=6540 type=snickerbladewizard pos=171,155,26 hp=3330
living id=6541 type=zombie pos=95,191,26 hp=3511
living id=6542 type=snickerblade pos=18,173,26 hp=1660
living id=6543 type=infectedzombie pos=145,15,26 hp=2709
living id=6544 type=evilturtle pos=95,40,26 hp=1983
living id=6545 type=snickerblade pos=112,62,26 hp=2053
living id=6546 type=snickerblade pos=192,143,26 hp=1986
living id=6547 type=direwolfalpha pos=173,64,26 hp=1376
living id=6548 type=snickerbladewizard pos=61,135,26 hp=3354
living id=6549 type=blueslime pos=38,42,26 hp=1942
living id=6550 type=snickerbladewizard pos=60,58,26 hp=3273
living id=6551 type=snickerblade pos=54,30,26 hp=1832
living id=6552 type=direwolf pos=102,146,26 hp=1338
living id=6553 type=direwolf pos=129,158,26 hp=1622
living id=6554 type=snickerbladewizard pos=144,128,26 hp=3281
living id=6555 type=snickerblade pos=142,57,26 hp=1811
living id=6556 type=zombie pos=36,23,26 hp=2795
living id=6557 type=zombie pos=121,15,26 hp=2992
living id=6558 type=snickerblade pos=108,126,26 hp=2035
living id=6559 type=evilturtle pos=167,105,26 hp=2413
living id=6560 type=evilturtle pos=50,139,26 hp=2268
living id=6561 type=firehead pos=172,191,26 hp=2049
living id=6563 type=snickerbladewizard pos=195,179,26 hp=3285
living id=6564 type=direwolfalpha pos=78,113,26 hp=1634
living id=6565 type=snickerbladewizard pos=140,155,26 hp=3305
living id=6566 type=evilturtle pos=139,153,26 hp=1777
living id=6567 type=firehead pos=158,177,26 hp=1749
living id=6569 type=werewolf pos=69,22,26 hp=1782
living id=6570 type=direwolf pos=146,15,26 hp=1610
living id=6571 type=blueslime pos=170,83,26 hp=1947
living id=6572 type=direwolf pos=107,184,26 hp=1423
living id=6573 type=werewolf pos=115,102,26 hp=1858
living id=6574 type=infectedzombie pos=34,148,26 hp=2828
living id=6575 type=infectedzombie pos=171,193,26 hp=2851
living id=6576 type=firehead pos=163,72,26 hp=1804
living id=6578 type=zombie pos=5,99,26 hp=2733
living id=6579 type=zombie pos=147,40,26 hp=2992
living id=6580 type=direwolf pos=185,144,26 hp=1667
living id=6581 type=evilturtle pos=190,47,26 hp=1748
living id=6582 type=blueslime pos=171,17,26 hp=1931
living id=6583 type=werewolf pos=49,57,26 hp=1450
living id=6584 type=cavetroll pos=31,151,26 hp=2740
living id=6585 type=firehead pos=50,145,26 hp=1914
living id=6587 type=direwolfalpha pos=137,99,26 hp=1511
living id=6588 type=direwolfalpha pos=38,91,26 hp=1398
living id=6589 type=werewolf pos=3,172,26 hp=1670
living id=6590 type=infectedzombie pos=146,30,26 hp=2238
living id=6591 type=infectedzombie pos=6,199,26 hp=2841
living id=6592 type=evilturtle pos=18,105,26 hp=1875
living id=6593 type=evilturtle pos=111,175,26 hp=2226
living id=6594 type=snickerblade pos=71,88,26 hp=1634
living id=6595 type=snickerbladewizard pos=114,104,26 hp=3359
living id=6596 type=zombie pos=70,13,26 hp=2359
living id=6597 type=snickerblade pos=168,10,26 hp=1846
living id=6598 type=zombie pos=103,184,26 hp=2876
living id=6599 type=zombie pos=70,70,26 hp=3348
living id=6600 type=direwolfalpha pos=174,144,26 hp=1713
living id=6601 type=evilturtle pos=80,143,26 hp=2179
living id=6602 type=snickerblade pos=38,47,26 hp=1680
living id=6603 type=direwolf pos=122,189,26 hp=1338
living id=6604 type=direwolf pos=77,158,26 hp=1353
living id=6605 type=zombie pos=147,155,26 hp=3256
living id=6606 type=firehead pos=49,18,26 hp=1975
living id=6608 type=direwolfalpha pos=168,9,26 hp=1527
living id=6609 type=snickerblade pos=110,124,26 hp=1668
living id=6610 type=blueslime pos=125,36,26 hp=1881
living id=6611 type=cavetroll pos=145,98,26 hp=3145
living id=6612 type=infectedzombie pos=23,169,26 hp=2904
living id=6613 type=firehead pos=103,92,26 hp=1929
living id=6615 type=snickerbladewizard pos=97,11,26 hp=3397
living id=6616 type=snickerbladewizard pos=190,15,26 hp=3382
living id=6617 type=snickerbladewizard pos=58,132,26 hp=3286
living id=6618 type=evilturtle pos=103,11,26 hp=2202
living id=6619 type=direwolfalpha pos=147,40,26 hp=1681
living id=6620 type=evilturtle pos=166,128,26 hp=2354
living id=6621 type=infectedzombie pos=164,90,26 hp=2398
living id=6622 type=cavetroll pos=149,56,26 hp=3161
living id=6623 type=cavetroll pos=118,189,26 hp=3022
living id=6624 type=blueslime pos=22,96,26 hp=1957
living id=6625 type=firehead pos=101,11,26 hp=1776
living id=6627 type=zombie pos=120,187,26 hp=2425
living id=6628 type=cavetroll pos=153,170,26 hp=3211
living id=6629 type=direwolf pos=18,32,26 hp=1513
living id=6630 type=snickerblade pos=167,166,26 hp=1998
living id=6631 type=werewolf pos=160,145,26 hp=1381
living id=6632 type=cavetroll pos=152,72,26 hp=3062
living id=6633 type=evilturtle pos=146,30,26 hp=2131
living id=6634 type=direwolf pos=122,35,26 hp=1516
living id=6635 type=zombie pos=189,146,26 hp=3610
living id=6636 type=cavetroll pos=169,34,26 hp=3281
living id=6637 type=firehead pos=122,33,26 hp=2004
living id=6639 type=snickerblade pos=40,163,26 hp=1705
living id=6640 type=snickerbladewizard pos=39,107,26 hp=3358
living id=6641 type=snickerbladewizard pos=145,126,26 hp=3284
living id=6642 type=infectedzombie pos=106,128,26 hp=2605
living id=6643 type=werewolf pos=107,194,26 hp=1609
living id=6644 type=direwolfalpha pos=53,153,26 hp=1651
living id=6645 type=zombie pos=61,78,26 hp=3646
living id=6646 type=direwolf pos=98,111,26 hp=1349
living id=6647 type=infectedzombie pos=154,74,26 hp=2889
living id=6648 type=cavetroll pos=176,8,26 hp=2874
living id=6649 type=zombie pos=147,9,26 hp=3494
living id=6650 type=werewolf pos=169,21,26 hp=1444
living id=6651 type=cavetroll pos=74,48,26 hp=2814
living id=6652 type=direwolfalpha pos=100,158,26 hp=1488
living id=6653 type=werewolf pos=3,186,26 hp=1777
living id=6654 type=direwolfalpha pos=159,128,26 hp=1301
living id=6655 type=snickerblade pos=154,74,26 hp=1922
living id=6656 type=snickerbladewizard pos=153,140,26 hp=3306
living id=6657 type=snickerbladewizard pos=173,15,26 hp=3377
living id=6658 type=firehead pos=83,172,26 hp=2225
living id=6660 type=zombie pos=119,172,26 hp=3033
living id=6661 type=werewolf pos=62,108,26 hp=1827
living id=6662 type=snickerblade pos=179,45,26 hp=2078
living id=6663 type=firehead pos=115,138,26 hp=1758
living id=6665 type=blueslime pos=111,134,26 hp=1861
living id=6666 type=cavetroll pos=49,18,26 hp=3062
living id=6667 type=infectedzombie pos=145,199,26 hp=2856
living id=6668 type=evilturtle pos=21,191,26 hp=2101
living id=6669 type=firehead pos=40,59,26 hp=2055
living id=6671 type=firehead pos=98,75,26 hp=2188
living id=6673 type=infectedzombie pos=130,25,26 hp=2667
living id=6674 type=werewolf pos=72,22,26 hp=1683
living id=6675 type=blueslime pos=55,110,26 hp=2054
living id=6676 type=cavetroll pos=65,132,26 hp=2824
living id=6677 type=evilturtle pos=26,139,26 hp=2387
living id=6678 type=evilturtle pos=120,171,26 hp=2086
living id=6679 type=direwolfalpha pos=144,21,26 hp=1672
living id=6680 type=firehead pos=41,77,26 hp=1972
living id=6682 type=evilturtle pos=119,36,26 hp=2147
living id=6683 type=cavetroll pos=137,197,26 hp=2946
living id=6684 type=snickerblade pos=191,12,26 hp=1785
living id=6685 type=cavetroll pos=103,181,26 hp=2858
living id=6686 type=infectedzombie pos=70,23,26 hp=2578
living id=6687 type=cavetroll pos=121,39,26 hp=3265
living id=6688 type=snickerblade pos=188,81,26 hp=1781
living id=6689 type=cavetroll pos=149,154,26 hp=3231
living id=6690 type=firehead pos=73,80,26 hp=2285
living id=6692 type=blueslime pos=86,129,26 hp=2097
living id=6693 type=zombie pos=107,180,26 hp=3034
living id=6694 type=direwolf pos=126,100,26 hp=1327
living id=6695 type=firehead pos=165,13,26 hp=2251
living id=6697 type=direwolf pos=3,188,26 hp=1509
living id=6698 type=zombie pos=133,123,26 hp=3656
living id=6699 type=firehead pos=191,188,26 hp=2170
living id=6701 type=infectedzombie pos=0,170,26 hp=2628
living id=6702 type=blueslime pos=23,177,26 hp=1636
living id=6703 type=direwolfalpha pos=114,94,26 hp=1396
living id=6704 type=cavetroll pos=145,34,26 hp=2892
living id=6705 type=blueslime pos=173,68,26 hp=2107
living id=6706 type=direwolf pos=98,15,26 hp=1543
living id=6707 type=firehead pos=160,73,26 hp=1750
living id=6709 type=firehead pos=194,188,26 hp=2175
living id=6711 type=evilturtle pos=59,81,26 hp=1971
living id=6712 type=snickerblade pos=80,145,26 hp=1943
living id=6713 type=cavetroll pos=183,187,26 hp=2831
living id=6714 type=snickerbladewizard pos=172,13,26 hp=3319
living id=6715 type=direwolfalpha pos=169,28,26 hp=1422
living id=6716 type=werewolf pos=22,115,26 hp=1391
living id=6717 type=cavetroll pos=175,158,26 hp=3045
living id=6718 type=snickerblade pos=109,103,26 hp=1730
living id=6719 type=cavetroll pos=145,16,26 hp=2792
living id=6720 type=zombie pos=190,148,26 hp=3111
living id=6721 type=infectedzombie pos=102,191,26 hp=2787
living id=6722 type=infectedzombie pos=114,105,26 hp=2496
living id=6723 type=direwolfalpha pos=124,171,26 hp=1364
living id=6724 type=cavetroll pos=86,170,26 hp=3197
living id=6725 type=firehead pos=47,126,26 hp=2198
living id=6727 type=werewolf pos=53,31,26 hp=1443
living id=6728 type=zombie pos=163,73,26 hp=2728
living id=6729 type=zombie pos=144,95,26 hp=3374
living id=6730 type=snickerbladewizard pos=186,185,26 hp=3369
living id=6731 type=zombie pos=22,172,26 hp=3644
living id=6732 type=direwolf pos=171,163,26 hp=1677
living id=6733 type=firehead pos=149,154,26 hp=1957
living id=6735 type=werewolf pos=40,153,26 hp=1815
living id=6736 type=cavetroll pos=134,65,26 hp=3287
living id=6737 type=evilturtle pos=15,171,26 hp=1992
living id=6738 type=blueslime pos=138,76,26 hp=1762
living id=6739 type=snickerbladewizard pos=173,182,26 hp=3392
living id=6740 type=blueslime pos=142,59,26 hp=1894
living id=6741 type=infectedzombie pos=113,142,26 hp=2540
living id=6742 type=firehead pos=64,163,26 hp=2107
living id=6744 type=snickerblade pos=97,194,26 hp=2022
living id=6745 type=direwolfalpha pos=138,177,26 hp=1428
living id=6746 type=infectedzombie pos=113,101,26 hp=2408
living id=6747 type=firehead pos=56,38,26 hp=2159
living id=6749 type=werewolf pos=133,115,26 hp=1438
living id=6750 type=evilturtle pos=49,75,26 hp=2206
living id=6751 type=infectedzombie pos=193,101,26 hp=2838
living id=6752 type=direwolf pos=52,125,26 hp=1669
living id=6753 type=evilturtle pos=50,127,26 hp=2036
living id=6754 type=werewolf pos=20,53,26 hp=1822
living id=6755 type=direwolf pos=20,125,26 hp=1447
living id=6756 type=blueslime pos=51,38,26 hp=1897
living id=6757 type=werewolf pos=16,16,26 hp=1645
living id=6758 type=werewolf pos=19,139,26 hp=1434
living id=6759 type=direwolfalpha pos=134,122,26 hp=1644
living id=6760 type=snickerbladewizard pos=192,109,26 hp=3401
living id=6761 type=blueslime pos=20,127,26 hp=1879
living id=6762 type=cavetroll pos=183,181,26 hp=2716
living id=6763 type=blueslime pos=146,59,26 hp=1754
living id=6764 type=blueslime pos=174,14,26 hp=1789
living id=6765 type=firehead pos=109,163,26 hp=2072
living id=6767 type=direwolfalpha pos=0,84,26 hp=1321
living id=6768 type=direwolfalpha pos=20,140,26 hp=1297
living id=6769 type=werewolf pos=190,118,26 hp=1373
living id=6770 type=zombie pos=7,157,26 hp=3610
living id=6771 type=direwolfalpha pos=119,7,26 hp=1602
living id=6772 type=werewolf pos=41,114,26 hp=1780
living id=6773 type=direwolf pos=9,138,26 hp=1516
living id=6774 type=snickerblade pos=15,84,26 hp=1700
living id=6775 type=snickerblade pos=58,133,26 hp=1766
living id=6776 type=werewolf pos=90,146,26 hp=1771
living id=6777 type=direwolf pos=185,105,26 hp=1519
living id=6778 type=direwolfalpha pos=155,131,26 hp=1620
living id=6779 type=direwolf pos=99,193,26 hp=1365
living id=6780 type=direwolf pos=183,80,26 hp=1658
living id=6781 type=zombie pos=59,53,26 hp=3020
living id=6782 type=evilturtle pos=98,50,26 hp=2452
living id=6783 type=blueslime pos=168,88,26 hp=1886
living id=6784 type=snickerblade pos=133,126,26 hp=1751
living id=6785 type=evilturtle pos=41,164,26 hp=2412
living id=6786 type=evilturtle pos=188,83,26 hp=2038
living id=6787 type=firehead pos=136,118,26 hp=2282
living id=6789 type=blueslime pos=6,179,26 hp=2089
living id=6790 type=infectedzombie pos=141,167,26 hp=2227
living id=6791 type=direwolf pos=86,124,26 hp=1654
living id=6792 type=snickerbladewizard pos=103,90,26 hp=3373
living id=6793 type=zombie pos=104,121,26 hp=2486
living id=6794 type=werewolf pos=74,41,26 hp=1531
living id=6795 type=blueslime pos=74,162,26 hp=1986
living id=6796 type=firehead pos=32,158,26 hp=2281
living id=6798 type=zombie pos=146,170,26 hp=2938
living id=6799 type=firehead pos=151,69,26 hp=1864
living id=6801 type=evilturtle pos=166,120,26 hp=2056
living id=6802 type=werewolf pos=52,156,26 hp=1759
living id=6803 type=werewolf pos=115,65,26 hp=1515
living id=6804 type=evilturtle pos=128,174,26 hp=2155
living id=6805 type=snickerblade pos=172,29,26 hp=1618
living id=6806 type=firehead pos=84,125,26 hp=2016
living id=6808 type=cavetroll pos=165,123,26 hp=2799
living id=6809 type=firehead pos=169,8,26 hp=1782
living id=6811 type=blueslime pos=22,121,26 hp=1939
living id=6812 type=snickerblade pos=158,123,26 hp=2095
living id=6813 type=infectedzombie pos=152,65,26 hp=2522
living id=6814 type=cavetroll pos=10,129,26 hp=2880
living id=6815 type=werewolf pos=168,127,26 hp=1330
living id=6816 type=infectedzombie pos=84,145,26 hp=2473
living id=6817 type=direwolfalpha pos=108,144,26 hp=1466
living id=6818 type=blueslime pos=106,10,26 hp=2041
living id=6819 type=direwolf pos=118,176,26 hp=1626
living id=6820 type=firehead pos=165,46,26 hp=1726
living id=6822 type=cavetroll pos=168,42,26 hp=2754
living id=6823 type=zombie pos=47,141,26 hp=3362
living id=6824 type=cavetroll pos=108,108,26 hp=3154
living id=6825 type=snickerblade pos=169,42,26 hp=1794
living id=6826 type=firehead pos=76,85,26 hp=1926
living id=6828 type=direwolf pos=21,81,26 hp=1379
living id=6829 type=werewolf pos=8,195,26 hp=1327
living id=6830 type=firehead pos=50,142,26 hp=2149
living id=6832 type=direwolfalpha pos=146,174,26 hp=1311
living id=6833 type=snickerblade pos=168,111,26 hp=1772
living id=6834 type=infectedzombie pos=53,126,26 hp=2518
living id=6835 type=direwolfalpha pos=138,166,26 hp=1428
living id=6836 type=blueslime pos=47,94,26 hp=2116
living id=6837 type=firehead pos=130,55,26 hp=2032
living id=6839 type=blueslime pos=187,108,26 hp=1686
living id=6840 type=snickerbladewizard pos=60,127,26 hp=3274
living id=6841 type=firehead pos=170,32,26 hp=1853
living id=6843 type=cavetroll pos=192,146,26 hp=2795
living id=6844 type=firehead pos=167,161,26 hp=1805
living id=6846 type=infectedzombie pos=56,131,26 hp=2433
living id=6847 type=snickerbladewizard pos=132,123,26 hp=3366
living id=6848 type=cavetroll pos=167,120,26 hp=2826
living id=6849 type=direwolf pos=19,176,26 hp=1487
living id=6850 type=firehead pos=22,104,26 hp=2028
living id=6852 type=evilturtle pos=42,143,26 hp=2174
living id=6853 type=snickerblade pos=39,58,26 hp=1965
living id=6854 type=cavetroll pos=52,35,26 hp=2956
living id=6855 type=evilturtle pos=143,167,26 hp=2013
living id=6856 type=direwolf pos=23,119,26 hp=1430
living id=6857 type=infectedzombie pos=112,143,26 hp=2220
living id=6858 type=zombie pos=145,102,26 hp=3346
living id=6859 type=direwolf pos=33,160,26 hp=1324
living id=6860 type=snickerblade pos=144,173,26 hp=1648
living id=6861 type=snickerbladewizard pos=81,191,26 hp=3319
living id=6862 type=direwolfalpha pos=168,121,26 hp=1609
living id=6863 type=zombie pos=95,98,26 hp=2818
living id=6864 type=snickerblade pos=183,180,26 hp=1798
living id=6865 type=snickerblade pos=157,30,26 hp=1767
living id=6866 type=cavetroll pos=103,111,26 hp=2881
living id=6867 type=evilturtle pos=94,77,26 hp=2025
living id=6868 type=infectedzombie pos=104,181,26 hp=2320
living id=6869 type=infectedzombie pos=146,155,26 hp=2613
living id=6870 type=blueslime pos=120,172,26 hp=1650
living id=6871 type=werewolf pos=157,30,26 hp=1773
living id=6872 type=blueslime pos=50,57,26 hp=1985
living id=6873 type=blueslime pos=63,127,26 hp=1772
living id=6874 type=zombie pos=102,194,26 hp=3414
living id=6875 type=direwolfalpha pos=176,33,26 hp=1521
living id=6876 type=snickerbladewizard pos=188,108,26 hp=3364
living id=6877 type=werewolf pos=160,177,26 hp=1717
living id=6878 type=snickerbladewizard pos=93,7,26 hp=3275
living id=6879 type=infectedzombie pos=167,112,26 hp=2181
living id=6880 type=zombie pos=141,133,26 hp=3653
living id=6881 type=zombie pos=87,166,26 hp=3511
living id=6882 type=snickerbladewizard pos=154,166,26 hp=3376
living id=6883 type=firehead pos=8,161,26 hp=1711
living id=6885 type=evilturtle pos=88,187,26 hp=2421
living id=6886 type=cavetroll pos=173,66,26 hp=2767
living id=6887 type=infectedzombie pos=143,99,26 hp=2640
living id=6888 type=firehead pos=152,119,26 hp=2265
living id=6890 type=direwolfalpha pos=11,173,26 hp=1607
living id=6891 type=blueslime pos=22,85,26 hp=1680
living id=6892 type=werewolf pos=190,148,26 hp=1566
living id=6893 type=snickerblade pos=143,102,26 hp=1618
living id=6894 type=blueslime pos=57,76,26 hp=2028
living id=6895 type=blueslime pos=20,29,26 hp=2009
living id=6896 type=firehead pos=18,196,26 hp=1816
living id=6898 type=werewolf pos=38,47,26 hp=1475
living id=6899 type=direwolf pos=146,41,26 hp=1371
living id=6900 type=werewolf pos=158,121,26 hp=1379
living id=6901 type=direwolf pos=90,125,26 hp=1529
living id=6902 type=snickerblade pos=3,160,26 hp=1939
living id=6903 type=evilturtle pos=112,119,26 hp=2476
living id=6904 type=cavetroll pos=28,139,26 hp=3176
living id=6905 type=snickerblade pos=99,181,26 hp=1891
living id=6906 type=zombie pos=129,153,26 hp=3466
living id=6907 type=snickerbladewizard pos=137,199,26 hp=3366
living id=6908 type=direwolf pos=87,128,26 hp=1492
living id=6909 type=snickerbladewizard pos=60,164,26 hp=3367
living id=6910 type=infectedzombie pos=125,16,26 hp=2914
living id=6911 type=direwolf pos=41,76,26 hp=1585
living id=6912 type=infectedzombie pos=62,75,26 hp=2929
living id=6913 type=snickerblade pos=18,111,26 hp=1987
living id=6914 type=snickerblade pos=177,16,26 hp=1651
living id=6915 type=zombie pos=80,146,26 hp=3240
living id=6916 type=direwolfalpha pos=72,87,26 hp=1573
living id=6917 type=direwolfalpha pos=63,49,26 hp=1458
living id=6918 type=blueslime pos=50,151,26 hp=1652
living id=6919 type=snickerbladewizard pos=80,158,26 hp=3359
living id=6920 type=direwolf pos=11,100,26 hp=1413
living id=6921 type=direwolf pos=163,126,26 hp=1364
living id=6922 type=snickerblade pos=100,124,26 hp=1963
living id=6923 type=cavetroll pos=154,66,26 hp=3139
living id=6924 type=infectedzombie pos=48,78,26 hp=2672
living id=6925 type=snickerbladewizard pos=59,58,26 hp=3376
living id=6926 type=direwolfalpha pos=42,136,26 hp=1402
living id=6927 type=infectedzombie pos=51,38,26 hp=2689
living id=6928 type=snickerbladewizard pos=160,91,26 hp=3392
living id=6929 type=firehead pos=34,192,26 hp=2001
living id=6931 type=direwolfalpha pos=184,77,26 hp=1452
living id=6932 type=direwolf pos=61,76,26 hp=1630
living id=6933 type=snickerbladewizard pos=127,37,26 hp=3286
living id=6934 type=snickerbladewizard pos=101,40,26 hp=3345
living id=6935 type=snickerbladewizard pos=144,112,26 hp=3321
living id=6936 type=zombie pos=61,168,26 hp=2883
living id=6937 type=zombie pos=128,37,26 hp=3013
living id=6938 type=werewolf pos=120,6,26 hp=1423
living id=6939 type=snickerbladewizard pos=144,175,26 hp=3349
living id=6940 type=firehead pos=133,75,26 hp=1815
living id=6942 type=direwolfalpha pos=175,191,26 hp=1301
living id=6943 type=evilturtle pos=151,30,26 hp=1830
living id=6944 type=infectedzombie pos=166,13,26 hp=2790
living id=6945 type=direwolfalpha pos=21,52,26 hp=1459
living id=6946 type=direwolf pos=120,6,26 hp=1407
living id=6947 type=snickerbladewizard pos=106,194,26 hp=3345
living id=6948 type=snickerblade pos=107,181,26 hp=1835
living id=6949 type=direwolfalpha pos=99,171,26 hp=1480
living id=6950 type=zombie pos=188,41,26 hp=3030
living id=6951 type=werewolf pos=114,64,26 hp=1468
living id=6952 type=firehead pos=100,141,26 hp=2059
living id=6954 type=infectedzombie pos=60,55,26 hp=2319
living id=6955 type=snickerbladewizard pos=44,182,26 hp=3335
living id=6956 type=cavetroll pos=106,126,26 hp=2701
living id=6957 type=infectedzombie pos=139,156,26 hp=2770
living id=6958 type=cavetroll pos=169,106,26 hp=2812
living id=6959 type=evilturtle pos=66,77,26 hp=2455
living id=6960 type=zombie pos=143,60,26 hp=2901
living id=6961 type=direwolf pos=44,179,26 hp=1426
living id=6962 type=zombie pos=167,177,26 hp=3387
living id=6963 type=werewolf pos=175,18,26 hp=1595
living id=6964 type=blueslime pos=168,70,26 hp=1837
living id=6965 type=blueslime pos=125,100,26 hp=1894
living id=6966 type=direwolf pos=74,50,26 hp=1420
living id=6967 type=direwolf pos=125,178,26 hp=1508
living id=6968 type=direwolf pos=54,30,26 hp=1356
living id=6969 type=snickerbladewizard pos=13,154,26 hp=3353
living id=6970 type=evilturtle pos=39,106,26 hp=1814
living id=6971 type=infectedzombie pos=132,118,26 hp=2307
living id=6972 type=evilturtle pos=109,137,26 hp=1748
living id=6973 type=firehead pos=146,111,26 hp=2047
living id=6975 type=firehead pos=146,168,26 hp=1882
living id=6977 type=infectedzombie pos=62,131,26 hp=2265
living id=6978 type=direwolf pos=122,40,26 hp=1557
living id=6979 type=werewolf pos=188,42,26 hp=1548
living id=6980 type=blueslime pos=108,170,26 hp=1982
living id=6981 type=snickerblade pos=138,151,26 hp=1780
living id=6982 type=snickerbladewizard pos=185,74,26 hp=3261
living id=6983 type=direwolfalpha pos=109,158,26 hp=1701
living id=6984 type=snickerbladewizard pos=78,164,26 hp=3348
living id=6985 type=werewolf pos=170,106,26 hp=1732
living id=6986 type=infectedzombie pos=5,177,26 hp=2831
living id=6987 type=snickerblade pos=159,127,26 hp=1725
living id=6988 type=werewolf pos=4,157,26 hp=1520
living id=6989 type=blueslime pos=190,119,26 hp=1778
living id=6990 type=firehead pos=59,127,26 hp=1715
living id=6992 type=firehead pos=118,108,26 hp=2066
living id=6994 type=direwolfalpha pos=188,39,26 hp=1688
living id=6995 type=zombie pos=132,125,26 hp=2737
living id=6996 type=direwolfalpha pos=32,149,26 hp=1693
living id=6997 type=blueslime pos=98,63,26 hp=2157
living id=6998 type=snickerblade pos=38,36,26 hp=1917
living id=6999 type=cavetroll pos=101,184,26 hp=2732
living id=7000 type=direwolfalpha pos=68,54,26 hp=1377
living id=7001 type=zombie pos=74,46,26 hp=3418
living id=7002 type=firehead pos=20,189,26 hp=1818
living id=7004 type=snickerbladewizard pos=160,91,26 hp=3366
living id=7005 type=evilturtle pos=115,100,26 hp=2438
living id=7006 type=snickerblade pos=187,136,26 hp=2111
living id=7007 type=evilturtle pos=44,169,26 hp=1919
living id=7008 type=evilturtle pos=166,175,26 hp=2122
living id=7009 type=evilturtle pos=193,110,26 hp=2055
living id=7010 type=zombie pos=146,63,26 hp=2675
living id=7011 type=infectedzombie pos=170,112,26 hp=2175
living id=7012 type=snickerblade pos=158,15,26 hp=1863
living id=7013 type=blueslime pos=191,188,26 hp=2116
living id=7014 type=direwolf pos=188,110,26 hp=1457
living id=7015 type=cavetroll pos=72,56,26 hp=2899
living id=7016 type=blueslime pos=89,174,26 hp=2166
living id=7017 type=direwolf pos=55,134,26 hp=1405
living id=7018 type=blueslime pos=122,167,26 hp=1908
living id=7019 type=direwolf pos=157,65,26 hp=1322
living id=7020 type=evilturtle pos=34,25,26 hp=1875
living id=7021 type=werewolf pos=136,174,26 hp=1660
living id=7022 type=direwolf pos=166,65,26 hp=1335
living id=7023 type=snickerbladewizard pos=53,157,26 hp=3324
living id=7024 type=zombie pos=5,194,26 hp=3579
living id=7025 type=snickerblade pos=32,148,26 hp=1966
living id=7026 type=snickerblade pos=191,181,26 hp=2113
living id=7027 type=snickerbladewizard pos=3,98,26 hp=3349
living id=7028 type=blueslime pos=40,162,26 hp=1734
living id=7029 type=evilturtle pos=93,16,26 hp=2175
living id=7030 type=firehead pos=14,49,26 hp=2117
living id=7032 type=direwolfalpha pos=58,55,26 hp=1696
living id=7033 type=infectedzombie pos=59,104,26 hp=2301
living id=7034 type=direwolf pos=135,123,26 hp=1490
living id=7035 type=direwolf pos=40,58,26 hp=1480
living id=7036 type=snickerbladewizard pos=78,164,26 hp=3289
living id=7037 type=snickerblade pos=170,16,26 hp=1826
living id=7038 type=direwolfalpha pos=193,40,26 hp=1508
living id=7039 type=infectedzombie pos=161,92,26 hp=2910
living id=7040 type=werewolf pos=157,197,26 hp=1533
living id=7041 type=firehead pos=183,74,26 hp=1842
living id=7043 type=firehead pos=79,187,26 hp=2077
living id=7045 type=cavetroll pos=113,66,26 hp=2822
living id=7046 type=evilturtle pos=23,168,26 hp=2173
living id=7047 type=snickerblade pos=69,14,26 hp=1843
living id=7048 type=blueslime pos=100,94,26 hp=2160
living id=7049 type=cavetroll pos=61,147,26 hp=3062
living id=7050 type=infectedzombie pos=159,91,26 hp=2725
living id=7051 type=zombie pos=100,36,26 hp=3010
living id=7052 type=blueslime pos=191,136,26 hp=1681
living id=7053 type=infectedzombie pos=146,34,26 hp=2475
living id=7054 type=werewolf pos=78,182,26 hp=1841
living id=7055 type=snickerblade pos=95,92,26 hp=1695
living id=7056 type=infectedzombie pos=4,199,26 hp=2767
living id=7057 type=infectedzombie pos=20,174,26 hp=2846
living id=7058 type=infectedzombie pos=123,188,26 hp=2415
living id=7059 type=werewolf pos=100,43,26 hp=1509
living id=7060 type=snickerblade pos=73,84,26 hp=1812
living id=7061 type=direwolfalpha pos=164,105,26 hp=1658
living id=7062 type=direwolf pos=80,88,26 hp=1408
living id=7063 type=direwolf pos=151,160,26 hp=1391
living id=7064 type=cavetroll pos=46,135,26 hp=2898
living id=7065 type=firehead pos=32,151,26 hp=1877
living id=7067 type=snickerbladewizard pos=151,166,26 hp=3351
living id=7068 type=blueslime pos=195,174,26 hp=1722
living id=7069 type=direwolf pos=131,114,26 hp=1602
living id=7070 type=cavetroll pos=80,191,26 hp=2945
living id=7071 type=direwolfalpha pos=15,106,26 hp=1559
living id=7072 type=direwolfalpha pos=53,15,26 hp=1623
living id=7073 type=blueslime pos=125,16,26 hp=1804
living id=7074 type=evilturtle pos=167,66,26 hp=2152
living id=7075 type=blueslime pos=57,51,26 hp=1883
living id=7076 type=evilturtle pos=45,135,26 hp=2032
living id=7077 type=blueslime pos=151,61,26 hp=2093
living id=7078 type=snickerbladewizard pos=135,74,26 hp=3276
living id=7079 type=infectedzombie pos=106,17,26 hp=2867
living id=7080 type=werewolf pos=145,59,26 hp=1708
living id=7081 type=infectedzombie pos=16,85,26 hp=2470
living id=7082 type=werewolf pos=112,127,26 hp=1486
living id=7083 type=evilturtle pos=146,174,26 hp=2073
living id=7084 type=direwolfalpha pos=149,13,26 hp=1513
living id=7085 type=toponovichthezombie pos=168,158,26 hp=5224
living id=7086 type=spiderqueen pos=189,134,28 hp=1563
living id=7087 type=draukthehobgoblinking pos=142,132,28 hp=4065
living id=7088 type=gaskonetheghoul pos=111,21,28 hp=2180
living id=7089 type=sikuthewolf pos=46,95,28 hp=3207
living id=7090 type=vampire pos=7,132,28 hp=1294
living id=7091 type=infectedzombie pos=44,65,28 hp=2753
living id=7092 type=nexythesnickeredge pos=181,61,28 hp=2918
living id=7093 type=snickerblade pos=52,58,28 hp=1969
living id=7094 type=sikuthewolf pos=69,99,28 hp=2852
living id=7095 type=sikuthewolf pos=72,133,28 hp=2834
living id=7096 type=direwolfalpha pos=109,144,28 hp=1371
living id=7097 type=zombie pos=159,178,28 hp=3373
living id=7098 type=direwolf pos=106,17,28 hp=1441
living id=7099 type=humethealmightyogre pos=19,13,28 hp=5448
living id=7100 type=direwolf pos=44,61,28 hp=1544
living id=7101 type=snickerblade pos=11,27,28 hp=2100
living id=7102 type=wolfy pos=122,14,28 hp=1856
living id=7103 type=firehead pos=71,26,28 hp=1726
living id=7105 type=sneakyghoul pos=76,105,28 hp=4434
living id=7106 type=sneakyghoul pos=99,96,28 hp=4500
living id=7107 type=infectedzombie pos=92,122,28 hp=2881
living id=7108 type=sneakyghoul pos=176,123,28 hp=4261
living id=7109 type=snickerblade pos=17,173,28 hp=2024
living id=7110 type=draukthehobgoblinking pos=159,176,28 hp=3399
living id=7111 type=humethealmightyogre pos=46,121,28 hp=6271
living id=7112 type=cavetroll pos=19,18,28 hp=2931
living id=7113 type=infectedzombie pos=100,133,28 hp=2580
living id=7114 type=gaskonetheghoul pos=179,158,28 hp=1793
living id=7115 type=nusepthegoblinking pos=101,121,28 hp=1787
living id=7116 type=berserkertroll pos=16,177,28 hp=4940
living id=7117 type=ghoul pos=91,70,28 hp=768
living id=7118 type=snickerblade pos=159,107,28 hp=1972
living id=7119 type=sikuthewolf pos=58,179,28 hp=2781
living id=7120 type=nusepthegoblinking pos=44,28,28 hp=2335
living id=7121 type=cavetroll pos=26,109,28 hp=3095
living id=7122 type=nusepthegoblinking pos=159,139,28 hp=2306
living id=7123 type=infectedzombie pos=110,45,28 hp=2567
living id=7124 type=gaskonetheghoul pos=195,60,28 hp=2294
living id=7125 type=snickerblade pos=47,25,28 hp=2029
living id=7126 type=sikuthewolf pos=10,24,28 hp=2957
living id=7127 type=draukthehobgoblinking pos=138,52,28 hp=2868
living id=7128 type=infectedzombie pos=141,178,28 hp=2770
living id=7129 type=direwolfalpha pos=23,116,28 hp=1372
living id=7130 type=snickerbladewizard pos=109,76,28 hp=3310
living id=7131 type=sneakyghoul pos=66,28,28 hp=4400
living id=7132 type=snickerblade pos=31,142,28 hp=1812
living id=7133 type=sikuthewolf pos=184,171,28 hp=2939
living id=7134 type=infectedzombie pos=47,68,28 hp=2823
living id=7135 type=cavetroll pos=88,137,28 hp=2825
living id=7136 type=direwolf pos=142,15,28 hp=1671
living id=7137 type=toponovichthezombie pos=132,57,28 hp=5006
living id=7138 type=spiderqueen pos=158,134,28 hp=1410
living id=7139 type=sikuthewolf pos=110,4,28 hp=3012
living id=7140 type=spiderqueen pos=68,59,28 hp=1533
living id=7141 type=infectedzombie pos=74,81,28 hp=2671
living id=7142 type=zombie pos=49,28,28 hp=2778
living id=7143 type=snickerblade pos=195,160,28 hp=2152
living id=7144 type=gaskonetheghoul pos=4,110,28 hp=1787
living id=7145 type=snickerblade pos=106,52,28 hp=1814
living id=7146 type=cavetroll pos=13,15,28 hp=2925
living id=7147 type=draukthehobgoblinking pos=193,18,28 hp=3593
living id=7148 type=berserkertroll pos=152,71,28 hp=4138
living id=7149 type=toponovichthezombie pos=40,142,28 hp=3800
living id=7150 type=sneakyghoul pos=155,183,28 hp=4483
living id=7151 type=direwolf pos=97,138,28 hp=1584
living id=7152 type=cavetroll pos=146,23,28 hp=3036
living id=7153 type=draukthehobgoblinking pos=2,105,28 hp=3906
living id=7154 type=firehead pos=68,31,28 hp=2029
living id=7156 type=spiderqueen pos=66,27,28 hp=1380
living id=7157 type=firehead pos=14,87,28 hp=1766
living id=7159 type=zombie pos=91,165,28 hp=3367
living id=7160 type=infectedzombie pos=139,40,28 hp=2246
living id=7161 type=firehead pos=91,68,28 hp=1873
living id=7163 type=wolfy pos=135,24,28 hp=1554
living id=7164 type=ghoul pos=98,72,28 hp=1058
living id=7165 type=gaskonetheghoul pos=133,69,28 hp=1874
living id=7166 type=firehead pos=175,123,28 hp=2019
living id=7168 type=evilturtle pos=162,190,28 hp=2139
living id=7169 type=spiderqueen pos=152,70,28 hp=1615
living id=7170 type=spiderqueen pos=27,89,28 hp=1688
living id=7171 type=wolfy pos=177,77,28 hp=1656
living id=7172 type=direwolfalpha pos=137,91,28 hp=1588
living id=7173 type=infectedzombie pos=39,130,28 hp=2313
living id=7174 type=direwolfalpha pos=46,164,28 hp=1500
living id=7175 type=wolfy pos=116,167,28 hp=1831
living id=7176 type=ghoul pos=106,53,28 hp=1189
living id=7177 type=nusepthegoblinking pos=120,18,28 hp=2157
living id=7178 type=stonegolem pos=98,158,28 hp=7161
living id=7179 type=spiderqueen pos=135,27,28 hp=1425
living id=7180 type=berserkertroll pos=184,93,28 hp=4419
living id=7181 type=toponovichthezombie pos=71,23,28 hp=4587
living id=7182 type=evilturtle pos=71,20,28 hp=1922
living id=7183 type=toponovichthezombie pos=97,126,28 hp=4202
living id=7184 type=werewolf pos=135,178,28 hp=1569
living id=7185 type=spiderqueen pos=195,92,28 hp=1782
living id=7186 type=direwolfalpha pos=174,117,28 hp=1652
living id=7187 type=nusepthegoblinking pos=149,70,28 hp=2409
living id=7188 type=toponovichthezombie pos=137,31,28 hp=5316
living id=7189 type=direwolf pos=151,42,28 hp=1662
living id=7190 type=direwolfalpha pos=8,120,28 hp=1682
living id=7191 type=nexythesnickeredge pos=157,55,28 hp=3083
living id=7192 type=sikuthewolf pos=97,134,28 hp=3449
living id=7193 type=nexythesnickeredge pos=6,91,28 hp=2461
living id=7194 type=firehead pos=91,158,28 hp=1756
living id=7196 type=humethealmightyogre pos=68,118,28 hp=6135
living id=7197 type=firehead pos=154,183,28 hp=1844
living id=7199 type=direwolfalpha pos=44,117,28 hp=1306
living id=7200 type=direwolf pos=82,63,28 hp=1532
living id=7201 type=wolfy pos=18,89,28 hp=1729
living id=7202 type=direwolf pos=118,161,28 hp=1438
living id=7203 type=direwolf pos=23,116,28 hp=1370
living id=7204 type=vampire pos=164,180,28 hp=1276
living id=7205 type=toponovichthezombie pos=163,159,28 hp=5084
living id=7206 type=direwolf pos=181,78,28 hp=1380
living id=7207 type=snickerblade pos=166,73,28 hp=1935
living id=7208 type=stonegolem pos=165,121,28 hp=7619
living id=7209 type=wolfy pos=82,33,28 hp=1864
living id=7210 type=ghoul pos=137,178,28 hp=1429
living id=7211 type=stonegolem pos=143,24,28 hp=6988
living id=7212 type=direwolfalpha pos=75,154,28 hp=1473
living id=7213 type=snickerblade pos=50,30,28 hp=1857
living id=7214 type=werewolf pos=156,75,28 hp=1769
living id=7215 type=snickerbladewizard pos=75,133,28 hp=3375
living id=7216 type=nexythesnickeredge pos=58,175,28 hp=2613
living id=7217 type=direwolf pos=186,136,28 hp=1401
living id=7218 type=nexythesnickeredge pos=47,163,28 hp=3089
living id=7219 type=blueslime pos=82,55,28 hp=1970
living id=7220 type=humethealmightyogre pos=96,122,28 hp=6078
living id=7221 type=humethealmightyogre pos=65,31,28 hp=5436
living id=7222 type=zombie pos=75,79,28 hp=3070
living id=7223 type=stonegolem pos=162,39,28 hp=6034
living id=7224 type=ghoul pos=46,117,28 hp=1341
living id=7225 type=sikuthewolf pos=162,22,28 hp=3172
living id=7226 type=stonegolem pos=114,172,28 hp=5802
living id=7227 type=snickerbladewizard pos=160,44,28 hp=3353
living id=7228 type=evilturtle pos=14,46,28 hp=2089
living id=7229 type=werewolf pos=184,39,28 hp=1348
living id=7230 type=spiderqueen pos=86,32,28 hp=1366
living id=7231 type=toponovichthezombie pos=166,125,28 hp=4678
living id=7232 type=sneakyghoul pos=149,162,28 hp=4357
living id=7233 type=gaskonetheghoul pos=176,118,28 hp=1736
living id=7234 type=zombie pos=44,165,28 hp=3103
living id=7235 type=werewolf pos=69,81,28 hp=1698
living id=7236 type=nusepthegoblinking pos=131,27,28 hp=2168
living id=7237 type=snickerbladewizard pos=112,13,28 hp=3319
living id=7238 type=sikuthewolf pos=178,67,28 hp=3253
living id=7239 type=sikuthewolf pos=148,104,28 hp=3301
living id=7240 type=nusepthegoblinking pos=88,35,28 hp=2466
living id=7241 type=werewolf pos=19,20,28 hp=1643
living id=7242 type=humethealmightyogre pos=160,181,28 hp=6822
living id=7243 type=gaskonetheghoul pos=133,174,28 hp=2204
living id=7244 type=ghoul pos=117,173,28 hp=784
living id=7245 type=ghoul pos=156,76,28 hp=774
living id=7246 type=direwolfalpha pos=94,122,28 hp=1557
living id=7247 type=infectedzombie pos=189,155,28 hp=2584
living id=7248 type=snickerblade pos=70,134,28 hp=1716
living id=7249 type=firehead pos=14,36,28 hp=2023
living id=7251 type=nusepthegoblinking pos=43,96,28 hp=2564
living id=7252 type=nusepthegoblinking pos=165,195,28 hp=1976
living id=7253 type=firehead pos=134,52,28 hp=2271
living id=7255 type=zombie pos=63,104,28 hp=3252
living id=7256 type=spiderqueen pos=16,17,28 hp=1750
living id=7257 type=humethealmightyogre pos=106,16,28 hp=5135
living id=7258 type=nusepthegoblinking pos=184,73,28 hp=1903
living id=7259 type=spiderqueen pos=34,178,28 hp=1537
living id=7260 type=nusepthegoblinking pos=49,98,28 hp=2434
living id=7261 type=wolfy pos=172,101,28 hp=1695
living id=7262 type=nexythesnickeredge pos=97,98,28 hp=2661
living id=7263 type=berserkertroll pos=159,174,28 hp=4278
living id=7264 type=wolfy pos=64,4,28 hp=1909
living id=7265 type=werewolf pos=138,0,28 hp=1742
living id=7266 type=cavetroll pos=163,106,28 hp=2991
living id=7267 type=werewolf pos=87,129,28 hp=1469
living id=7268 type=blueslime pos=7,137,28 hp=2182
living id=7269 type=snickerbladewizard pos=9,28,28 hp=3278
living id=7270 type=sikuthewolf pos=194,62,28 hp=2603
living id=7271 type=ghoul pos=110,54,28 hp=1023
living id=7272 type=humethealmightyogre pos=156,134,28 hp=5653
living id=7273 type=nexythesnickeredge pos=52,67,28 hp=2076
living id=7274 type=nexythesnickeredge pos=65,22,28 hp=3068
living id=7275 type=nusepthegoblinking pos=123,179,28 hp=2166
living id=7276 type=snickerblade pos=53,136,28 hp=2126
living id=7277 type=nexythesnickeredge pos=74,119,28 hp=2254
living id=7278 type=nusepthegoblinking pos=140,43,28 hp=2578
living id=7279 type=blueslime pos=134,69,28 hp=1742
living id=7280 type=humethealmightyogre pos=137,56,28 hp=5919
living id=7281 type=firehead pos=124,21,28 hp=2024
living id=7283 type=blueslime pos=192,93,28 hp=1711
living id=7284 type=snickerbladewizard pos=132,175,28 hp=3302
living id=7285 type=stonegolem pos=19,15,28 hp=6731
living id=7286 type=infectedzombie pos=73,163,28 hp=2758
living id=7287 type=humethealmightyogre pos=139,44,28 hp=4931
living id=7288 type=draukthehobgoblinking pos=168,102,28 hp=4252
living id=7289 type=cavetroll pos=115,101,28 hp=2926
living id=7290 type=evilturtle pos=161,182,28 hp=1886
living id=7291 type=toponovichthezombie pos=136,161,28 hp=4188
living id=7292 type=sikuthewolf pos=136,95,28 hp=3320
living id=7293 type=humethealmightyogre pos=155,182,28 hp=5332
living id=7294 type=nusepthegoblinking pos=51,61,28 hp=2313
living id=7295 type=humethealmightyogre pos=10,106,28 hp=5344
living id=7296 type=berserkertroll pos=4,85,28 hp=4787
living id=7297 type=wolfy pos=28,89,28 hp=1925
living id=7298 type=snickerblade pos=184,42,28 hp=1718
living id=7299 type=sikuthewolf pos=86,129,28 hp=3380
living id=7300 type=snickerblade pos=179,172,28 hp=2099
living id=7301 type=wolfy pos=9,111,28 hp=1891
living id=7302 type=werewolf pos=146,168,28 hp=1844
living id=7303 type=wolfy pos=61,160,28 hp=1879
living id=7304 type=nusepthegoblinking pos=158,45,28 hp=1801
living id=7305 type=zombie pos=33,187,28 hp=3492
living id=7306 type=wolfy pos=11,30,28 hp=1969
living id=7307 type=direwolfalpha pos=76,102,28 hp=1580
living id=7308 type=evilturtle pos=72,160,28 hp=2099
living id=7309 type=sneakyghoul pos=186,73,28 hp=4521
living id=7310 type=evilturtle pos=152,178,28 hp=1872
living id=7311 type=snickerblade pos=20,155,28 hp=2115
living id=7312 type=vampire pos=74,79,28 hp=1135
living id=7313 type=humethealmightyogre pos=28,118,28 hp=5136
living id=7314 type=toponovichthezombie pos=4,163,28 hp=5039
living id=7315 type=wolfy pos=20,69,28 hp=2032
living id=7316 type=toponovichthezombie pos=22,69,28 hp=4428
living id=7317 type=nusepthegoblinking pos=48,32,28 hp=2595
living id=7318 type=vampire pos=110,38,28 hp=1313
living id=7319 type=ghoul pos=25,69,28 hp=838
living id=7320 type=berserkertroll pos=46,124,28 hp=4797
living id=7321 type=blueslime pos=30,88,28 hp=1933
living id=7322 type=werewolf pos=74,117,28 hp=1508
living id=7323 type=werewolf pos=7,180,28 hp=1362
living id=7324 type=draukthehobgoblinking pos=97,173,28 hp=4088
living id=7325 type=nusepthegoblinking pos=63,115,28 hp=1915
living id=7326 type=berserkertroll pos=110,174,28 hp=4268
living id=7327 type=direwolfalpha pos=134,35,28 hp=1434
living id=7328 type=humethealmightyogre pos=170,126,28 hp=5668
living id=7329 type=toponovichthezombie pos=109,99,28 hp=4619
living id=7330 type=berserkertroll pos=158,40,28 hp=4672
living id=7331 type=ghoul pos=13,87,28 hp=1178
living id=7332 type=sikuthewolf pos=124,18,28 hp=2565
living id=7333 type=vampire pos=35,122,28 hp=1344
living id=7334 type=werewolf pos=97,119,28 hp=1601
living id=7335 type=cavetroll pos=106,77,28 hp=3001
living id=7336 type=cavetroll pos=124,177,28 hp=3288
living id=7337 type=nexythesnickeredge pos=99,185,28 hp=2778
living id=7338 type=infectedzombie pos=29,116,28 hp=2646
living id=7339 type=ghoul pos=111,101,28 hp=859
living id=7340 type=snickerblade pos=174,41,28 hp=1724
living id=7341 type=stonegolem pos=176,119,28 hp=5914
living id=7342 type=nusepthegoblinking pos=113,160,28 hp=2220
living id=7343 type=cavetroll pos=113,27,28 hp=3015
living id=7344 type=toponovichthezombie pos=49,62,28 hp=4343
living id=7345 type=gaskonetheghoul pos=184,43,28 hp=2213
living id=7346 type=sikuthewolf pos=121,187,28 hp=3602
living id=7347 type=werewolf pos=118,27,28 hp=1775
living id=7348 type=nusepthegoblinking pos=26,187,28 hp=2412
living id=7349 type=stonegolem pos=142,161,28 hp=7090
living id=7350 type=sikuthewolf pos=155,102,28 hp=2511
living id=7351 type=toponovichthezombie pos=75,145,28 hp=4221
living id=7352 type=humethealmightyogre pos=47,28,28 hp=5562
living id=7353 type=firehead pos=162,92,28 hp=1785
living id=7355 type=gaskonetheghoul pos=181,52,28 hp=2223
living id=7356 type=humethealmightyogre pos=111,72,28 hp=5016
living id=7357 type=infectedzombie pos=43,96,28 hp=2499
living id=7358 type=firehead pos=110,79,28 hp=1734
living id=7360 type=evilturtle pos=174,107,28 hp=2434
living id=7361 type=blueslime pos=73,97,28 hp=1738
living id=7362 type=spiderqueen pos=39,153,28 hp=1781
living id=7363 type=evilturtle pos=136,156,28 hp=2006
living id=7364 type=sikuthewolf pos=103,45,28 hp=3060
living id=7365 type=direwolfalpha pos=11,90,28 hp=1570
living id=7366 type=sikuthewolf pos=164,123,28 hp=2751
living id=7367 type=toponovichthezombie pos=179,46,28 hp=4189
living id=7368 type=wolfy pos=119,158,28 hp=1811
living id=7369 type=infectedzombie pos=111,78,28 hp=2695
living id=7370 type=zombie pos=185,46,28 hp=2717
living id=7371 type=sikuthewolf pos=195,39,28 hp=3580
living id=7372 type=stonegolem pos=23,107,28 hp=6624
living id=7373 type=vampire pos=97,97,28 hp=1158
living id=7374 type=direwolf pos=9,90,28 hp=1502
living id=7375 type=sikuthewolf pos=150,160,28 hp=2361
living id=7376 type=draukthehobgoblinking pos=176,41,28 hp=3501
living id=7377 type=werewolf pos=177,136,28 hp=1430
living id=7378 type=humethealmightyogre pos=13,89,28 hp=5338
living id=7379 type=snickerblade pos=187,47,28 hp=1939
living id=7380 type=nexythesnickeredge pos=174,76,28 hp=2529
living id=7381 type=infectedzombie pos=97,166,28 hp=2578
living id=7382 type=sneakyghoul pos=122,22,28 hp=4408
living id=7383 type=infectedzombie pos=198,124,28 hp=2564
living id=7384 type=stonegolem pos=98,130,28 hp=7347
living id=7385 type=humethealmightyogre pos=109,141,28 hp=5075
living id=7386 type=sneakyghoul pos=177,78,28 hp=4351
living id=7387 type=nexythesnickeredge pos=175,175,28 hp=2456
living id=7388 type=infectedzombie pos=99,70,28 hp=2795
living id=7389 type=toponovichthezombie pos=110,71,28 hp=4339
living id=7390 type=cavetroll pos=196,20,28 hp=2834
living id=7391 type=sikuthewolf pos=179,174,28 hp=2545
living id=7392 type=direwolfalpha pos=94,176,28 hp=1668
living id=7393 type=spiderqueen pos=26,188,28 hp=1797
living id=7394 type=stonegolem pos=6,109,28 hp=6935
living id=7395 type=humethealmightyogre pos=103,39,28 hp=6118
living id=7396 type=infectedzombie pos=121,125,28 hp=2203
living id=7397 type=toponovichthezombie pos=194,132,28 hp=5241
living id=7398 type=wolfy pos=115,102,28 hp=2017
living id=7399 type=nexythesnickeredge pos=69,33,28 hp=2584
living id=7400 type=spiderqueen pos=62,176,28 hp=1529
living id=7401 type=stonegolem pos=27,90,28 hp=6358
living id=7402 type=ghoul pos=133,52,28 hp=862
living id=7403 type=evilturtle pos=46,163,28 hp=2134
living id=7404 type=sikuthewolf pos=33,95,28 hp=3523
living id=7405 type=snickerbladewizard pos=109,97,28 hp=3300
living id=7406 type=cavetroll pos=123,184,28 hp=2745
living id=7407 type=spiderqueen pos=116,10,28 hp=1388
living id=7408 type=infectedzombie pos=13,70,28 hp=2701
living id=7409 type=blueslime pos=194,47,28 hp=2148
living id=7410 type=infectedzombie pos=9,32,28 hp=2759
living id=7411 type=sikuthewolf pos=182,93,28 hp=2982
living id=7412 type=toponovichthezombie pos=120,186,28 hp=4181
living id=7413 type=snickerblade pos=108,54,28 hp=2115
living id=7414 type=stonegolem pos=1,160,28 hp=7330
living id=7415 type=wolfy pos=149,158,28 hp=1810
living id=7416 type=sikuthewolf pos=161,42,28 hp=3185
living id=7417 type=ghoul pos=136,92,28 hp=937
living id=7418 type=werewolf pos=78,137,28 hp=1404
living id=7419 type=toponovichthezombie pos=9,159,28 hp=4356
living id=7420 type=draukthehobgoblinking pos=88,33,28 hp=3051
living id=7421 type=firehead pos=180,158,28 hp=2134
living id=7423 type=stonegolem pos=192,155,28 hp=7322
living id=7424 type=direwolf pos=25,182,28 hp=1330
living id=7425 type=toponovichthezombie pos=65,33,28 hp=4661
living id=7426 type=blueslime pos=111,78,28 hp=2050
living id=7427 type=evilturtle pos=9,169,28 hp=2032
living id=7428 type=wolfy pos=147,103,28 hp=1896
living id=7429 type=sikuthewolf pos=59,99,28 hp=2414
living id=7430 type=vampire pos=38,155,28 hp=1213
living id=7431 type=zombie pos=113,80,28 hp=2707
living id=7432 type=nexythesnickeredge pos=5,106,28 hp=2945
living id=7433 type=stonegolem pos=15,68,28 hp=7864
living id=7434 type=direwolf pos=115,178,28 hp=1397
living id=7435 type=draukthehobgoblinking pos=110,53,28 hp=3087
living id=7436 type=infectedzombie pos=165,194,28 hp=2249
living id=7437 type=toponovichthezombie pos=196,158,28 hp=4734
living id=7438 type=ghoul pos=51,116,28 hp=1092
living id=7439 type=stonegolem pos=15,166,28 hp=6304
living id=7440 type=snickerbladewizard pos=160,182,28 hp=3380
living id=7441 type=sneakyghoul pos=122,182,28 hp=4439
living id=7442 type=werewolf pos=72,135,28 hp=1590
living id=7443 type=ghoul pos=185,36,28 hp=1054
living id=7444 type=berserkertroll pos=61,103,28 hp=3960
living id=7445 type=humethealmightyogre pos=90,26,28 hp=5230
living id=7446 type=vampire pos=111,15,28 hp=1219
living id=7447 type=blueslime pos=71,25,28 hp=1628
living id=7448 type=toponovichthezombie pos=17,167,28 hp=4060
living id=7449 type=nexythesnickeredge pos=195,48,28 hp=2027
living id=7450 type=vampire pos=113,11,28 hp=1067
living id=7451 type=evilturtle pos=89,34,28 hp=2121
living id=7452 type=ghoul pos=74,22,28 hp=913
living id=7453 type=spiderqueen pos=27,185,28 hp=1481
living id=7454 type=werewolf pos=113,19,28 hp=1717
living id=7455 type=direwolf pos=26,109,28 hp=1678
living id=7456 type=firehead pos=7,143,28 hp=2086
living id=7458 type=zombie pos=133,176,28 hp=2684
living id=7459 type=gaskonetheghoul pos=134,173,28 hp=1891
living id=7460 type=infectedzombie pos=108,172,28 hp=2922
living id=7461 type=direwolfalpha pos=68,24,28 hp=1305
living id=7462 type=firehead pos=10,111,28 hp=1768
living id=7464 type=sneakyghoul pos=16,168,28 hp=4498
living id=7465 type=berserkertroll pos=72,121,28 hp=4912
living id=7466 type=toponovichthezombie pos=66,22,28 hp=3859
living id=7467 type=nexythesnickeredge pos=71,19,28 hp=2181
living id=7468 type=nusepthegoblinking pos=16,90,28 hp=2276
living id=7469 type=berserkertroll pos=11,36,28 hp=3872
living id=7470 type=snickerbladewizard pos=70,104,28 hp=3356
living id=7471 type=stonegolem pos=150,58,28 hp=6504
living id=7472 type=blueslime pos=65,2,28 hp=1697
living id=7473 type=stonegolem pos=63,31,28 hp=6806
living id=7474 type=snickerblade pos=113,20,28 hp=1765
living id=7475 type=stonegolem pos=11,31,28 hp=6137
living id=7476 type=gaskonetheghoul pos=32,132,28 hp=2150
living id=7477 type=werewolf pos=47,30,28 hp=1811
living id=7478 type=nexythesnickeredge pos=109,52,28 hp=2584
living id=7479 type=ghoul pos=126,16,28 hp=888
living id=7480 type=evilturtle pos=156,44,28 hp=2116
living id=7481 type=berserkertroll pos=156,137,28 hp=4162
living id=7482 type=ghoul pos=75,31,28 hp=1440
living id=7483 type=werewolf pos=126,177,28 hp=1644
living id=7484 type=humethealmightyogre pos=15,154,28 hp=5723
living id=7485 type=werewolf pos=125,4,28 hp=1578
living id=7486 type=ghoul pos=32,95,28 hp=980
living id=7487 type=spiderqueen pos=181,42,28 hp=1363
living id=7488 type=evilturtle pos=96,164,28 hp=1998
living id=7489 type=stonegolem pos=74,100,28 hp=7726
living id=7490 type=berserkertroll pos=100,185,28 hp=4112
living id=7491 type=snickerblade pos=70,31,28 hp=1751
living id=7492 type=infectedzombie pos=174,175,28 hp=2707
living id=7493 type=spiderqueen pos=112,176,28 hp=1767
living id=7494 type=direwolfalpha pos=108,102,28 hp=1403
living id=7495 type=gaskonetheghoul pos=140,5,28 hp=1898
living id=7496 type=draukthehobgoblinking pos=75,22,28 hp=4380
living id=7497 type=zombie pos=153,172,28 hp=2864
living id=7498 type=werewolf pos=184,175,28 hp=1465
living id=7499 type=gaskonetheghoul pos=72,114,28 hp=1810
living id=7500 type=snickerbladewizard pos=165,128,28 hp=3267
living id=7501 type=zombie pos=8,142,28 hp=2499
living id=7502 type=sikuthewolf pos=24,18,28 hp=3308
living id=7503 type=stonegolem pos=74,20,28 hp=7596
living id=7504 type=gaskonetheghoul pos=42,133,28 hp=2097
living id=7505 type=werewolf pos=153,178,28 hp=1399
living id=7506 type=snickerblade pos=120,179,28 hp=1757
living id=7507 type=zombie pos=36,141,28 hp=2352
living id=7508 type=blueslime pos=18,27,28 hp=1686
living id=7509 type=snickerblade pos=27,106,28 hp=1719
living id=7510 type=werewolf pos=170,114,28 hp=1755
living id=7511 type=toponovichthezombie pos=70,103,28 hp=4875
living id=7512 type=blueslime pos=131,71,28 hp=2126
living id=7513 type=gaskonetheghoul pos=106,85,28 hp=1783
living id=7514 type=direwolfalpha pos=116,168,28 hp=1541
living id=7515 type=spiderqueen pos=134,4,28 hp=1682
living id=7516 type=direwolfalpha pos=49,92,28 hp=1546
living id=7517 type=wolfy pos=158,162,28 hp=1781
living id=7518 type=cavetroll pos=140,159,28 hp=2701
living id=7519 type=gaskonetheghoul pos=118,44,28 hp=1804
living id=7520 type=spiderqueen pos=122,42,28 hp=1603
living id=7521 type=vampire pos=126,185,28 hp=1179
living id=7522 type=snickerbladewizard pos=91,70,28 hp=3296
living id=7523 type=vampire pos=117,12,28 hp=1161
living id=7524 type=snickerblade pos=7,135,28 hp=2066
living id=7525 type=direwolfalpha pos=88,37,28 hp=1705
living id=7526 type=spiderqueen pos=159,107,28 hp=1718
living id=7527 type=nexythesnickeredge pos=147,166,28 hp=2039
living id=7528 type=stonegolem pos=43,133,28 hp=6467
living id=7529 type=draukthehobgoblinking pos=158,70,28 hp=4040
living id=7530 type=direwolf pos=15,91,28 hp=1626
living id=7531 type=stonegolem pos=11,182,28 hp=5822
living id=7532 type=evilturtle pos=107,14,28 hp=1911
living id=7533 type=infectedzombie pos=165,118,28 hp=2667
living id=7534 type=nusepthegoblinking pos=64,114,28 hp=2273
living id=7535 type=humethealmightyogre pos=153,49,28 hp=5948
living id=7536 type=berserkertroll pos=141,125,28 hp=4237
living id=7537 type=gaskonetheghoul pos=47,164,28 hp=2233
living id=7538 type=infectedzombie pos=9,113,28 hp=2845
living id=7539 type=stonegolem pos=126,16,28 hp=7635
living id=7540 type=berserkertroll pos=39,154,28 hp=4036
living id=7541 type=nusepthegoblinking pos=99,117,28 hp=2577
living id=7542 type=vampire pos=68,28,28 hp=1111
living id=7543 type=nusepthegoblinking pos=145,166,28 hp=2470
living id=7544 type=werewolf pos=173,124,28 hp=1696
living id=7545 type=nexythesnickeredge pos=86,38,28 hp=2603
living id=7546 type=direwolfalpha pos=75,133,28 hp=1589
living id=7547 type=wolfy pos=70,132,28 hp=1706
living id=7548 type=werewolf pos=5,93,28 hp=1490
living id=7549 type=firehead pos=24,106,28 hp=1705
living id=7551 type=direwolfalpha pos=14,21,28 hp=1295
living id=7552 type=zombie pos=74,83,28 hp=2414
living id=7553 type=sikuthewolf pos=80,162,28 hp=3345
living id=7554 type=firehead pos=196,60,28 hp=1839
living id=7556 type=sneakyghoul pos=76,137,28 hp=4546
living id=7557 type=draukthehobgoblinking pos=165,175,28 hp=3004
living id=7558 type=snickerbladewizard pos=111,169,28 hp=3363
living id=7559 type=firehead pos=61,99,28 hp=1895
living id=7561 type=snickerblade pos=196,95,28 hp=1805
living id=7562 type=nexythesnickeredge pos=170,19,28 hp=2660
living id=7563 type=snickerblade pos=153,71,28 hp=2112
living id=7564 type=spiderqueen pos=117,104,28 hp=1837
living id=7565 type=direwolf pos=138,24,28 hp=1379
living id=7566 type=sikuthewolf pos=136,1,28 hp=3456
living id=7567 type=infectedzombie pos=189,142,28 hp=2579
living id=7568 type=direwolfalpha pos=188,43,28 hp=1569
living id=7569 type=gaskonetheghoul pos=142,152,28 hp=1861
living id=7570 type=berserkertroll pos=130,125,28 hp=5054
living id=7571 type=infectedzombie pos=116,12,28 hp=2217
living id=7572 type=sikuthewolf pos=152,77,28 hp=3309
living id=7573 type=infectedzombie pos=158,135,28 hp=2635
living id=7574 type=snickerblade pos=74,163,28 hp=2099
living id=7575 type=stonegolem pos=167,123,28 hp=7544
living id=7576 type=spiderqueen pos=190,124,28 hp=1799
living id=7577 type=zombie pos=148,163,28 hp=2979
living id=7578 type=ghoul pos=13,30,28 hp=1195
living id=7579 type=gaskonetheghoul pos=198,122,28 hp=2185
living id=7580 type=firehead pos=193,48,28 hp=1703
living id=7582 type=wolfy pos=11,32,28 hp=1800
living id=7583 type=gaskonetheghoul pos=114,21,28 hp=2238
living id=7584 type=berserkertroll pos=177,36,28 hp=3967
living id=7585 type=draukthehobgoblinking pos=125,180,28 hp=4202
living id=7586 type=infectedzombie pos=74,166,28 hp=2711
living id=7587 type=draukthehobgoblinking pos=15,20,28 hp=3576
living id=7588 type=cavetroll pos=193,136,28 hp=2758
living id=7589 type=nexythesnickeredge pos=181,71,28 hp=2360
living id=7590 type=werewolf pos=110,70,28 hp=1530
living id=7591 type=sneakyghoul pos=31,106,28 hp=4358
living id=7592 type=firehead pos=103,12,28 hp=1720
living id=7594 type=direwolfalpha pos=130,95,28 hp=1323
living id=7595 type=draukthehobgoblinking pos=143,156,28 hp=3592
living id=7596 type=nusepthegoblinking pos=108,72,28 hp=2155
living id=7597 type=evilturtle pos=109,159,28 hp=2215
living id=7598 type=snickerblade pos=171,118,28 hp=2127
living id=7599 type=vampire pos=5,111,28 hp=1154
living id=7600 type=humethealmightyogre pos=109,39,28 hp=6609
living id=7601 type=berserkertroll pos=52,58,28 hp=4053
living id=7602 type=spiderqueen pos=15,164,28 hp=1685
living id=7603 type=snickerbladewizard pos=66,4,28 hp=3373
living id=7604 type=direwolfalpha pos=181,173,28 hp=1343
living id=7605 type=toponovichthezombie pos=154,92,28 hp=4590
living id=7606 type=zombie pos=140,126,28 hp=2746
living id=7607 type=draukthehobgoblinking pos=168,127,28 hp=3609
living id=7608 type=vampire pos=56,68,28 hp=1265
living id=7609 type=zombie pos=111,40,28 hp=3093
living id=7610 type=zombie pos=93,173,28 hp=2665
living id=7611 type=sneakyghoul pos=161,162,28 hp=4508
living id=7612 type=nexythesnickeredge pos=121,14,28 hp=1897
living id=7613 type=firehead pos=59,99,28 hp=1747
living id=7615 type=wolfy pos=115,159,28 hp=1996
living id=7616 type=spiderqueen pos=9,113,28 hp=1430
living id=7617 type=nusepthegoblinking pos=187,133,28 hp=1895
living id=7618 type=sikuthewolf pos=136,156,28 hp=3200
living id=7619 type=snickerblade pos=142,168,28 hp=1788
living id=7620 type=blueslime pos=38,131,28 hp=2165
living id=7621 type=berserkertroll pos=135,91,28 hp=4604
living id=7622 type=berserkertroll pos=104,176,28 hp=4177
living id=7623 type=direwolfalpha pos=100,130,28 hp=1310
living id=7624 type=gaskonetheghoul pos=33,67,28 hp=1945
living id=7625 type=ghoul pos=194,113,28 hp=1333
living id=7626 type=draukthehobgoblinking pos=163,157,28 hp=3914
living id=7627 type=direwolf pos=155,22,28 hp=1580
living id=7628 type=wolfy pos=111,82,28 hp=1823
living id=7629 type=cavetroll pos=133,69,28 hp=3165
living id=7630 type=humethealmightyogre pos=46,85,28 hp=6425
living id=7631 type=direwolf pos=113,14,28 hp=1522
living id=7632 type=wolfy pos=181,172,28 hp=2032
living id=7633 type=wolfy pos=154,174,28 hp=1759
living id=7634 type=direwolfalpha pos=0,113,28 hp=1417
living id=7635 type=cavetroll pos=67,69,28 hp=3053
living id=7636 type=sneakyghoul pos=152,48,28 hp=4485
living id=7637 type=blueslime pos=142,160,28 hp=1827
living id=7638 type=nusepthegoblinking pos=41,119,28 hp=2165
living id=7639 type=nusepthegoblinking pos=100,25,28 hp=2558
living id=7640 type=firehead pos=168,127,28 hp=1958
living id=7642 type=vampire pos=104,14,28 hp=1102
living id=7643 type=evilturtle pos=191,120,28 hp=2070
living id=7644 type=infectedzombie pos=137,93,28 hp=2598
living id=7645 type=nexythesnickeredge pos=62,80,28 hp=2301
living id=7646 type=infectedzombie pos=48,30,28 hp=2277
living id=7647 type=infectedzombie pos=135,25,28 hp=2899
living id=7648 type=sikuthewolf pos=177,75,28 hp=3053
living id=7649 type=sneakyghoul pos=25,117,28 hp=4352
living id=7650 type=werewolf pos=94,160,28 hp=1796
living id=7651 type=snickerblade pos=110,157,28 hp=2111
living id=7652 type=blueslime pos=42,159,28 hp=1841
living id=7653 type=ghoul pos=67,29,28 hp=1293
living id=7654 type=direwolf pos=114,9,28 hp=1486
living id=7655 type=nusepthegoblinking pos=155,129,28 hp=2601
living id=7656 type=sneakyghoul pos=117,27,28 hp=4436
living id=7657 type=vampire pos=97,125,28 hp=1207
living id=7658 type=snickerblade pos=107,43,28 hp=1885
living id=7659 type=firehead pos=82,63,28 hp=2208
living id=7661 type=spiderqueen pos=116,21,28 hp=1702
living id=7662 type=wolfy pos=140,163,28 hp=1581
living id=7663 type=nusepthegoblinking pos=112,15,28 hp=2571
living id=7664 type=toponovichthezombie pos=103,10,28 hp=5020
living id=7665 type=direwolfalpha pos=112,17,28 hp=1596
living id=7666 type=vampire pos=114,10,28 hp=1201
living id=7667 type=sikuthewolf pos=135,95,28 hp=2687
living id=7668 type=direwolfalpha pos=105,39,28 hp=1486
living id=7669 type=wolfy pos=121,70,28 hp=1890
living id=7670 type=vampire pos=108,79,28 hp=1292
living id=7671 type=gaskonetheghoul pos=138,161,28 hp=2152
living id=7672 type=snickerbladewizard pos=37,137,28 hp=3263
living id=7673 type=blueslime pos=136,165,28 hp=1845
living id=7674 type=blueslime pos=109,170,28 hp=2139
living id=7675 type=humethealmightyogre pos=78,136,28 hp=5266
living id=7676 type=humethealmightyogre pos=156,48,28 hp=5408
living id=7677 type=nusepthegoblinking pos=12,91,28 hp=2441
living id=7678 type=ghoul pos=11,21,28 hp=1209
living id=7679 type=nusepthegoblinking pos=122,42,28 hp=2038
living id=7680 type=wolfy pos=1,159,28 hp=1855
living id=7681 type=evilturtle pos=15,34,28 hp=2386
living id=7682 type=sneakyghoul pos=57,29,28 hp=4483
living id=7683 type=nusepthegoblinking pos=10,110,28 hp=2384
living id=7684 type=cavetroll pos=69,121,28 hp=2729
living id=7685 type=evilturtle pos=79,37,28 hp=2422
living id=7686 type=blueslime pos=193,158,28 hp=1888
living id=7687 type=blueslime pos=49,160,28 hp=1656
living id=7688 type=spiderqueen pos=173,127,28 hp=1388
living id=7689 type=infectedzombie pos=72,79,28 hp=2657
living id=7690 type=toponovichthezombie pos=158,172,28 hp=4278
living id=7691 type=snickerbladewizard pos=35,131,28 hp=3374
living id=7692 type=draukthehobgoblinking pos=65,67,28 hp=4065
living id=7693 type=toponovichthezombie pos=124,9,28 hp=4146
living id=7694 type=sneakyghoul pos=189,47,28 hp=4358
living id=7695 type=direwolfalpha pos=105,43,28 hp=1404
living id=7696 type=sikuthewolf pos=68,119,28 hp=3060
living id=7697 type=sneakyghoul pos=91,129,28 hp=4548
living id=7698 type=cavetroll pos=71,134,28 hp=3263
living id=7699 type=draukthehobgoblinking pos=23,110,28 hp=2725
living id=7700 type=vampire pos=108,11,28 hp=1341
living id=7701 type=wolfy pos=102,69,28 hp=2014
living id=7702 type=humethealmightyogre pos=96,130,28 hp=6585
living id=7703 type=berserkertroll pos=181,39,28 hp=3863
living id=7704 type=toponovichthezombie pos=132,74,28 hp=3994
living id=7705 type=toponovichthezombie pos=108,123,28 hp=3883
living id=7706 type=direwolf pos=97,82,28 hp=1357
living id=7707 type=evilturtle pos=6,144,28 hp=2481
living id=7708 type=firehead pos=108,3,28 hp=2103
living id=7710 type=stonegolem pos=143,163,28 hp=7166
living id=7711 type=toponovichthezombie pos=137,30,28 hp=4102
living id=7712 type=ghoul pos=45,116,28 hp=836
living id=7713 type=vampire pos=31,104,28 hp=1272
living id=7714 type=toponovichthezombie pos=108,79,28 hp=5094
living id=7715 type=gaskonetheghoul pos=15,153,28 hp=1830
living id=7716 type=toponovichthezombie pos=46,27,28 hp=5128
living id=7717 type=snickerblade pos=104,75,28 hp=2050
living id=7718 type=evilturtle pos=102,159,28 hp=1899
living id=7719 type=stonegolem pos=112,85,28 hp=7077
living id=7720 type=direwolfalpha pos=47,160,28 hp=1649
living id=7721 type=sneakyghoul pos=180,173,28 hp=4381
living id=7722 type=cavetroll pos=86,43,28 hp=3017
living id=7723 type=direwolf pos=62,87,28 hp=1619
living id=7724 type=zombie pos=90,132,28 hp=2806
living id=7725 type=gaskonetheghoul pos=190,149,28 hp=2274
living id=7726 type=nusepthegoblinking pos=48,161,28 hp=2186
living id=7727 type=humethealmightyogre pos=90,137,28 hp=5694
living id=7728 type=toponovichthezombie pos=101,53,28 hp=4145
living id=7729 type=werewolf pos=123,11,28 hp=1530
living id=7730 type=zombie pos=9,34,28 hp=2893
living id=7731 type=snickerbladewizard pos=157,158,28 hp=3384
living id=7732 type=infectedzombie pos=142,126,28 hp=2365
living id=7733 type=nusepthegoblinking pos=183,36,28 hp=1799
living id=7734 type=zombie pos=25,107,28 hp=2785
living id=7735 type=direwolfalpha pos=180,39,28 hp=1610
living id=7736 type=sikuthewolf pos=159,157,28 hp=2523
living id=7737 type=sikuthewolf pos=183,45,28 hp=3371
living id=7738 type=nexythesnickeredge pos=119,22,28 hp=2204
living id=7739 type=nexythesnickeredge pos=159,174,28 hp=2398
living id=7740 type=sneakyghoul pos=176,69,28 hp=4343
living id=7741 type=werewolf pos=71,119,28 hp=1458
living id=7742 type=spiderqueen pos=63,70,28 hp=1836
living id=7743 type=werewolf pos=168,120,28 hp=1587
living id=7744 type=snickerblade pos=29,181,28 hp=1645
living id=7745 type=direwolfalpha pos=100,179,28 hp=1670
living id=7746 type=cavetroll pos=97,135,28 hp=2848
living id=7747 type=stonegolem pos=119,185,28 hp=7948
living id=7748 type=zombie pos=102,54,28 hp=2348
living id=7749 type=draukthehobgoblinking pos=59,29,28 hp=3649
living id=7750 type=direwolf pos=156,158,28 hp=1510
living id=7751 type=snickerbladewizard pos=86,35,28 hp=3273
living id=7752 type=toponovichthezombie pos=3,109,28 hp=3717
living id=7753 type=werewolf pos=122,182,28 hp=1568
living id=7754 type=spiderqueen pos=158,182,28 hp=1663
living id=7755 type=infectedzombie pos=69,160,28 hp=2515
living id=7756 type=blueslime pos=52,68,28 hp=2120
living id=7757 type=nusepthegoblinking pos=18,28,28 hp=1986
living id=7758 type=draukthehobgoblinking pos=105,39,28 hp=4235
living id=7759 type=spiderqueen pos=10,26,28 hp=1665
living id=7760 type=vampire pos=141,167,28 hp=1207
living id=7761 type=toponovichthezombie pos=109,82,28 hp=4277
living id=7762 type=draukthehobgoblinking pos=134,2,28 hp=3041
living id=7763 type=snickerbladewizard pos=15,31,28 hp=3338
living id=7764 type=direwolf pos=179,136,28 hp=1574
living id=7765 type=firehead pos=7,104,28 hp=1782
living id=7767 type=wolfy pos=112,158,28 hp=1833
living id=7768 type=wolfy pos=187,40,28 hp=2015
living id=7769 type=cavetroll pos=107,53,28 hp=3222
living id=7770 type=berserkertroll pos=151,71,28 hp=4652
living id=7771 type=stonegolem pos=107,105,28 hp=7844
living id=7772 type=gaskonetheghoul pos=103,71,28 hp=2211
living id=7773 type=firehead pos=9,87,28 hp=2281
living id=7775 type=berserkertroll pos=95,173,28 hp=4602
living id=7776 type=ghoul pos=14,165,28 hp=1361
living id=7777 type=spiderqueen pos=62,68,28 hp=1429
living id=7778 type=toponovichthezombie pos=162,28,28 hp=4137
living id=7779 type=sneakyghoul pos=143,19,28 hp=4512
living id=7780 type=spiderqueen pos=12,23,28 hp=1578
living id=7781 type=firehead pos=188,142,28 hp=2207
living id=7783 type=spiderqueen pos=18,93,28 hp=1825
living id=7784 type=zombie pos=167,102,28 hp=3136
living id=7785 type=berserkertroll pos=63,32,28 hp=4261
living id=7786 type=snickerbladewizard pos=113,158,28 hp=3266
living id=7787 type=evilturtle pos=140,18,28 hp=1889
living id=7788 type=zombie pos=74,112,28 hp=2402
living id=7789 type=spiderqueen pos=10,20,28 hp=1503
living id=7790 type=werewolf pos=86,54,28 hp=1645
living id=7791 type=spiderqueen pos=78,132,28 hp=1807
living id=7792 type=stonegolem pos=110,103,28 hp=5931
living id=7793 type=sikuthewolf pos=27,184,28 hp=2941
living id=7794 type=humethealmightyogre pos=114,175,28 hp=5431
living id=7795 type=ghoul pos=156,71,28 hp=951
living id=7796 type=vampire pos=33,99,28 hp=1060
living id=7797 type=nusepthegoblinking pos=72,30,28 hp=1839
living id=7798 type=evilturtle pos=136,92,28 hp=1936
living id=7799 type=zombie pos=17,166,28 hp=3408
living id=7800 type=ghoul pos=67,33,28 hp=1198
living id=7801 type=sikuthewolf pos=170,92,28 hp=3319
living id=7802 type=gaskonetheghoul pos=185,73,28 hp=1716
living id=7803 type=spiderqueen pos=49,121,28 hp=1553
living id=7804 type=ghoul pos=137,54,28 hp=1033
living id=7805 type=draukthehobgoblinking pos=118,125,28 hp=4014
living id=7806 type=snickerbladewizard pos=120,186,28 hp=3289
living id=7807 type=draukthehobgoblinking pos=149,92,28 hp=3017
living id=7808 type=gaskonetheghoul pos=28,107,28 hp=1962
living id=7809 type=nexythesnickeredge pos=98,136,28 hp=2411
living id=7810 type=direwolfalpha pos=101,46,28 hp=1634
living id=7811 type=vampire pos=107,11,28 hp=1315
living id=7812 type=werewolf pos=126,54,28 hp=1865
living id=7813 type=sneakyghoul pos=154,182,28 hp=4385
living id=7814 type=blueslime pos=165,174,28 hp=2162
living id=7815 type=direwolfalpha pos=109,83,28 hp=1295
living id=7816 type=berserkertroll pos=71,121,28 hp=4887
living id=7817 type=sikuthewolf pos=26,190,28 hp=3281
living id=7818 type=cavetroll pos=134,0,28 hp=3186
living id=7819 type=gaskonetheghoul pos=134,103,28 hp=1941
living id=7820 type=evilturtle pos=138,174,28 hp=2021
living id=7821 type=nusepthegoblinking pos=155,174,28 hp=1994
living id=7822 type=snickerbladewizard pos=137,64,28 hp=3261
living id=7823 type=spiderqueen pos=116,21,28 hp=1646
living id=7824 type=direwolf pos=10,33,28 hp=1586
living id=7825 type=stonegolem pos=19,183,28 hp=7191
living id=7826 type=sneakyghoul pos=144,178,28 hp=4372
living id=7827 type=werewolf pos=107,102,28 hp=1795
living id=7828 type=sneakyghoul pos=111,17,28 hp=4343
living id=7829 type=ghoul pos=165,115,28 hp=1261
living id=7830 type=wolfy pos=106,29,28 hp=1861
living id=7831 type=vampire pos=38,135,28 hp=1168
living id=7832 type=draukthehobgoblinking pos=65,2,28 hp=3324
living id=7833 type=direwolfalpha pos=100,28,28 hp=1392
living id=7834 type=draukthehobgoblinking pos=78,159,28 hp=3878
living id=7835 type=toponovichthezombie pos=67,63,28 hp=4909
living id=7836 type=toponovichthezombie pos=194,140,28 hp=4818
living id=7837 type=zombie pos=110,26,28 hp=2644
living id=7838 type=vampire pos=12,33,28 hp=1207
living id=7839 type=nexythesnickeredge pos=74,19,28 hp=2435
living id=7840 type=ghoul pos=128,54,28 hp=1418
living id=7841 type=sneakyghoul pos=160,20,28 hp=4548
living id=7842 type=sikuthewolf pos=126,178,28 hp=3175
living id=7843 type=evilturtle pos=172,110,28 hp=2078
living id=7844 type=wolfy pos=93,143,28 hp=1540
living id=7845 type=direwolfalpha pos=151,178,28 hp=1648
living id=7846 type=sneakyghoul pos=141,42,28 hp=4507
living id=7847 type=gaskonetheghoul pos=68,115,28 hp=1753
living id=7848 type=humethealmightyogre pos=110,172,28 hp=5493
living id=7849 type=direwolf pos=72,99,28 hp=1543
living id=7850 type=direwolf pos=42,117,28 hp=1632
living id=7851 type=direwolfalpha pos=99,123,28 hp=1351
living id=7852 type=berserkertroll pos=83,56,28 hp=3983
living id=7853 type=snickerbladewizard pos=39,156,28 hp=3377
living id=7854 type=nusepthegoblinking pos=197,123,28 hp=1849
living id=7855 type=infectedzombie pos=72,100,28 hp=2336
living id=7856 type=berserkertroll pos=96,99,28 hp=4286
living id=7857 type=wolfy pos=104,182,28 hp=1590
living id=7858 type=humethealmightyogre pos=191,139,28 hp=6204
living id=7859 type=vampire pos=99,130,28 hp=1162
living id=7860 type=zombie pos=65,29,28 hp=2754
living id=7861 type=stonegolem pos=33,68,28 hp=5890
living id=7862 type=berserkertroll pos=141,103,28 hp=4356
living id=7863 type=sikuthewolf pos=7,92,28 hp=2519
living id=7864 type=zombie pos=41,92,28 hp=2783
living id=7865 type=werewolf pos=8,148,28 hp=1705
living id=7866 type=infectedzombie pos=196,19,28 hp=2174
living id=7867 type=infectedzombie pos=16,18,28 hp=2837
living id=7868 type=cavetroll pos=68,4,28 hp=3218
living id=7869 type=sneakyghoul pos=12,85,28 hp=4326
living id=7870 type=draukthehobgoblinking pos=63,116,28 hp=4328
living id=7871 type=spiderqueen pos=141,17,28 hp=1830
living id=7872 type=berserkertroll pos=11,112,28 hp=5128
living id=7873 type=ghoul pos=152,159,28 hp=1343
living id=7874 type=draukthehobgoblinking pos=118,158,28 hp=2776
living id=7875 type=direwolfalpha pos=66,21,28 hp=1638
living id=7876 type=blueslime pos=111,129,28 hp=1944
living id=7877 type=snickerbladewizard pos=73,140,28 hp=3272
living id=7878 type=sikuthewolf pos=24,179,28 hp=3359
living id=7879 type=werewolf pos=186,46,28 hp=1815
living id=7880 type=snickerblade pos=147,161,28 hp=1879
living id=7881 type=nexythesnickeredge pos=82,71,28 hp=2859
living id=7882 type=snickerbladewizard pos=190,123,28 hp=3320
living id=7883 type=blueslime pos=89,137,28 hp=2007
living id=7884 type=stonegolem pos=83,61,28 hp=7478
living id=7885 type=vampire pos=93,159,28 hp=1139
living id=7886 type=direwolfalpha pos=95,163,28 hp=1506
living id=7887 type=spiderqueen pos=44,153,28 hp=1434
living id=7888 type=spiderqueen pos=136,42,28 hp=1413
living id=7889 type=firehead pos=34,187,28 hp=1981
living id=7891 type=spiderqueen pos=17,13,28 hp=1733
living id=7892 type=direwolfalpha pos=119,54,28 hp=1561
living id=7893 type=snickerbladewizard pos=94,160,28 hp=3361
living id=7894 type=direwolfalpha pos=175,118,28 hp=1596
living id=7895 type=sikuthewolf pos=109,87,28 hp=3567
living id=7896 type=snickerbladewizard pos=156,174,28 hp=3311
living id=7897 type=snickerbladewizard pos=82,36,28 hp=3256
living id=7898 type=infectedzombie pos=12,168,28 hp=2757
living id=7899 type=toponovichthezombie pos=152,108,28 hp=3946
living id=7900 type=direwolfalpha pos=194,57,28 hp=1706
living id=7901 type=nexythesnickeredge pos=144,157,28 hp=2319
living id=7902 type=stonegolem pos=133,75,28 hp=6155
living id=7903 type=nusepthegoblinking pos=25,188,28 hp=2104
living id=7904 type=direwolfalpha pos=100,52,28 hp=1512
living id=7905 type=gaskonetheghoul pos=74,94,28 hp=2253
living id=7906 type=wolfy pos=191,160,28 hp=1977
living id=7907 type=berserkertroll pos=73,20,28 hp=3868
living id=7908 type=spiderqueen pos=26,188,28 hp=1836
living id=7909 type=berserkertroll pos=111,20,28 hp=4728
living id=7910 type=ghoul pos=32,94,28 hp=817
living id=7911 type=infectedzombie pos=73,140,28 hp=2330
living id=7912 type=cavetroll pos=175,125,28 hp=3096
living id=7913 type=werewolf pos=34,177,28 hp=1504
living id=7914 type=gaskonetheghoul pos=68,69,28 hp=1794
living id=7915 type=evilturtle pos=121,165,30 hp=2007
living id=7916 type=ogre pos=130,166,30 hp=5107
living id=7917 type=vampire pos=63,158,30 hp=1223
living id=7918 type=ghoul pos=127,60,30 hp=951
living id=7919 type=stonegolem pos=51,52,30 hp=6992
living id=7920 type=stonetroll pos=59,78,30 hp=6755
living id=7922 type=nexythesnickeredge pos=93,167,30 hp=2505
living id=7923 type=stonetroll pos=182,77,30 hp=6583
living id=7925 type=toponovichthezombie pos=89,13,30 hp=4395
living id=7926 type=gaskonetheghoul pos=71,133,30 hp=2186
living id=7927 type=berserkertroll pos=103,14,30 hp=4682
living id=7928 type=evilturtle pos=17,37,30 hp=2135
living id=7929 type=theburningpet pos=119,179,30 hp=10007
living id=7931 type=lustyogre pos=168,155,30 hp=6678
living id=7932 type=wolfy pos=70,132,30 hp=1665
living id=7933 type=lustyogre pos=27,130,30 hp=6270
living id=7934 type=stonetroll pos=151,59,30 hp=7253
living id=7936 type=ghoul pos=145,49,30 hp=957
living id=7937 type=werewolf pos=46,36,30 hp=1385
living id=7938 type=nexythesnickeredge pos=27,83,30 hp=2335
living id=7939 type=spiderqueen pos=30,113,30 hp=1361
living id=7940 type=cavetroll pos=34,127,30 hp=2806
living id=7941 type=weretiger pos=99,125,30 hp=5318
living id=7942 type=ghoul pos=86,130,30 hp=863
living id=7943 type=theburningpet pos=90,167,30 hp=7846
living id=7945 type=werewolf pos=165,84,30 hp=1326
living id=7946 type=infectedzombie pos=147,92,30 hp=2732
living id=7947 type=toponovichthezombie pos=62,7,30 hp=4771
living id=7948 type=snickerblade pos=120,128,30 hp=1653
living id=7949 type=irongolem pos=164,81,30 hp=7410
living id=7950 type=sneakyghoul pos=152,15,30 hp=4361
living id=7951 type=stonegolem pos=86,157,30 hp=7948
living id=7952 type=spiderqueen pos=58,163,30 hp=1447
living id=7953 type=weretiger pos=12,146,30 hp=6081
living id=7954 type=ogre pos=23,174,30 hp=6262
living id=7955 type=sikuthewolf pos=83,70,30 hp=3502
living id=7956 type=gaskonetheghoul pos=20,134,30 hp=2176
living id=7957 type=berserkertroll pos=99,87,30 hp=4358
living id=7958 type=stonegolem pos=27,79,30 hp=6122
living id=7959 type=vampire pos=20,132,30 hp=1188
living id=7960 type=lustyogre pos=121,17,30 hp=5952
living id=7961 type=nusepthegoblinking pos=62,130,30 hp=1903
living id=7962 type=weretiger pos=58,109,30 hp=6955
living id=7963 type=humethealmightyogre pos=27,82,30 hp=6595
living id=7964 type=lustyogre pos=62,87,30 hp=5480
living id=7965 type=firehead pos=110,109,30 hp=2033
living id=7967 type=spiderqueen pos=179,35,30 hp=1453
living id=7968 type=nexythesnickeredge pos=80,91,30 hp=1927
living id=7969 type=zombie pos=172,33,30 hp=3220
living id=7970 type=theburningpet pos=13,88,30 hp=8234
living id=7972 type=evilturtle pos=180,155,30 hp=2118
living id=7973 type=snickerbladewizard pos=87,50,30 hp=3257
living id=7974 type=toponovichthezombie pos=152,14,30 hp=5076
living id=7975 type=sikuthewolf pos=188,76,30 hp=2924
living id=7976 type=sneakyghoul pos=31,61,30 hp=4268
living id=7977 type=ghoul pos=53,39,30 hp=1356
living id=7978 type=sneakyghoul pos=82,104,30 hp=4447
living id=7979 type=blueslime pos=98,86,30 hp=2018
living id=7980 type=snickerbladewizard pos=89,173,30 hp=3300
living id=7981 type=firehead pos=167,184,30 hp=1973
living id=7983 type=nusepthegoblinking pos=127,89,30 hp=2117
living id=7984 type=snickerbladewizard pos=13,34,30 hp=3381
living id=7985 type=ogre pos=148,183,30 hp=6058
living id=7986 type=theburningpet pos=33,75,30 hp=10053
living id=7988 type=draukthehobgoblinking pos=177,84,30 hp=4109
living id=7989 type=zombie pos=87,122,30 hp=3595
living id=7990 type=firehead pos=38,80,30 hp=1981
living id=7992 type=snickerblade pos=92,41,30 hp=1810
living id=7993 type=nexythesnickeredge pos=61,107,30 hp=2470
living id=7994 type=wolfy pos=153,33,30 hp=2017
living id=7995 type=snickerblade pos=106,91,30 hp=1706
living id=7996 type=draukthehobgoblinking pos=66,22,30 hp=3203
living id=7997 type=firehead pos=151,61,30 hp=1894
living id=7999 type=spiderqueen pos=118,125,30 hp=1504
living id=8000 type=irongolem pos=82,60,30 hp=9221
living id=8001 type=irongolem pos=161,114,30 hp=8734
living id=8002 type=blueslime pos=163,114,30 hp=2111
living id=8003 type=nusepthegoblinking pos=131,59,30 hp=2146
living id=8004 type=theburningpet pos=119,52,30 hp=9305
living id=8006 type=werewolf pos=113,14,30 hp=1770
living id=8007 type=irongolem pos=44,38,30 hp=8467
living id=8008 type=gaskonetheghoul pos=19,134,30 hp=1721
living id=8009 type=sneakyghoul pos=44,9,30 hp=4414
living id=8010 type=firehead pos=165,151,30 hp=1799
living id=8012 type=gaskonetheghoul pos=154,50,30 hp=2015
living id=8013 type=infectedzombie pos=177,85,30 hp=2757
living id=8014 type=snickerblade pos=100,64,30 hp=1764
living id=8015 type=gaskonetheghoul pos=31,129,30 hp=2190
living id=8016 type=toponovichthezombie pos=36,134,30 hp=4440
living id=8017 type=spiderqueen pos=147,13,30 hp=1663
living id=8018 type=stonegolem pos=150,167,30 hp=7001
living id=8019 type=toponovichthezombie pos=120,110,30 hp=4417
living id=8020 type=ghoul pos=39,170,30 hp=1340
living id=8021 type=lustyogre pos=148,97,30 hp=6213
living id=8022 type=draukthehobgoblinking pos=126,137,30 hp=3327
living id=8023 type=werewolf pos=104,37,30 hp=1316
living id=8024 type=evilturtle pos=108,180,30 hp=2265
living id=8025 type=zombie pos=52,167,30 hp=3586
living id=8026 type=snickerblade pos=61,135,30 hp=1771
living id=8027 type=gaskonetheghoul pos=26,49,30 hp=2206
living id=8028 type=vampire pos=149,97,30 hp=1238
living id=8029 type=weretiger pos=128,58,30 hp=5389
living id=8030 type=snickerbladewizard pos=96,166,30 hp=3381
living id=8031 type=stonetroll pos=30,146,30 hp=5549
living id=8033 type=snickerbladewizard pos=151,97,30 hp=3315
living id=8034 type=nusepthegoblinking pos=81,164,30 hp=2320
living id=8035 type=draukthehobgoblinking pos=123,16,30 hp=3930
living id=8036 type=weretiger pos=154,184,30 hp=7082
living id=8037 type=vampire pos=86,73,30 hp=1087
living id=8038 type=sikuthewolf pos=175,59,30 hp=3290
living id=8039 type=werewolf pos=37,11,30 hp=1510
living id=8040 type=nusepthegoblinking pos=183,143,30 hp=2394
living id=8041 type=wolfy pos=173,34,30 hp=1886
living id=8042 type=gaskonetheghoul pos=147,29,30 hp=2242
living id=8043 type=wolfy pos=64,157,30 hp=2076
living id=8044 type=gaskonetheghoul pos=30,81,30 hp=1974
living id=8045 type=draukthehobgoblinking pos=172,59,30 hp=4338
living id=8046 type=ogre pos=27,49,30 hp=4968
living id=8047 type=nusepthegoblinking pos=85,68,30 hp=2051
living id=8048 type=vampire pos=97,114,30 hp=1118
living id=8049 type=lustyogre pos=107,49,30 hp=5649
living id=8050 type=evilturtle pos=147,49,30 hp=2197
living id=8051 type=stonetroll pos=146,43,30 hp=6085
living id=8053 type=infectedzombie pos=90,189,30 hp=2804
living id=8054 type=cavetroll pos=65,13,30 hp=2982
living id=8055 type=stonegolem pos=27,145,30 hp=7364
living id=8056 type=zombie pos=56,162,30 hp=3621
living id=8057 type=stonegolem pos=81,60,30 hp=7310
living id=8058 type=snickerbladewizard pos=62,159,30 hp=3372
living id=8059 type=wolfy pos=81,133,30 hp=1949
living id=8060 type=irongolem pos=61,96,30 hp=9293
living id=8061 type=draukthehobgoblinking pos=182,29,30 hp=3308
living id=8062 type=draukthehobgoblinking pos=102,123,30 hp=2693
living id=8063 type=blueslime pos=87,69,30 hp=1901
living id=8064 type=firehead pos=17,152,30 hp=2020
living id=8066 type=stonetroll pos=34,175,30 hp=7170
living id=8068 type=draukthehobgoblinking pos=85,187,30 hp=4396
living id=8069 type=snickerblade pos=181,35,30 hp=1982
living id=8070 type=draukthehobgoblinking pos=79,164,30 hp=2910
living id=8071 type=nexythesnickeredge pos=69,146,30 hp=1942
living id=8072 type=stonegolem pos=98,88,30 hp=6201
living id=8073 type=vampire pos=150,35,30 hp=1095
living id=8074 type=firehead pos=58,192,30 hp=1752
living id=8076 type=gaskonetheghoul pos=33,105,30 hp=2267
living id=8077 type=wolfy pos=134,161,30 hp=1843
living id=8078 type=ogre pos=148,43,30 hp=5801
living id=8079 type=snickerblade pos=30,49,30 hp=1792
living id=8080 type=stonetroll pos=44,24,30 hp=5537
living id=8082 type=snickerblade pos=83,131,30 hp=1922
living id=8083 type=infectedzombie pos=15,12,30 hp=2923
living id=8084 type=toponovichthezombie pos=62,90,30 hp=3852
living id=8085 type=zombie pos=17,173,30 hp=3054
living id=8086 type=firehead pos=14,112,30 hp=1978
living id=8088 type=weretiger pos=98,126,30 hp=6452
living id=8089 type=infectedzombie pos=66,92,30 hp=2555
living id=8090 type=blueslime pos=120,127,30 hp=1866
living id=8091 type=lustyogre pos=101,159,30 hp=6825
living id=8092 type=ghoul pos=146,14,30 hp=807
living id=8093 type=stonetroll pos=24,11,30 hp=6428
living id=8095 type=wolfy pos=46,10,30 hp=1906
living id=8096 type=nusepthegoblinking pos=15,18,30 hp=2047
living id=8097 type=spiderqueen pos=87,70,30 hp=1676
living id=8098 type=stonegolem pos=169,150,30 hp=6188
living id=8099 type=nexythesnickeredge pos=63,56,30 hp=1995
living id=8100 type=nexythesnickeredge pos=58,192,30 hp=2628
living id=8101 type=weretiger pos=102,135,30 hp=6977
living id=8102 type=nusepthegoblinking pos=18,171,30 hp=2032
living id=8103 type=nexythesnickeredge pos=95,131,30 hp=2490
living id=8104 type=firehead pos=97,161,30 hp=2276
living id=8106 type=stonetroll pos=125,109,30 hp=7053
living id=8108 type=irongolem pos=14,118,30 hp=7337
living id=8109 type=firehead pos=161,13,30 hp=1723
living id=8111 type=nusepthegoblinking pos=98,92,30 hp=1807
living id=8112 type=wolfy pos=85,167,30 hp=1694
living id=8113 type=snickerbladewizard pos=66,33,30 hp=3287
living id=8114 type=wolfy pos=54,58,30 hp=1942
living id=8115 type=lustyogre pos=186,10,30 hp=6812
living id=8116 type=humethealmightyogre pos=18,71,30 hp=5316
living id=8117 type=blueslime pos=82,103,30 hp=1951
living id=8118 type=irongolem pos=72,102,30 hp=8146
living id=8119 type=werewolf pos=54,63,30 hp=1833
living id=8120 type=snickerbladewizard pos=37,175,30 hp=3282
living id=8121 type=vampire pos=118,141,30 hp=1149
living id=8122 type=lustyogre pos=52,37,30 hp=6029
living id=8123 type=cavetroll pos=151,100,30 hp=3129
living id=8124 type=theburningpet pos=94,162,30 hp=8951
living id=8126 type=vampire pos=63,129,30 hp=1295
living id=8127 type=irongolem pos=163,149,30 hp=7954
living id=8128 type=ogre pos=126,162,30 hp=4795
living id=8129 type=lustyogre pos=68,132,30 hp=5175
living id=8130 type=stonegolem pos=87,126,30 hp=7682
living id=8131 type=nexythesnickeredge pos=62,57,30 hp=2215
living id=8132 type=firehead pos=93,44,30 hp=2295
living id=8134 type=nusepthegoblinking pos=93,57,30 hp=1875
living id=8135 type=sikuthewolf pos=92,15,30 hp=2442
living id=8136 type=vampire pos=33,60,30 hp=1256
living id=8137 type=blueslime pos=115,148,30 hp=2124
living id=8138 type=sneakyghoul pos=150,13,30 hp=4273
living id=8139 type=zombie pos=42,146,30 hp=3193
living id=8140 type=lustyogre pos=113,47,30 hp=5521
living id=8141 type=cavetroll pos=143,189,30 hp=3167
living id=8142 type=weretiger pos=92,48,30 hp=6145
living id=8143 type=gaskonetheghoul pos=179,183,30 hp=2198
living id=8144 type=nusepthegoblinking pos=121,89,30 hp=1785
living id=8145 type=sikuthewolf pos=185,161,30 hp=2769
living id=8146 type=wolfy pos=90,77,30 hp=1835
living id=8147 type=blueslime pos=86,189,30 hp=1939
living id=8148 type=irongolem pos=135,163,30 hp=7226
living id=8149 type=sikuthewolf pos=112,190,30 hp=3451
living id=8150 type=nusepthegoblinking pos=68,141,30 hp=1856
living id=8151 type=humethealmightyogre pos=65,18,30 hp=5962
living id=8152 type=nusepthegoblinking pos=83,123,30 hp=1825
living id=8153 type=ghoul pos=22,11,30 hp=1189
living id=8154 type=lustyogre pos=82,70,30 hp=5877
living id=8155 type=firehead pos=84,31,30 hp=2265
living id=8157 type=nusepthegoblinking pos=33,73,30 hp=2195
living id=8158 type=ogre pos=121,170,30 hp=5726
living id=8159 type=vampire pos=176,92,30 hp=1345
living id=8160 type=firehead pos=96,143,30 hp=2193
living id=8162 type=berserkertroll pos=62,55,30 hp=4255
living id=8163 type=humethealmightyogre pos=80,145,30 hp=5893
living id=8164 type=spiderqueen pos=181,67,30 hp=1536
living id=8165 type=wolfy pos=72,75,30 hp=2084
living id=8166 type=berserkertroll pos=123,62,30 hp=4503
living id=8167 type=cavetroll pos=100,86,30 hp=3073
living id=8168 type=stonetroll pos=40,178,30 hp=7235
living id=8170 type=infectedzombie pos=88,112,30 hp=2573
living id=8171 type=sneakyghoul pos=123,18,30 hp=4430
living id=8172 type=snickerblade pos=132,65,30 hp=1943
living id=8173 type=berserkertroll pos=34,134,30 hp=4211
living id=8174 type=gaskonetheghoul pos=63,191,30 hp=1963
living id=8175 type=zombie pos=66,98,30 hp=2576
living id=8176 type=spiderqueen pos=27,60,30 hp=1572
living id=8177 type=nusepthegoblinking pos=183,61,30 hp=1901
living id=8178 type=nusepthegoblinking pos=85,118,30 hp=2476
living id=8179 type=werewolf pos=85,77,30 hp=1323
living id=8180 type=stonegolem pos=58,182,30 hp=6335
living id=8181 type=berserkertroll pos=183,138,30 hp=3917
living id=8182 type=werewolf pos=96,63,30 hp=1805
living id=8183 type=toponovichthezombie pos=149,105,30 hp=4074
living id=8184 type=firehead pos=79,124,30 hp=1878
living id=8186 type=wolfy pos=184,107,30 hp=1801
living id=8187 type=ghoul pos=73,32,30 hp=1333
living id=8188 type=firehead pos=29,109,30 hp=2027
living id=8190 type=infectedzombie pos=112,14,30 hp=2413
living id=8191 type=toponovichthezombie pos=117,14,30 hp=4243
living id=8192 type=vampire pos=45,9,30 hp=1168
living id=8193 type=stonetroll pos=98,13,30 hp=6161
living id=8195 type=zombie pos=176,26,30 hp=2762
living id=8196 type=snickerbladewizard pos=61,131,30 hp=3389
living id=8197 type=cavetroll pos=57,130,30 hp=3111
living id=8198 type=stonetroll pos=178,81,30 hp=5835
living id=8200 type=infectedzombie pos=93,136,30 hp=2560
living id=8201 type=blueslime pos=165,93,30 hp=2129
living id=8202 type=ghoul pos=75,145,30 hp=951
living id=8203 type=snickerbladewizard pos=88,129,30 hp=3310
living id=8204 type=nexythesnickeredge pos=30,52,30 hp=3072
living id=8205 type=infectedzombie pos=86,127,30 hp=2418
living id=8206 type=weretiger pos=71,28,30 hp=5453
living id=8207 type=nexythesnickeredge pos=14,121,30 hp=2659
living id=8208 type=sikuthewolf pos=66,93,30 hp=3438
living id=8209 type=blueslime pos=92,181,30 hp=1921
living id=8210 type=irongolem pos=163,155,30 hp=8670
living id=8211 type=sneakyghoul pos=28,132,30 hp=4319
living id=8212 type=humethealmightyogre pos=168,93,30 hp=5988
living id=8213 type=werewolf pos=146,91,30 hp=1727
living id=8214 type=ogre pos=144,143,30 hp=5824
living id=8215 type=snickerbladewizard pos=49,165,30 hp=3372
living id=8216 type=sneakyghoul pos=82,105,30 hp=4477
living id=8217 type=stonetroll pos=171,112,30 hp=6381
living id=8219 type=stonetroll pos=130,92,30 hp=5938
living id=8221 type=gaskonetheghoul pos=118,18,30 hp=2272
living id=8222 type=wolfy pos=59,184,30 hp=1837
living id=8223 type=vampire pos=92,166,30 hp=1299
living id=8224 type=vampire pos=15,181,30 hp=1202
living id=8225 type=infectedzombie pos=58,174,30 hp=2391
living id=8226 type=cavetroll pos=13,44,30 hp=3048
living id=8227 type=ghoul pos=98,145,30 hp=992
living id=8228 type=blueslime pos=75,164,30 hp=1744
living id=8229 type=lustyogre pos=92,178,30 hp=5212
living id=8230 type=sneakyghoul pos=94,89,30 hp=4442
living id=8231 type=berserkertroll pos=51,36,30 hp=4290
living id=8232 type=stonetroll pos=167,152,30 hp=5973
living id=8234 type=snickerbladewizard pos=70,101,30 hp=3269
living id=8235 type=ogre pos=109,181,30 hp=6121
living id=8236 type=evilturtle pos=37,97,30 hp=2440
living id=8237 type=cavetroll pos=80,31,30 hp=2980
living id=8238 type=lustyogre pos=25,46,30 hp=6556
living id=8239 type=theburningpet pos=62,187,30 hp=10194
living id=8241 type=draukthehobgoblinking pos=86,73,30 hp=3815
living id=8242 type=sikuthewolf pos=85,72,30 hp=3375
living id=8243 type=snickerbladewizard pos=127,61,30 hp=3363
living id=8244 type=sneakyghoul pos=184,151,30 hp=4508
living id=8245 type=irongolem pos=40,75,30 hp=8015
living id=8246 type=irongolem pos=146,51,30 hp=8148
living id=8247 type=nusepthegoblinking pos=19,4,30 hp=2536
living id=8248 type=werewolf pos=163,119,30 hp=1782
living id=8249 type=sneakyghoul pos=39,172,30 hp=4258
living id=8250 type=draukthehobgoblinking pos=183,143,30 hp=4004
living id=8251 type=spiderqueen pos=100,93,30 hp=1466
living id=8252 type=stonegolem pos=133,107,30 hp=7543
living id=8253 type=blueslime pos=110,14,30 hp=1889
living id=8254 type=spiderqueen pos=35,84,30 hp=1704
living id=8255 type=stonegolem pos=105,185,30 hp=7575
living id=8256 type=berserkertroll pos=148,94,30 hp=3949
living id=8257 type=stonetroll pos=121,90,30 hp=7054
living id=8259 type=infectedzombie pos=168,159,30 hp=2616
living id=8260 type=vampire pos=64,98,30 hp=1223
living id=8261 type=theburningpet pos=183,107,30 hp=8889
living id=8263 type=weretiger pos=171,63,30 hp=6250
living id=8264 type=infectedzombie pos=139,60,30 hp=2664
living id=8265 type=draukthehobgoblinking pos=33,109,30 hp=3834
living id=8266 type=berserkertroll pos=83,134,30 hp=5104
living id=8267 type=irongolem pos=41,139,30 hp=8300
living id=8268 type=toponovichthezombie pos=12,175,30 hp=5191
living id=8269 type=humethealmightyogre pos=65,88,30 hp=6402
living id=8270 type=infectedzombie pos=181,153,30 hp=2332
living id=8271 type=snickerbladewizard pos=60,57,30 hp=3297
living id=8272 type=snickerbladewizard pos=32,79,30 hp=3401
living id=8273 type=zombie pos=95,32,30 hp=3054
living id=8274 type=firehead pos=96,114,30 hp=2203
living id=8276 type=weretiger pos=24,6,30 hp=6011
living id=8277 type=werewolf pos=86,77,30 hp=1652
living id=8278 type=infectedzombie pos=40,174,30 hp=2795
living id=8279 type=wolfy pos=62,87,30 hp=1759
living id=8280 type=berserkertroll pos=187,105,30 hp=4993
living id=8281 type=werewolf pos=83,160,30 hp=1349
living id=8282 type=nusepthegoblinking pos=29,78,30 hp=2371
living id=8283 type=theburningpet pos=64,93,30 hp=9295
living id=8285 type=draukthehobgoblinking pos=63,64,30 hp=3401
living id=8286 type=werewolf pos=161,121,30 hp=1574
living id=8287 type=humethealmightyogre pos=16,131,30 hp=6817
living id=8288 type=firehead pos=12,172,30 hp=1808
living id=8290 type=nexythesnickeredge pos=167,111,30 hp=2696
living id=8291 type=sikuthewolf pos=169,156,30 hp=2763
living id=8292 type=vampire pos=181,34,30 hp=1320
living id=8293 type=stonegolem pos=134,166,30 hp=6862
living id=8294 type=infectedzombie pos=60,132,30 hp=2910
living id=8295 type=cavetroll pos=63,89,30 hp=2788
living id=8296 type=weretiger pos=179,80,30 hp=6681
living id=8297 type=lustyogre pos=20,39,30 hp=5968
living id=8298 type=firehead pos=168,117,30 hp=1937
living id=8300 type=infectedzombie pos=173,65,30 hp=2820
living id=8301 type=firehead pos=122,88,30 hp=1943
living id=8303 type=wolfy pos=51,50,30 hp=1799
living id=8304 type=sneakyghoul pos=149,110,30 hp=4369
living id=8305 type=blueslime pos=91,31,30 hp=1692
living id=8306 type=stonegolem pos=18,39,30 hp=6672
living id=8307 type=spiderqueen pos=131,59,30 hp=1733
living id=8308 type=nusepthegoblinking pos=82,96,30 hp=2095
living id=8309 type=snickerblade pos=130,85,30 hp=1988
living id=8310 type=ghoul pos=182,154,30 hp=945
living id=8311 type=weretiger pos=67,8,30 hp=7137
living id=8312 type=nexythesnickeredge pos=159,113,30 hp=2296
living id=8313 type=spiderqueen pos=93,86,30 hp=1499
living id=8314 type=snickerblade pos=36,174,30 hp=1955
living id=8315 type=blueslime pos=162,149,30 hp=1882
living id=8316 type=stonetroll pos=154,58,30 hp=6205
living id=8318 type=infectedzombie pos=43,146,30 hp=2528
living id=8319 type=berserkertroll pos=68,42,30 hp=4129
living id=8320 type=evilturtle pos=46,12,30 hp=1970
living id=8321 type=gaskonetheghoul pos=63,174,30 hp=2144
living id=8322 type=nusepthegoblinking pos=123,65,30 hp=2565
living id=8323 type=werewolf pos=86,158,30 hp=1883
living id=8324 type=wolfy pos=12,15,30 hp=1777
living id=8325 type=snickerbladewizard pos=84,116,30 hp=3329
living id=8326 type=stonetroll pos=53,51,30 hp=6302
living id=8328 type=ogre pos=69,144,30 hp=5387
living id=8329 type=berserkertroll pos=21,35,30 hp=4566
living id=8330 type=nexythesnickeredge pos=23,174,30 hp=2433
living id=8331 type=snickerblade pos=82,189,30 hp=2084
living id=8332 type=stonegolem pos=145,185,30 hp=6030
living id=8333 type=sikuthewolf pos=31,174,30 hp=3004
living id=8334 type=stonegolem pos=85,187,30 hp=7119
living id=8335 type=nexythesnickeredge pos=27,156,30 hp=2403
living id=8336 type=zombie pos=17,50,30 hp=2563
living id=8337 type=snickerbladewizard pos=184,123,30 hp=3357
living id=8338 type=sikuthewolf pos=167,93,30 hp=3213
living id=8339 type=evilturtle pos=144,122,30 hp=2032
living id=8340 type=berserkertroll pos=17,180,30 hp=4166
living id=8341 type=ogre pos=31,108,30 hp=5669
living id=8342 type=werewolf pos=151,168,30 hp=1318
living id=8343 type=werewolf pos=90,49,30 hp=1323
living id=8344 type=sikuthewolf pos=170,112,30 hp=2522
living id=8345 type=firehead pos=62,56,30 hp=2203
living id=8347 type=stonetroll pos=130,61,30 hp=6474
living id=8349 type=firehead pos=164,118,30 hp=2200
living id=8351 type=zombie pos=105,114,30 hp=3467
living id=8352 type=ghoul pos=28,128,30 hp=1171
living id=8353 type=gaskonetheghoul pos=100,75,30 hp=2040
living id=8354 type=vampire pos=83,81,30 hp=1304
living id=8355 type=snickerblade pos=31,149,30 hp=1982
living id=8356 type=evilturtle pos=131,137,30 hp=2418
living id=8357 type=nusepthegoblinking pos=108,145,30 hp=2323
living id=8358 type=irongolem pos=165,179,30 hp=7396
living id=8359 type=vampire pos=80,75,30 hp=1094
living id=8360 type=stonetroll pos=117,36,30 hp=5586
living id=8362 type=spiderqueen pos=156,162,30 hp=1561
living id=8363 type=sikuthewolf pos=168,157,30 hp=2984
living id=8364 type=wolfy pos=159,119,30 hp=1709
living id=8365 type=humethealmightyogre pos=109,141,30 hp=6062
living id=8366 type=sikuthewolf pos=132,91,30 hp=2505
living id=8367 type=spiderqueen pos=66,7,30 hp=1833
living id=8368 type=lustyogre pos=185,91,30 hp=5138
living id=8369 type=evilturtle pos=45,39,30 hp=1960
living id=8370 type=toponovichthezombie pos=19,133,30 hp=4271
living id=8371 type=theburningpet pos=60,135,30 hp=10041
living id=8373 type=infectedzombie pos=89,70,30 hp=2682
living id=8374 type=humethealmightyogre pos=90,68,30 hp=5112
living id=8375 type=snickerblade pos=50,164,30 hp=2110
living id=8376 type=werewolf pos=28,126,30 hp=1683
living id=8377 type=vampire pos=31,149,30 hp=1176
living id=8378 type=firehead pos=87,189,30 hp=1877
living id=8380 type=humethealmightyogre pos=93,129,30 hp=5363
living id=8381 type=irongolem pos=69,75,30 hp=9118
living id=8382 type=zombie pos=53,149,30 hp=3552
living id=8383 type=stonetroll pos=180,26,30 hp=6662
living id=8385 type=snickerbladewizard pos=143,179,30 hp=3270
living id=8386 type=snickerbladewizard pos=102,49,30 hp=3358
living id=8387 type=werewolf pos=165,95,30 hp=1446
living id=8388 type=snickerblade pos=172,79,30 hp=1894
living id=8389 type=stonegolem pos=183,157,30 hp=7315
living id=8390 type=snickerbladewizard pos=121,124,30 hp=3262
living id=8391 type=firehead pos=88,78,30 hp=2114
living id=8393 type=nexythesnickeredge pos=96,32,30 hp=3114
living id=8394 type=firehead pos=101,88,30 hp=2018
living id=8396 type=weretiger pos=177,83,30 hp=7024
living id=8397 type=sikuthewolf pos=108,188,30 hp=3192
living id=8398 type=weretiger pos=112,188,30 hp=6658
living id=8399 type=ogre pos=180,157,30 hp=5075
living id=8400 type=berserkertroll pos=34,126,30 hp=3976
living id=8401 type=draukthehobgoblinking pos=105,96,30 hp=3734
living id=8402 type=zombie pos=68,42,30 hp=2874
living id=8403 type=evilturtle pos=32,73,30 hp=2443
living id=8404 type=spiderqueen pos=140,165,30 hp=1682
living id=8405 type=berserkertroll pos=120,18,30 hp=4372
living id=8406 type=vampire pos=61,77,30 hp=1238
living id=8407 type=wolfy pos=54,39,30 hp=1596
living id=8408 type=draukthehobgoblinking pos=143,186,30 hp=3413
living id=8409 type=wolfy pos=64,18,30 hp=1692
living id=8410 type=nusepthegoblinking pos=56,64,30 hp=2212
living id=8411 type=ghoul pos=62,188,30 hp=1145
living id=8412 type=humethealmightyogre pos=28,137,30 hp=5975
living id=8413 type=infectedzombie pos=184,13,30 hp=2709
living id=8414 type=infectedzombie pos=68,41,30 hp=2340
living id=8415 type=nexythesnickeredge pos=131,66,30 hp=2598
living id=8416 type=zombie pos=89,186,30 hp=3153
living id=8417 type=ogre pos=95,44,30 hp=5438
living id=8418 type=lustyogre pos=147,37,30 hp=6716
living id=8419 type=gaskonetheghoul pos=61,115,30 hp=2259
living id=8420 type=snickerbladewizard pos=168,91,30 hp=3305
living id=8421 type=blueslime pos=183,104,30 hp=2097
living id=8422 type=berserkertroll pos=95,163,30 hp=4656
living id=8423 type=irongolem pos=32,74,30 hp=8508
living id=8424 type=sneakyghoul pos=121,90,30 hp=4284
living id=8425 type=cavetroll pos=59,130,30 hp=2794
living id=8426 type=wolfy pos=54,39,30 hp=2069
living id=8427 type=wolfy pos=19,10,30 hp=1617
living id=8428 type=sikuthewolf pos=80,89,30 hp=3242
living id=8429 type=sneakyghoul pos=155,146,30 hp=4434
living id=8430 type=sikuthewolf pos=28,139,30 hp=2395
living id=8431 type=snickerblade pos=140,180,30 hp=1923
living id=8432 type=sikuthewolf pos=184,103,30 hp=3643
living id=8433 type=blueslime pos=184,53,30 hp=2037
living id=8434 type=nusepthegoblinking pos=19,67,30 hp=2462
living id=8435 type=nusepthegoblinking pos=165,62,30 hp=2319
living id=8436 type=draukthehobgoblinking pos=96,44,30 hp=4313
living id=8437 type=stonetroll pos=168,156,30 hp=6396
living id=8439 type=humethealmightyogre pos=32,117,30 hp=5247
living id=8440 type=spiderqueen pos=87,73,30 hp=1503
living id=8441 type=humethealmightyogre pos=71,104,30 hp=5933
living id=8442 type=wolfy pos=102,125,30 hp=1607
living id=8443 type=draukthehobgoblinking pos=186,105,30 hp=2590
living id=8444 type=gaskonetheghoul pos=52,78,30 hp=2099
living id=8445 type=snickerblade pos=146,104,30 hp=2117
living id=8446 type=berserkertroll pos=52,141,30 hp=3996
living id=8447 type=stonegolem pos=161,116,30 hp=6390
living id=8448 type=toponovichthezombie pos=98,187,30 hp=4473
living id=8449 type=blueslime pos=31,107,30 hp=2032
living id=8450 type=irongolem pos=66,164,30 hp=8032
living id=8451 type=snickerblade pos=70,150,30 hp=1968
living id=8452 type=ogre pos=125,161,30 hp=5456
living id=8453 type=ogre pos=182,183,30 hp=5759
living id=8454 type=zombie pos=84,112,30 hp=2893
living id=8455 type=infectedzombie pos=161,57,30 hp=2765
living id=8456 type=wolfy pos=143,187,30 hp=2003
living id=8457 type=draukthehobgoblinking pos=36,97,30 hp=2598
living id=8458 type=nexythesnickeredge pos=140,184,30 hp=2636
living id=8459 type=theburningpet pos=92,176,30 hp=9715
living id=8461 type=gaskonetheghoul pos=84,165,30 hp=2085
living id=8462 type=weretiger pos=62,112,30 hp=5549
living id=8463 type=werewolf pos=84,110,30 hp=1473
living id=8464 type=draukthehobgoblinking pos=95,134,30 hp=4178
living id=8465 type=spiderqueen pos=94,33,30 hp=1601
living id=8466 type=berserkertroll pos=151,13,30 hp=3829
living id=8467 type=snickerbladewizard pos=20,175,30 hp=3343
living id=8468 type=zombie pos=184,27,30 hp=3466
living id=8469 type=ghoul pos=16,38,30 hp=1072
living id=8470 type=snickerblade pos=85,78,30 hp=2179
living id=8471 type=toponovichthezombie pos=63,92,30 hp=5081
living id=8472 type=cavetroll pos=99,126,30 hp=2896
living id=8473 type=lustyogre pos=142,189,30 hp=6624
living id=8474 type=stonegolem pos=39,93,30 hp=7653
living id=8475 type=lustyogre pos=131,66,30 hp=6264
living id=8476 type=wolfy pos=96,50,30 hp=1837
living id=8477 type=ogre pos=191,11,30 hp=5317
living id=8478 type=draukthehobgoblinking pos=31,83,30 hp=4172
living id=8479 type=vampire pos=180,158,30 hp=1231
living id=8480 type=snickerblade pos=120,16,30 hp=2047
living id=8481 type=theburningpet pos=94,57,30 hp=9216
living id=8483 type=evilturtle pos=68,146,30 hp=2193
living id=8484 type=evilturtle pos=86,91,30 hp=2349
living id=8485 type=evilturtle pos=64,132,30 hp=1830
living id=8486 type=stonetroll pos=149,120,30 hp=7450
living id=8488 type=snickerblade pos=183,121,30 hp=1988
living id=8489 type=blueslime pos=100,68,30 hp=1755
living id=8490 type=infectedzombie pos=125,88,30 hp=2721
living id=8491 type=ghoul pos=55,67,30 hp=987
living id=8492 type=spiderqueen pos=126,86,30 hp=1803
living id=8493 type=stonetroll pos=35,41,30 hp=6657
living id=8495 type=sikuthewolf pos=155,57,30 hp=2395
living id=8496 type=cavetroll pos=85,48,30 hp=3040
living id=8497 type=wolfy pos=123,86,30 hp=1668
living id=8498 type=blueslime pos=54,64,30 hp=1958
living id=8499 type=irongolem pos=148,95,30 hp=7766
living id=8500 type=ogre pos=39,70,30 hp=5786
living id=8501 type=theburningpet pos=146,183,30 hp=8022
living id=8503 type=toponovichthezombie pos=86,188,30 hp=4746
living id=8504 type=nusepthegoblinking pos=165,56,30 hp=2344
living id=8505 type=werewolf pos=100,180,30 hp=1812
living id=8506 type=vampire pos=172,70,30 hp=1111
living id=8507 type=cavetroll pos=92,13,30 hp=2702
living id=8508 type=gaskonetheghoul pos=40,138,30 hp=1786
living id=8509 type=werewolf pos=14,146,30 hp=1771
living id=8510 type=ghoul pos=184,52,30 hp=942
living id=8511 type=infectedzombie pos=13,26,30 hp=2201
living id=8512 type=wolfy pos=12,13,30 hp=2074
living id=8513 type=berserkertroll pos=126,167,30 hp=4731
living id=8514 type=infectedzombie pos=98,135,30 hp=2779
living id=8515 type=toponovichthezombie pos=25,149,30 hp=3999
living id=8516 type=nexythesnickeredge pos=62,60,30 hp=2825
living id=8517 type=stonegolem pos=77,131,30 hp=6323
living id=8518 type=ogre pos=123,105,30 hp=4705
living id=8519 type=lustyogre pos=84,163,30 hp=5477
living id=8520 type=vampire pos=147,146,30 hp=1082
living id=8521 type=werewolf pos=41,50,30 hp=1641
living id=8522 type=zombie pos=161,86,30 hp=3266
living id=8523 type=vampire pos=17,45,30 hp=1321
living id=8524 type=evilturtle pos=123,165,30 hp=2471
living id=8525 type=sikuthewolf pos=83,163,30 hp=3410
living id=8526 type=vampire pos=83,170,30 hp=1149
living id=8527 type=ogre pos=151,62,30 hp=4997
living id=8528 type=blueslime pos=66,40,30 hp=1891
living id=8529 type=toponovichthezombie pos=144,42,30 hp=5002
living id=8530 type=firehead pos=95,85,30 hp=2064
living id=8532 type=werewolf pos=117,53,30 hp=1394
living id=8533 type=infectedzombie pos=96,89,30 hp=2795
living id=8534 type=blueslime pos=165,89,30 hp=1735
living id=8535 type=stonetroll pos=182,64,30 hp=5904
living id=8537 type=irongolem pos=22,12,30 hp=7474
living id=8538 type=nexythesnickeredge pos=86,86,30 hp=2507
living id=8539 type=evilturtle pos=110,112,30 hp=2458
living id=8540 type=stonetroll pos=134,161,30 hp=5653
living id=8542 type=gaskonetheghoul pos=63,158,30 hp=2094
living id=8543 type=firehead pos=123,107,30 hp=2189
living id=8545 type=nexythesnickeredge pos=108,189,30 hp=2521
living id=8546 type=werewolf pos=141,178,30 hp=1861
living id=8547 type=zombie pos=22,9,30 hp=3302
living id=8548 type=gaskonetheghoul pos=66,40,30 hp=1707
living id=8549 type=humethealmightyogre pos=172,62,30 hp=4977
living id=8550 type=theburningpet pos=60,80,30 hp=9985
living id=8552 type=sneakyghoul pos=58,128,30 hp=4478
living id=8553 type=zombie pos=30,97,30 hp=2600
living id=8554 type=snickerbladewizard pos=133,64,30 hp=3397
living id=8555 type=gaskonetheghoul pos=32,47,30 hp=2018
living id=8556 type=snickerbladewizard pos=15,19,30 hp=3257
living id=8557 type=stonetroll pos=14,95,30 hp=7370
living id=8559 type=nexythesnickeredge pos=116,170,30 hp=2207
living id=8560 type=werewolf pos=58,182,30 hp=1354
living id=8561 type=draukthehobgoblinking pos=37,97,30 hp=3174
living id=8562 type=sneakyghoul pos=40,103,30 hp=4450
living id=8563 type=sneakyghoul pos=90,162,30 hp=4306
living id=8564 type=wolfy pos=80,94,30 hp=1570
living id=8565 type=theburningpet pos=163,111,30 hp=9045
living id=8567 type=nusepthegoblinking pos=58,53,30 hp=2508
living id=8568 type=humethealmightyogre pos=141,187,30 hp=6184
living id=8569 type=sikuthewolf pos=42,97,30 hp=3005
living id=8570 type=sikuthewolf pos=151,32,30 hp=2576
living id=8571 type=werewolf pos=147,184,30 hp=1370
living id=8572 type=draukthehobgoblinking pos=71,164,30 hp=2722
living id=8573 type=infectedzombie pos=60,54,30 hp=2482
living id=8574 type=cavetroll pos=148,118,30 hp=2749
living id=8575 type=weretiger pos=185,93,30 hp=5845
living id=8576 type=vampire pos=166,111,30 hp=1060
living id=8577 type=lustyogre pos=170,116,30 hp=5132
living id=8578 type=blueslime pos=81,89,30 hp=1863
living id=8579 type=wolfy pos=42,42,30 hp=1569
living id=8580 type=evilturtle pos=160,57,30 hp=2161
living id=8581 type=lustyogre pos=184,62,30 hp=5641
living id=8582 type=cavetroll pos=88,15,30 hp=2999
living id=8583 type=lustyogre pos=161,124,30 hp=5497
living id=8584 type=nexythesnickeredge pos=86,89,30 hp=2623
living id=8585 type=snickerblade pos=96,34,30 hp=1930
living id=8586 type=zombie pos=93,23,30 hp=2718
living id=8587 type=humethealmightyogre pos=147,119,30 hp=5437
living id=8588 type=sneakyghoul pos=94,48,30 hp=4413
living id=8589 type=sneakyghoul pos=73,147,30 hp=4342
living id=8590 type=ghoul pos=19,66,30 hp=1423
living id=8591 type=evilturtle pos=89,72,30 hp=2175
living id=8592 type=berserkertroll pos=184,75,30 hp=4049
living id=8593 type=cavetroll pos=81,125,30 hp=2930
living id=8594 type=gaskonetheghoul pos=32,65,30 hp=1726
living id=8595 type=nusepthegoblinking pos=73,31,30 hp=2500
living id=8596 type=wolfy pos=124,111,30 hp=1876
living id=8597 type=toponovichthezombie pos=34,83,30 hp=4861
living id=8598 type=infectedzombie pos=165,113,30 hp=2785
living id=8599 type=sikuthewolf pos=84,145,30 hp=2597
living id=8600 type=werewolf pos=110,143,30 hp=1776
living id=8601 type=toponovichthezombie pos=62,39,30 hp=4590
living id=8602 type=vampire pos=67,35,30 hp=1172
living id=8603 type=berserkertroll pos=82,109,30 hp=4332
living id=8604 type=sikuthewolf pos=82,185,30 hp=2820
living id=8605 type=humethealmightyogre pos=14,151,30 hp=6676
living id=8606 type=weretiger pos=147,99,30 hp=5669
living id=8607 type=stonetroll pos=83,124,30 hp=7042
living id=8609 type=toponovichthezombie pos=15,157,30 hp=4943
living id=8610 type=weretiger pos=155,163,30 hp=5752
living id=8611 type=humethealmightyogre pos=44,36,30 hp=5603
living id=8612 type=spiderqueen pos=96,62,30 hp=1675
living id=8613 type=sneakyghoul pos=126,165,30 hp=4255
living id=8614 type=snickerbladewizard pos=21,13,30 hp=3298
living id=8615 type=gaskonetheghoul pos=60,66,30 hp=2291
living id=8616 type=nexythesnickeredge pos=105,91,30 hp=2112
living id=8617 type=cavetroll pos=122,93,30 hp=3112
living id=8618 type=draukthehobgoblinking pos=90,39,30 hp=2881
living id=8619 type=snickerblade pos=95,135,30 hp=1769
living id=8620 type=werewolf pos=145,164,30 hp=1697
living id=8621 type=vampire pos=24,146,30 hp=1219
living id=8622 type=sikuthewolf pos=84,90,30 hp=2352
living id=8623 type=theburningpet pos=184,15,30 hp=8499
living id=8625 type=sikuthewolf pos=144,142,30 hp=3187
living id=8626 type=sneakyghoul pos=94,16,30 hp=4260
living id=8627 type=infectedzombie pos=48,168,30 hp=2417
living id=8628 type=humethealmightyogre pos=68,35,30 hp=5500
living id=8629 type=irongolem pos=91,47,30 hp=7600
living id=8630 type=zombie pos=75,140,30 hp=2905
living id=8631 type=nexythesnickeredge pos=186,156,30 hp=2746
living id=8632 type=snickerblade pos=95,48,30 hp=2038
living id=8633 type=werewolf pos=86,167,30 hp=1459
living id=8634 type=snickerblade pos=164,118,30 hp=2059
living id=8635 type=toponovichthezombie pos=77,158,30 hp=3852
living id=8636 type=blueslime pos=32,48,30 hp=1680
living id=8637 type=sikuthewolf pos=15,14,30 hp=3621
living id=8638 type=ghoul pos=18,181,30 hp=1196
living id=8639 type=zombie pos=93,129,30 hp=2835
living id=8640 type=weretiger pos=35,138,30 hp=6490
living id=8641 type=snickerbladewizard pos=20,11,30 hp=3319
living id=8642 type=firehead pos=152,32,30 hp=1974
living id=8644 type=sneakyghoul pos=164,116,30 hp=4518
living id=8645 type=ghoul pos=12,154,30 hp=793
living id=8646 type=snickerbladewizard pos=63,187,30 hp=3335
living id=8647 type=lustyogre pos=26,47,30 hp=6828
living id=8648 type=weretiger pos=56,174,30 hp=5462
living id=8649 type=lustyogre pos=30,116,30 hp=5244
living id=8650 type=snickerbladewizard pos=43,40,30 hp=3395
living id=8651 type=zombie pos=91,70,30 hp=2573
living id=8652 type=gaskonetheghoul pos=64,141,30 hp=1708
living id=8653 type=sikuthewolf pos=86,124,30 hp=3481
living id=8654 type=nusepthegoblinking pos=48,166,30 hp=2047
living id=8655 type=berserkertroll pos=171,93,30 hp=3887
living id=8656 type=lustyogre pos=29,156,30 hp=5859
living id=8657 type=sneakyghoul pos=25,51,30 hp=4477
living id=8658 type=cavetroll pos=99,128,30 hp=2974
living id=8659 type=weretiger pos=91,185,30 hp=6160
living id=8660 type=humethealmightyogre pos=104,61,30 hp=6766
living id=8661 type=ghoul pos=108,183,30 hp=999
living id=8662 type=humethealmightyogre pos=119,15,30 hp=5533
living id=8663 type=blueslime pos=82,80,30 hp=1932
living id=8664 type=vampire pos=149,93,30 hp=1277
living id=8665 type=evilturtle pos=151,17,30 hp=1761
living id=8666 type=irongolem pos=36,130,30 hp=9471
living id=8667 type=vampire pos=85,132,30 hp=1313
living id=8668 type=snickerbladewizard pos=109,186,30 hp=3265
living id=8669 type=vampire pos=17,94,30 hp=1093
living id=8670 type=werewolf pos=29,169,30 hp=1348
living id=8671 type=cavetroll pos=126,86,30 hp=2975
living id=8672 type=wolfy pos=84,77,30 hp=1724
living id=8673 type=zombie pos=174,63,30 hp=3221
living id=8674 type=berserkertroll pos=128,90,30 hp=4714
living id=8675 type=weretiger pos=30,104,30 hp=6694
living id=8676 type=wolfy pos=177,60,30 hp=1926
living id=8677 type=evilturtle pos=144,187,30 hp=1951
living id=8678 type=lustyogre pos=36,133,30 hp=5611
living id=8679 type=zombie pos=180,122,30 hp=3579
living id=8680 type=nusepthegoblinking pos=39,94,30 hp=2086
living id=8681 type=snickerbladewizard pos=94,63,30 hp=3372
living id=8682 type=zombie pos=86,51,30 hp=2753
living id=8683 type=weretiger pos=88,189,30 hp=6101
living id=8684 type=sneakyghoul pos=17,51,30 hp=4388
living id=8685 type=weretiger pos=31,172,30 hp=5808
living id=8686 type=stonetroll pos=87,16,30 hp=6111
living id=8688 type=theburningpet pos=127,138,30 hp=8095
living id=8690 type=cavetroll pos=182,72,30 hp=2951
living id=8691 type=infectedzombie pos=121,88,30 hp=2635
living id=8692 type=ghoul pos=153,9,30 hp=1422
living id=8693 type=spiderqueen pos=13,177,30 hp=1443
living id=8694 type=cavetroll pos=147,44,30 hp=3147
living id=8695 type=gaskonetheghoul pos=168,93,30 hp=2102
living id=8696 type=stonetroll pos=151,166,30 hp=6662
living id=8698 type=cavetroll pos=33,64,30 hp=2934
living id=8699 type=lustyogre pos=97,158,30 hp=6169
living id=8700 type=stonegolem pos=60,61,30 hp=5943
living id=8701 type=toponovichthezombie pos=93,124,30 hp=4923
living id=8702 type=lustyogre pos=131,110,30 hp=5440
living id=8703 type=snickerblade pos=127,63,30 hp=1774
living id=8704 type=snickerblade pos=29,129,30 hp=1690
living id=8705 type=sikuthewolf pos=159,62,30 hp=3217
living id=8706 type=theburningpet pos=86,12,30 hp=8894
living id=8708 type=snickerbladewizard pos=46,97,30 hp=3289
living id=8709 type=sneakyghoul pos=84,95,30 hp=4508
living id=8710 type=berserkertroll pos=135,160,30 hp=4904
living id=8711 type=ghoul pos=150,104,30 hp=1051
living id=8712 type=stonegolem pos=132,165,30 hp=6607
living id=8713 type=theburningpet pos=100,72,30 hp=9338
living id=8715 type=zombie pos=50,12,30 hp=3098
living id=8716 type=sikuthewolf pos=163,148,30 hp=2746
living id=8717 type=snickerblade pos=13,118,30 hp=2020
living id=8718 type=humethealmightyogre pos=147,97,30 hp=5087
living id=8719 type=nusepthegoblinking pos=169,62,30 hp=2320
living id=8720 type=cavetroll pos=125,111,30 hp=2889
living id=8721 type=snickerbladewizard pos=186,29,30 hp=3374
living id=8722 type=sneakyghoul pos=87,68,30 hp=4451
living id=8723 type=weretiger pos=149,97,30 hp=6000
living id=8724 type=weretiger pos=10,15,30 hp=6063
living id=8725 type=zombie pos=85,130,30 hp=3055
living id=8726 type=spiderqueen pos=105,49,30 hp=1540
living id=8727 type=lustyogre pos=87,78,30 hp=5245
living id=8728 type=ogre pos=29,106,30 hp=5616
living id=8729 type=stonetroll pos=32,84,30 hp=6004
living id=8731 type=snickerblade pos=61,187,30 hp=2158
living id=8732 type=weretiger pos=92,96,30 hp=5667
living id=8733 type=vampire pos=130,62,30 hp=1086
living id=8734 type=lustyogre pos=147,128,30 hp=6487
living id=8735 type=sneakyghoul pos=100,177,30 hp=4259
living id=8736 type=cavetroll pos=130,62,30 hp=2969
living id=8737 type=cavetroll pos=87,51,30 hp=3241
living id=8738 type=toponovichthezombie pos=51,78,30 hp=4313
living id=8739 type=nusepthegoblinking pos=102,132,30 hp=1808
living id=8740 type=zombie pos=75,145,30 hp=2614
living id=8741 type=infectedzombie pos=60,67,30 hp=2458
living id=8742 type=vampire pos=29,105,30 hp=1320
living id=8743 type=weretiger pos=153,14,30 hp=5990
living id=8744 type=stonetroll pos=61,66,30 hp=7013
living id=8746 type=infectedzombie pos=88,110,30 hp=2412
living id=8747 type=humethealmightyogre pos=99,61,30 hp=6475
living id=8748 type=firehead pos=184,155,30 hp=1862
living id=8750 type=nusepthegoblinking pos=73,129,30 hp=2591
living id=8751 type=wolfy pos=24,156,30 hp=1830
living id=8752 type=snickerblade pos=92,163,30 hp=1861
living id=8753 type=evilturtle pos=149,189,30 hp=1849
living id=8754 type=berserkertroll pos=132,85,30 hp=4007
living id=8755 type=vampire pos=32,137,30 hp=1320
living id=8756 type=werewolf pos=119,51,30 hp=1732
living id=8757 type=werewolf pos=80,88,30 hp=1491
living id=8758 type=firehead pos=88,49,30 hp=1814
living id=8760 type=nexythesnickeredge pos=61,78,30 hp=3017
living id=8761 type=ogre pos=97,165,30 hp=5233
living id=8762 type=cavetroll pos=41,75,30 hp=3160
living id=8763 type=gaskonetheghoul pos=37,146,30 hp=2196
living id=8764 type=humethealmightyogre pos=183,61,30 hp=6702
living id=8765 type=ogre pos=108,91,30 hp=5143
living id=8766 type=vampire pos=32,11,30 hp=1219
living id=8767 type=firehead pos=180,185,30 hp=2062
living id=8769 type=snickerbladewizard pos=11,16,30 hp=3259
living id=8770 type=sikuthewolf pos=128,90,30 hp=2468
living id=8771 type=weretiger pos=18,70,30 hp=6218
living id=8772 type=theburningpet pos=62,184,30 hp=10028
living id=8774 type=snickerbladewizard pos=181,76,30 hp=3289
living id=8775 type=ghoul pos=61,91,30 hp=1270
living id=8776 type=infectedzombie pos=49,165,30 hp=2539
living id=8777 type=firehead pos=14,43,30 hp=1784
living id=8779 type=firehead pos=99,178,30 hp=2077
living id=8781 type=snickerbladewizard pos=30,169,30 hp=3383
living id=8782 type=blueslime pos=91,174,30 hp=1830
living id=8783 type=snickerblade pos=114,148,30 hp=1814
living id=8784 type=blueslime pos=143,10,30 hp=1661
living id=8785 type=sikuthewolf pos=153,164,30 hp=2845
living id=8786 type=cavetroll pos=184,179,30 hp=3243
living id=8787 type=stonegolem pos=97,32,30 hp=7028
living id=8788 type=evilturtle pos=59,129,30 hp=2421
living id=8789 type=stonetroll pos=183,139,30 hp=5624
living id=8791 type=lustyogre pos=129,90,30 hp=6162
living id=8792 type=vampire pos=100,78,30 hp=1327
living id=8793 type=snickerblade pos=185,103,30 hp=2051
living id=8794 type=wolfy pos=93,43,30 hp=1602
living id=8795 type=sneakyghoul pos=53,39,30 hp=4450
living id=8796 type=snickerbladewizard pos=89,185,30 hp=3346
living id=8797 type=ghoul pos=48,167,30 hp=998
living id=8798 type=evilturtle pos=123,88,30 hp=2445
living id=8799 type=nusepthegoblinking pos=90,40,30 hp=2332
living id=8800 type=humethealmightyogre pos=156,56,30 hp=6305
[TownsCLI] OK zone id=2 type=zdining points=56 operative=true
zone id=4 type=zcarpentry points=100 operative=true
zone id=5 type=zmasonry points=9 operative=true
zone id=6 type=zbakery points=9 operative=true
zone id=7 type=zpersonal points=16 operative=true
zone id=8 type=zpersonal points=16 operative=true
zone id=9 type=zpersonal points=16 operative=true
zone id=10 type=zpersonal points=16 operative=true
zone id=11 type=zpersonal points=12 operative=true
zone id=12 type=zpersonal points=12 operative=true
zone id=13 type=zpersonal points=16 operative=true
zone id=14 type=zpersonal points=12 operative=true
zone id=15 type=zpersonal points=15 operative=true
zone id=16 type=zcarpentry points=25 operative=true
[TownsCLI] OK no tasks
[TownsCLI] OK item id=13064 type=masonbench pos=143,23,13 locked=true
[TownsCLI] OK item id=12992 type=wooddetailer pos=137,25,13 locked=true
[TownsCLI] OK item id=12926 type=carpentrybench pos=135,25,13 locked=true
[TownsCLI] OK order accepted task=cancel-order
[TownsCLI] OK order accepted task=queue-place
[TownsCLI] OK order accepted task=queue-place
[TownsCLI] OK order accepted task=queue-place
[TownsCLI] OK no matching items type=mill
[TownsCLI] OK item id=13378 type=bakertable pos=142,26,13 locked=true
[TownsCLI] OK item id=13509 type=bakeroven pos=143,26,13 locked=true
[TownsCLI] OK date=21/1/1 citizens=7 livings=6764 items=2531 coins=67 view=159,29,13 floors=16 speed=5 paused=false ticks=0
[TownsCLI] OK order accepted task=queue-place
[TownsCLI] OK item id=13767 type=mill pos=139,28,13 locked=true
[TownsCLI] OK item id=9574 type=rmstone pos=158,4,13 locked=false
item id=9589 type=rmstone pos=155,7,13 locked=false
item id=9594 type=rmstone pos=157,7,13 locked=false
item id=9603 type=rmstone pos=157,6,13 locked=false
item id=9624 type=rmstone pos=158,2,13 locked=false
item id=9629 type=rmstone pos=159,3,13 locked=false
[TownsCLI] OK date=22/1/1 citizens=3 livings=6760 items=2511 coins=67 view=151,21,13 floors=16 speed=5 paused=false ticks=0
[TownsCLI] OK date=22/1/1 citizens=3 livings=6760 items=2498 coins=67 view=151,21,13 floors=16 speed=5 paused=false ticks=0
[TownsCLI] OK stockpile id=3 type=rawmaterials points=30 filled=7
stockpile id=4 type=prepfood points=36 filled=6
stockpile id=6 type=rawfood points=36 filled=0
stockpile id=7 type=rawmaterials points=59 filled=50
stockpile id=8 type=prepfood points=17 filled=3
stockpile id=9 type=rawmaterials points=91 filled=81
stockpile id=11 type=rawmaterials points=42 filled=0
[TownsCLI] OK item id=13289 type=apple pos=146,28,13 locked=false
item id=13298 type=apple pos=146,30,13 locked=false
item id=13428 type=apple pos=160,14,13 locked=false
item id=13458 type=apple pos=160,15,13 locked=false
item id=13577 type=apple pos=161,15,13 locked=false
item id=13790 type=apple pos=138,4,13 locked=false
[TownsCLI] OK item id=13382 type=pear pos=159,17,13 locked=false
item id=13473 type=pear pos=160,16,13 locked=false
item id=13651 type=pear pos=159,14,13 locked=false
[TownsCLI] OK no matching items type=wheat
[TownsCLI] OK no matching items type=flour
[TownsCLI] OK item id=13816 type=bread pos=141,24,13 locked=false
[TownsCLI] OK paused=true
[TownsCLI] OK saved bread-verified.zip
[TownsCLI] OK cell=132,10,13 terrain=0 fluidType=0 fluidCount=0 mined=true discovered=true empty=false orders=false patrol=false entity=plantedwheat#13731@132,10,13 item=plantedwheat#13731@132,10,13
[TownsCLI] OK no matching items type=bread
[TownsCLI] OK speed=4
[TownsCLI] OK paused=false
[TownsCLI] OK date=23/1/1 citizens=3 livings=6760 items=2485 coins=67 view=149,17,13 floors=16 speed=4 paused=false ticks=0
[TownsCLI] OK item id=13935 type=wheat pos=138,20,13 locked=false
item id=13944 type=wheat pos=137,18,13 locked=false
[TownsCLI] OK item id=13937 type=flour pos=138,27,13 locked=false
[TownsCLI] OK no matching items type=bread
[TownsCLI] OK date=23/1/1 citizens=3 livings=6760 items=2474 coins=67 view=149,17,13 floors=16 speed=4 paused=false ticks=0
[TownsCLI] OK stockpile id=3 type=rawmaterials points=30 filled=7
stockpile id=4 type=prepfood points=36 filled=0
stockpile id=6 type=rawfood points=36 filled=0
stockpile id=7 type=rawmaterials points=59 filled=50
stockpile id=8 type=prepfood points=17 filled=0
stockpile id=9 type=rawmaterials points=91 filled=81
stockpile id=11 type=rawmaterials points=42 filled=0
[TownsCLI] OK item id=12926 type=carpentrybench pos=135,25,13 locked=true
[TownsCLI] OK item id=12992 type=wooddetailer pos=137,25,13 locked=true
[TownsCLI] OK item id=13064 type=masonbench pos=143,23,13 locked=true
[TownsCLI] OK item id=13767 type=mill pos=139,28,13 locked=true
[TownsCLI] OK item id=13378 type=bakertable pos=142,26,13 locked=true
[TownsCLI] OK item id=13509 type=bakeroven pos=143,26,13 locked=true
[TownsCLI] OK no matching items type=bread
[TownsCLI] OK no matching items type=wheat
[TownsCLI] OK no matching items type=flour
[TownsCLI] OK item id=13988 type=bread pos=141,24,13 locked=false
[TownsCLI] OK no tasks
[TownsCLI] OK saved bread-verified.zip
[TownsCLI] OK paused=true
[TownsCLI] OK date=23/1/1 citizens=3 livings=6760 items=2462 coins=67 view=149,17,13 floors=16 speed=4 paused=true ticks=0
[TownsCLI] OK no matching items type=bread

[Incubating] Problems report is available at: file:///C:/Users/Adyem/Documents/Game_development/OpenTowns/build/reports/problems/problems-report.html

Deprecated Gradle features were used in this build, making it incompatible with Gradle 9.0.

You can use '--warning-mode all' to show the individual deprecation warnings and determine if they come from your own scripts or plugins.

For more on this, please refer to https://docs.gradle.org/8.14.5/userguide/command_line_interface.html#sec:command_line_warnings in the Gradle documentation.

BUILD SUCCESSFUL in 14m 34s
2 actionable tasks: 1 executed, 1 up-to-date
