[TownsCLI] OK date=1/1/1 citizens=11 livings=7364 items=1775 coins=70 view=88,128,11 floors=13 speed=3 paused=false ticks=0
[TownsCLI] OK size=200x200x32 date=1/1/1 citizens=11 livings=7364 items=1775 coins=70 view=88,128,11 floors=13 speed=3 paused=false ticks=0
[TownsCLI] OK living id=9216 type=wildsheep pos=199,92,11 hp=287
living id=9217 type=wildsheep pos=109,151,11 hp=233
living id=9218 type=wildsheep pos=45,196,7 hp=280
living id=9219 type=wildsheep pos=61,5,9 hp=246
living id=9220 type=wildsheep pos=193,19,11 hp=260
living id=9221 type=wildsheep pos=51,121,11 hp=217
living id=9222 type=wildsheep pos=93,178,11 hp=237
living id=9223 type=wildsheep pos=152,50,11 hp=245
living id=9224 type=wildsheep pos=111,157,11 hp=275
living id=9225 type=wildsheep pos=157,37,11 hp=215
living id=9226 type=wildsheep pos=55,105,11 hp=227
living id=9227 type=wildsheep pos=108,31,8 hp=286
living id=9228 type=wildsheep pos=65,1,10 hp=234
living id=9229 type=wildsheep pos=150,164,11 hp=220
living id=9230 type=wildsheep pos=97,171,11 hp=282
living id=9231 type=wildsheep pos=72,157,9 hp=275
living id=9232 type=wildsheep pos=108,181,11 hp=275
living id=9233 type=wildsheep pos=86,7,11 hp=219
living id=9234 type=wildsheep pos=118,116,9 hp=278
living id=9235 type=wildsheep pos=105,160,11 hp=270
living id=9236 type=wildsheep pos=73,28,11 hp=224
living id=9237 type=wildsheep pos=173,71,11 hp=221
living id=9238 type=wildsheep pos=60,16,11 hp=239
living id=9239 type=wildsheep pos=158,92,5 hp=219
living id=9240 type=wildsheep pos=157,62,11 hp=222
living id=9241 type=wildsheep pos=55,124,11 hp=227
living id=9242 type=bull pos=82,194,11 hp=220
living id=9243 type=bull pos=198,24,9 hp=255
living id=9244 type=bull pos=106,187,11 hp=246
living id=9245 type=bull pos=186,69,5 hp=262
living id=9246 type=bull pos=101,33,10 hp=231
living id=9247 type=bull pos=174,46,11 hp=217
living id=9248 type=bull pos=29,22,11 hp=263
living id=9249 type=bull pos=59,157,10 hp=246
living id=9250 type=bull pos=91,177,11 hp=273
living id=9251 type=bull pos=121,197,11 hp=250
living id=9252 type=bull pos=82,197,11 hp=235
living id=9253 type=bull pos=101,151,11 hp=217
living id=9254 type=bull pos=174,28,11 hp=279
living id=9255 type=bull pos=186,39,10 hp=276
living id=9256 type=bull pos=97,183,11 hp=251
living id=9257 type=wildpig pos=29,158,11 hp=193
living id=9258 type=wildpig pos=198,71,9 hp=171
living id=9259 type=wildpig pos=36,103,11 hp=221
living id=9260 type=wildpig pos=164,132,7 hp=203
living id=9261 type=wildpig pos=49,105,11 hp=221
living id=9262 type=wildpig pos=101,171,11 hp=197
living id=9263 type=wildpig pos=100,29,10 hp=172
living id=9264 type=wildpig pos=100,155,11 hp=218
living id=9265 type=wildpig pos=172,43,11 hp=181
living id=9266 type=wildpig pos=131,198,11 hp=178
living id=9267 type=wildpig pos=48,165,7 hp=199
living id=9268 type=wildpig pos=81,24,11 hp=189
living id=9269 type=wildpig pos=79,29,11 hp=186
living id=9270 type=wildpig pos=75,52,11 hp=199
living id=9271 type=wildpig pos=82,41,7 hp=222
living id=9272 type=wildpig pos=62,198,11 hp=203
living id=9273 type=wildpig pos=166,74,11 hp=202
living id=9274 type=wildpig pos=2,147,11 hp=218
living id=9275 type=wildpig pos=39,125,11 hp=202
living id=9276 type=wildpig pos=105,153,11 hp=192
living id=9277 type=wildpig pos=5,130,11 hp=211
living id=9278 type=wildpig pos=64,173,9 hp=208
living id=9279 type=wildpig pos=154,63,11 hp=176
living id=9280 type=wildpig pos=89,161,11 hp=196
living id=9281 type=wildpig pos=101,157,11 hp=189
living id=9282 type=boar pos=19,127,11 hp=211
living id=9283 type=boar pos=93,153,11 hp=227
living id=9284 type=boar pos=101,164,11 hp=188
living id=9285 type=boar pos=156,86,9 hp=219
living id=9286 type=boar pos=24,101,11 hp=191
living id=9287 type=boar pos=3,68,11 hp=192
living id=9288 type=boar pos=20,150,11 hp=192
living id=9289 type=boar pos=73,12,11 hp=228
living id=9290 type=boar pos=135,197,11 hp=182
living id=9291 type=boar pos=113,158,11 hp=227
living id=9292 type=boar pos=9,104,11 hp=226
living id=9293 type=boar pos=151,33,11 hp=222
living id=9294 type=boar pos=22,153,11 hp=228
living id=9295 type=boar pos=1,75,11 hp=202
living id=9296 type=boar pos=5,127,11 hp=182
living id=9297 type=boar pos=43,103,11 hp=212
living id=9298 type=boar pos=66,56,9 hp=183
living id=9299 type=boar pos=84,73,2 hp=183
living id=9300 type=boar pos=199,48,10 hp=226
living id=9301 type=boar pos=132,180,11 hp=227
living id=9302 type=boar pos=93,21,11 hp=221
living id=9303 type=boar pos=187,47,11 hp=219
living id=9304 type=boar pos=8,84,11 hp=222
living id=9305 type=boar pos=121,1,11 hp=211
living id=9306 type=boar pos=51,127,11 hp=223
living id=9307 type=wildskootenbeeten pos=173,121,10 hp=154
living id=9308 type=wildskootenbeeten pos=180,123,8 hp=133
living id=9309 type=wildskootenbeeten pos=183,122,9 hp=158
living id=9310 type=wildskootenbeeten pos=180,134,6 hp=154
living id=9311 type=wildskootenbeeten pos=178,136,6 hp=130
living id=9312 type=bird3 pos=193,137,10 hp=171
living id=9313 type=bird3 pos=153,9,11 hp=183
living id=9314 type=bird5 pos=18,142,11 hp=208
living id=9315 type=bird3 pos=55,144,11 hp=229
living id=9316 type=bird3 pos=85,16,11 hp=175
living id=9317 type=bird4 pos=20,111,11 hp=207
living id=9318 type=bird4 pos=59,188,11 hp=201
living id=9319 type=bird3 pos=87,54,10 hp=217
living id=9320 type=bird2 pos=12,71,11 hp=182
living id=9321 type=bird pos=20,94,11 hp=203
living id=9322 type=bird4 pos=179,13,11 hp=181
living id=9323 type=bird4 pos=79,33,10 hp=213
living id=9324 type=bird4 pos=79,26,11 hp=194
living id=9325 type=bird pos=135,179,11 hp=187
living id=9326 type=bird4 pos=194,54,11 hp=210
living id=9327 type=bird4 pos=37,101,11 hp=200
living id=9328 type=bird3 pos=51,1,9 hp=175
living id=9329 type=bird2 pos=72,176,7 hp=219
living id=9330 type=bird3 pos=48,199,10 hp=180
living id=9331 type=bird4 pos=43,103,11 hp=217
living id=9332 type=bird3 pos=92,85,8 hp=215
living id=9333 type=bird5 pos=44,38,11 hp=228
living id=9334 type=bird3 pos=155,14,11 hp=223
living id=9335 type=bird pos=14,16,11 hp=202
living id=9336 type=bird3 pos=187,12,11 hp=193
living id=9337 type=bird4 pos=44,38,11 hp=224
living id=9338 type=bird4 pos=48,104,11 hp=221
living id=9339 type=bird3 pos=23,178,10 hp=195
living id=9340 type=bird2 pos=106,57,11 hp=197
living id=9341 type=bird2 pos=186,101,11 hp=176
living id=9342 type=bird3 pos=50,128,11 hp=178
living id=9343 type=bird5 pos=38,121,11 hp=174
living id=9344 type=bird pos=10,91,11 hp=225
living id=9345 type=bird pos=103,158,11 hp=218
living id=9346 type=bird3 pos=63,75,11 hp=180
living id=9347 type=bird5 pos=32,99,11 hp=193
living id=9348 type=bird2 pos=109,150,11 hp=209
living id=9349 type=bird2 pos=196,37,7 hp=205
living id=9350 type=bird3 pos=67,7,11 hp=210
living id=9351 type=bird pos=32,159,11 hp=174
living id=9352 type=bird pos=159,33,11 hp=180
living id=9353 type=bird2 pos=151,90,10 hp=219
living id=9354 type=bird4 pos=92,45,7 hp=171
living id=9355 type=bird4 pos=102,22,10 hp=221
living id=9356 type=bird5 pos=186,52,11 hp=206
living id=9357 type=bird3 pos=156,127,10 hp=181
living id=9358 type=bird3 pos=95,44,7 hp=200
living id=9359 type=bird5 pos=84,174,10 hp=210
living id=9360 type=bird2 pos=81,30,11 hp=197
living id=9361 type=bird5 pos=116,181,11 hp=189
living id=9362 type=werepig pos=110,149,10 hp=214
living id=9363 type=werepig pos=167,64,11 hp=229
living id=9364 type=wildbadger pos=131,176,11 hp=174
living id=9365 type=wildbadger pos=15,142,11 hp=173
living id=9366 type=wildbadger pos=169,41,11 hp=216
living id=9367 type=wildbadger pos=16,149,11 hp=226
living id=9368 type=wildbadger pos=51,120,11 hp=220
living id=9369 type=wildbadger pos=99,151,11 hp=229
living id=9370 type=wildbadger pos=126,174,11 hp=181
living id=9371 type=wildbadger pos=25,125,11 hp=205
living id=9372 type=wildbadger pos=31,112,11 hp=204
living id=9373 type=wildbadger pos=190,96,11 hp=177
living id=9374 type=wildbadger pos=188,98,11 hp=212
living id=9375 type=wildbadger pos=17,167,11 hp=176
living id=9376 type=wildbadger pos=65,181,11 hp=206
living id=9377 type=wildbadger pos=150,45,11 hp=188
living id=9378 type=wildbadger pos=99,146,11 hp=182
living id=9379 type=wildbadger pos=121,145,7 hp=203
living id=9380 type=wildbadger pos=160,132,8 hp=172
living id=9381 type=wildbadger pos=85,0,11 hp=191
living id=9382 type=wildbadger pos=75,183,11 hp=206
living id=9383 type=wildbadger pos=177,53,11 hp=216
living id=9384 type=wildbadger pos=178,99,9 hp=203
living id=9385 type=wildbadger pos=27,191,11 hp=190
living id=9386 type=wildbadger pos=185,50,11 hp=200
living id=9387 type=wildbadger pos=174,69,11 hp=190
living id=9388 type=wildbadger pos=75,44,10 hp=218
living id=9389 type=wildbadger pos=197,27,8 hp=224
living id=9390 type=wildbadger pos=0,123,11 hp=197
living id=9391 type=wildbadger pos=37,155,11 hp=180
living id=9392 type=wildbadger pos=100,27,10 hp=198
living id=9393 type=wildbadger pos=159,22,11 hp=190
living id=9394 type=wildbadger pos=21,36,11 hp=202
living id=9395 type=wildbadger pos=194,177,11 hp=191
living id=9396 type=wildbadger pos=42,98,10 hp=180
living id=9397 type=wildbadger pos=22,118,11 hp=223
living id=9398 type=wildbadger pos=16,141,11 hp=219
living id=9399 type=wildbadger pos=63,117,11 hp=194
living id=9400 type=wildbadger pos=11,117,11 hp=194
living id=9401 type=wildbadger pos=7,155,11 hp=201
living id=9402 type=wildbadger pos=112,184,11 hp=199
living id=9403 type=wildbadger pos=63,179,11 hp=188
living id=9404 type=wildbadger pos=88,86,6 hp=225
living id=9405 type=wildbadger pos=185,59,11 hp=179
living id=9406 type=wildbadger pos=83,0,11 hp=185
living id=9407 type=wildbadger pos=57,159,10 hp=223
living id=9408 type=wildbadger pos=170,6,11 hp=221
living id=9409 type=wildbadger pos=93,56,10 hp=194
living id=9410 type=wildbadger pos=82,8,11 hp=204
living id=9411 type=wildbadger pos=64,150,11 hp=218
living id=9412 type=wildbadger pos=17,106,11 hp=196
living id=9413 type=wildbadger pos=12,83,11 hp=202
living id=9414 type=wildchicken pos=191,37,6 hp=158
living id=9415 type=wildchicken pos=34,159,10 hp=156
living id=9416 type=wildchicken pos=142,42,11 hp=172
living id=9417 type=wildchicken pos=54,123,11 hp=136
living id=9418 type=wildchicken pos=167,197,11 hp=168
living id=9419 type=wildchicken pos=156,70,11 hp=133
living id=9420 type=wildchicken pos=162,133,7 hp=164
living id=9421 type=wildchicken pos=78,195,11 hp=132
living id=9422 type=wildchicken pos=83,89,10 hp=147
living id=9423 type=wildchicken pos=196,96,11 hp=138
living id=9424 type=wildchicken pos=91,27,11 hp=170
living id=9425 type=wildchicken pos=10,194,9 hp=147
living id=9426 type=wildchicken pos=63,21,11 hp=155
living id=9427 type=wildchicken pos=91,52,9 hp=134
living id=9428 type=wildchicken pos=46,187,7 hp=151
living id=9429 type=wildchicken pos=49,28,11 hp=144
living id=9430 type=wildchicken pos=60,17,11 hp=166
living id=9431 type=wildchicken pos=20,134,11 hp=139
living id=9432 type=wildchicken pos=194,55,11 hp=158
living id=9433 type=wildchicken pos=62,172,11 hp=168
living id=9434 type=wildchicken pos=2,91,11 hp=148
living id=9435 type=wildchicken pos=40,51,8 hp=140
living id=9436 type=wildchicken pos=154,141,7 hp=135
living id=9437 type=wildchicken pos=61,189,11 hp=162
living id=9438 type=wildchicken pos=15,153,11 hp=159
living id=9439 type=wildchicken pos=151,154,9 hp=140
living id=9440 type=wildchicken pos=23,98,11 hp=161
living id=9441 type=wildchicken pos=157,71,11 hp=158
living id=9442 type=wildchicken pos=184,50,11 hp=129
living id=9443 type=wildchicken pos=17,153,11 hp=149
living id=9444 type=wildchicken pos=44,187,7 hp=160
living id=9445 type=wildchicken pos=86,81,3 hp=132
living id=9446 type=wildchicken pos=70,92,11 hp=152
living id=9447 type=wildchicken pos=167,57,11 hp=131
living id=9448 type=wildchicken pos=68,173,7 hp=144
living id=9449 type=wildchicken pos=102,171,11 hp=140
living id=9450 type=wildchicken pos=75,60,11 hp=149
living id=9451 type=wildchicken pos=156,165,11 hp=159
living id=9452 type=wildchicken pos=160,128,9 hp=146
living id=9453 type=wildchicken pos=160,148,7 hp=163
living id=9454 type=wildchicken pos=197,80,8 hp=170
living id=9455 type=wildchicken pos=75,52,11 hp=158
living id=1776 type=citizenmale5 pos=88,128,11 hp=1895 task=none
living id=9456 type=wildchicken pos=181,45,11 hp=164
living id=1777 type=citizenfemale2 pos=88,128,11 hp=1781 task=none
living id=9457 type=wildchicken pos=106,186,11 hp=156
living id=9458 type=wildchicken pos=87,55,10 hp=154
living id=1778 type=citizenmale6 pos=88,128,11 hp=1701 task=none
living id=9459 type=wildchicken pos=50,198,9 hp=172
living id=1779 type=citizenfemale4 pos=88,128,11 hp=1928 task=none
living id=1780 type=citizenfemale2 pos=88,128,11 hp=1989 task=none
living id=9460 type=wildchicken pos=168,34,11 hp=136
living id=9461 type=wildchicken pos=88,15,11 hp=162
living id=1781 type=citizenmale3 pos=88,128,11 hp=2071 task=none
living id=9462 type=wildchicken pos=27,53,11 hp=165
living id=1782 type=citizenmale3 pos=88,128,11 hp=1989 task=none
living id=9463 type=wildchicken pos=42,184,8 hp=136
living id=1783 type=citizenfemale2 pos=88,128,11 hp=1715 task=none
living id=9464 type=rooster pos=21,162,11 hp=171
living id=1784 type=citizenfemale5 pos=88,128,11 hp=1856 task=none
living id=1785 type=citizenmale6 pos=88,128,11 hp=1820 task=none
living id=9465 type=rooster pos=184,43,11 hp=151
living id=9466 type=rooster pos=65,190,11 hp=134
living id=1786 type=citizenmale6 pos=88,128,11 hp=1752 task=none
living id=9467 type=rooster pos=0,88,11 hp=159
living id=9468 type=rooster pos=198,67,9 hp=157
living id=9469 type=rooster pos=199,3,11 hp=144
living id=9470 type=rooster pos=154,44,11 hp=157
living id=9471 type=rooster pos=143,35,11 hp=153
living id=9472 type=rooster pos=192,29,7 hp=138
living id=9473 type=rooster pos=174,0,11 hp=136
living id=9474 type=rooster pos=176,28,11 hp=147
living id=9475 type=rooster pos=1,83,11 hp=135
living id=9476 type=rooster pos=93,164,11 hp=137
living id=9477 type=rooster pos=52,119,11 hp=161
living id=9478 type=rooster pos=182,101,11 hp=129
living id=9479 type=rooster pos=145,37,11 hp=141
living id=9480 type=rooster pos=138,180,11 hp=161
living id=9481 type=rooster pos=81,59,11 hp=163
living id=9482 type=rooster pos=74,51,11 hp=140
living id=9483 type=rooster pos=84,23,11 hp=155
living id=9484 type=froggy pos=184,105,11 hp=1332
living id=9485 type=froggy pos=187,136,8 hp=1073
living id=9486 type=froggy pos=181,126,7 hp=1117
living id=9487 type=froggy pos=192,107,11 hp=1092
living id=9488 type=froggy pos=180,118,10 hp=1066
living id=9489 type=froggy pos=178,131,7 hp=1109
living id=9490 type=froggy pos=187,124,9 hp=1284
living id=9491 type=toady pos=181,126,7 hp=1727
living id=1971 type=spider pos=84,89,14 hp=701
living id=9172 type=wildcow pos=78,198,11 hp=247
living id=9173 type=wildcow pos=186,96,11 hp=240
living id=9174 type=wildcow pos=117,127,6 hp=266
living id=9175 type=wildcow pos=2,121,11 hp=218
living id=9176 type=wildcow pos=67,121,11 hp=244
living id=9177 type=wildcow pos=85,194,11 hp=252
living id=9178 type=wildcow pos=175,37,11 hp=257
living id=9179 type=wildcow pos=193,2,11 hp=220
living id=9180 type=wildcow pos=59,196,11 hp=242
living id=9181 type=wildcow pos=103,157,11 hp=279
living id=9182 type=wildcow pos=58,198,11 hp=237
living id=9183 type=wildcow pos=119,52,11 hp=216
living id=9184 type=wildcow pos=20,87,11 hp=251
living id=9185 type=wildcow pos=182,29,11 hp=256
living id=9186 type=wildcow pos=4,132,11 hp=233
living id=9187 type=wildcow pos=195,198,9 hp=253
living id=9188 type=wildcow pos=72,192,11 hp=241
living id=9189 type=wildcow pos=17,197,11 hp=283
living id=9190 type=wildcow pos=68,19,11 hp=274
living id=9191 type=wildcow pos=41,111,11 hp=268
living id=9192 type=wildcow pos=71,194,11 hp=249
living id=9193 type=wildcow pos=118,4,11 hp=234
living id=9194 type=wildcow pos=67,185,11 hp=236
living id=9195 type=wildcow pos=37,190,7 hp=215
living id=9196 type=wildcow pos=39,48,9 hp=277
living id=9197 type=wildcow pos=13,146,11 hp=241
living id=9198 type=wildcow pos=80,37,9 hp=223
living id=9199 type=wildcow pos=64,46,10 hp=245
living id=9200 type=wildcow pos=157,48,11 hp=250
living id=9201 type=wildcow pos=94,26,11 hp=254
living id=9202 type=wildcow pos=25,152,11 hp=231
living id=9203 type=wildcow pos=89,67,6 hp=260
living id=9204 type=wildcow pos=2,67,11 hp=264
living id=9205 type=wildcow pos=122,148,8 hp=238
living id=9206 type=wildcow pos=6,174,6 hp=283
living id=9207 type=wildsheep pos=77,31,11 hp=249
living id=9208 type=wildsheep pos=56,197,9 hp=285
living id=4089 type=hobgoblinkaiser pos=116,141,18 hp=1843
living id=9209 type=wildsheep pos=190,191,5 hp=250
living id=9210 type=wildsheep pos=101,37,10 hp=239
living id=9211 type=wildsheep pos=9,111,11 hp=235
living id=9212 type=wildsheep pos=65,174,9 hp=221
living id=9213 type=wildsheep pos=16,152,11 hp=251
living id=9214 type=wildsheep pos=151,36,11 hp=276
living id=9215 type=wildsheep pos=181,52,11 hp=239
living id=1787 type=greenslime pos=162,71,14 hp=778
living id=1788 type=greenslime pos=24,126,14 hp=687
living id=1789 type=spider pos=188,100,14 hp=639
living id=1790 type=greenslime pos=29,148,14 hp=675
living id=1791 type=spider pos=124,66,14 hp=707
living id=1792 type=greenslime pos=77,82,14 hp=632
living id=1793 type=spider pos=96,142,14 hp=739
living id=1794 type=greenslime pos=38,173,14 hp=605
living id=1795 type=spider pos=44,14,14 hp=809
living id=1796 type=spider pos=4,84,14 hp=705
living id=1797 type=spider pos=5,140,14 hp=651
living id=1798 type=greenslime pos=26,16,14 hp=780
living id=1799 type=spider pos=129,29,14 hp=677
living id=1800 type=spider pos=149,13,14 hp=725
living id=1801 type=spider pos=2,33,14 hp=617
living id=1802 type=spider pos=35,109,14 hp=761
living id=1803 type=greenslime pos=36,123,14 hp=702
living id=1804 type=greenslime pos=4,143,14 hp=782
living id=1805 type=greenslime pos=15,178,14 hp=658
living id=1806 type=greenslime pos=46,116,14 hp=663
living id=1807 type=greenslime pos=43,134,14 hp=716
living id=1808 type=greenslime pos=74,100,14 hp=643
living id=1809 type=spider pos=183,198,14 hp=661
living id=1810 type=spider pos=197,38,14 hp=633
living id=1811 type=greenslime pos=13,166,14 hp=607
living id=1812 type=greenslime pos=43,173,14 hp=629
living id=1813 type=greenslime pos=7,180,14 hp=701
living id=1814 type=greenslime pos=186,45,14 hp=643
living id=1815 type=spider pos=1,146,14 hp=771
living id=1816 type=spider pos=78,29,14 hp=788
living id=1817 type=greenslime pos=183,52,14 hp=699
living id=1818 type=spider pos=59,73,14 hp=622
living id=1819 type=spider pos=36,157,14 hp=722
living id=1820 type=spider pos=190,64,14 hp=741
living id=1821 type=greenslime pos=13,94,14 hp=751
living id=1822 type=spider pos=15,98,14 hp=675
living id=1823 type=spider pos=8,182,14 hp=784
living id=1824 type=spider pos=27,14,14 hp=656
living id=1825 type=spider pos=108,25,14 hp=691
living id=1826 type=spider pos=60,180,14 hp=687
living id=1827 type=spider pos=169,47,14 hp=757
living id=1828 type=spider pos=50,49,14 hp=707
living id=1829 type=greenslime pos=49,79,14 hp=599
living id=1830 type=spider pos=63,2,14 hp=722
living id=1831 type=greenslime pos=124,13,14 hp=696
living id=1832 type=spider pos=16,179,14 hp=798
living id=1833 type=greenslime pos=56,59,14 hp=760
living id=1834 type=spider pos=107,41,14 hp=771
living id=1835 type=spider pos=157,162,14 hp=798
living id=1836 type=spider pos=12,140,14 hp=747
living id=1837 type=greenslime pos=75,46,14 hp=637
living id=1838 type=spider pos=47,81,14 hp=650
living id=1839 type=spider pos=97,185,14 hp=611
living id=1840 type=spider pos=133,68,14 hp=730
living id=1841 type=spider pos=183,33,14 hp=693
living id=1842 type=spider pos=78,137,14 hp=773
living id=1843 type=spider pos=147,13,14 hp=675
living id=1844 type=spider pos=48,102,14 hp=786
living id=1845 type=spider pos=11,143,14 hp=722
living id=1846 type=greenslime pos=58,45,14 hp=644
living id=1847 type=greenslime pos=53,25,14 hp=759
living id=1848 type=spider pos=171,192,14 hp=642
living id=1849 type=greenslime pos=12,166,14 hp=798
living id=1850 type=greenslime pos=46,169,14 hp=665
living id=1851 type=greenslime pos=163,166,14 hp=638
living id=1852 type=spider pos=132,1,14 hp=737
living id=1853 type=spider pos=55,38,14 hp=647
living id=1854 type=greenslime pos=93,134,14 hp=792
living id=1855 type=greenslime pos=2,62,14 hp=609
living id=1856 type=greenslime pos=167,36,14 hp=629
living id=1857 type=spider pos=19,194,14 hp=736
living id=1858 type=greenslime pos=62,149,14 hp=653
living id=1859 type=greenslime pos=44,79,14 hp=751
living id=1860 type=spider pos=124,55,14 hp=812
living id=1861 type=greenslime pos=39,77,14 hp=656
living id=1862 type=spider pos=97,43,14 hp=766
living id=1863 type=greenslime pos=51,55,14 hp=598
living id=1864 type=spider pos=189,195,14 hp=796
living id=1865 type=greenslime pos=162,166,14 hp=700
living id=1866 type=spider pos=36,160,14 hp=665
living id=1867 type=greenslime pos=173,170,14 hp=656
living id=1868 type=greenslime pos=188,27,14 hp=614
living id=1869 type=spider pos=39,67,14 hp=690
living id=1870 type=spider pos=83,136,14 hp=687
living id=1871 type=greenslime pos=7,177,14 hp=784
living id=1872 type=spider pos=29,67,14 hp=702
living id=1873 type=greenslime pos=118,63,14 hp=665
living id=1874 type=spider pos=43,104,14 hp=628
living id=1875 type=greenslime pos=97,71,14 hp=788
living id=1876 type=spider pos=43,11,14 hp=694
living id=1877 type=spider pos=39,78,14 hp=642
living id=1878 type=spider pos=31,118,14 hp=799
living id=1879 type=greenslime pos=67,195,14 hp=715
living id=1880 type=greenslime pos=39,77,14 hp=778
living id=1881 type=spider pos=43,167,14 hp=657
living id=1882 type=spider pos=33,132,14 hp=701
living id=1883 type=greenslime pos=78,23,14 hp=600
living id=1884 type=greenslime pos=20,45,14 hp=799
living id=1885 type=spider pos=76,125,14 hp=702
living id=1886 type=spider pos=39,60,14 hp=746
living id=1887 type=spider pos=110,74,14 hp=801
living id=1888 type=greenslime pos=64,17,14 hp=778
living id=1889 type=spider pos=148,14,14 hp=599
living id=1890 type=spider pos=116,197,14 hp=757
living id=1891 type=greenslime pos=60,118,14 hp=604
living id=1892 type=greenslime pos=127,50,14 hp=681
living id=1893 type=greenslime pos=119,43,14 hp=682
living id=1894 type=greenslime pos=65,48,14 hp=651
living id=1895 type=spider pos=183,49,14 hp=811
living id=1896 type=greenslime pos=47,2,14 hp=660
living id=1897 type=greenslime pos=69,187,14 hp=786
living id=1898 type=spider pos=73,136,14 hp=621
living id=1899 type=spider pos=96,69,14 hp=610
living id=1900 type=spider pos=63,19,14 hp=706
living id=1901 type=greenslime pos=112,73,14 hp=662
living id=1902 type=greenslime pos=149,19,14 hp=800
living id=1903 type=spider pos=16,88,14 hp=680
living id=1904 type=greenslime pos=154,161,14 hp=738
living id=1905 type=greenslime pos=181,41,14 hp=786
living id=1906 type=spider pos=24,163,14 hp=673
living id=1907 type=greenslime pos=133,13,14 hp=678
living id=1908 type=greenslime pos=94,141,14 hp=705
living id=1909 type=greenslime pos=146,5,14 hp=646
living id=1910 type=greenslime pos=186,194,14 hp=616
living id=1911 type=greenslime pos=89,161,14 hp=780
living id=1912 type=greenslime pos=157,175,14 hp=675
living id=1913 type=greenslime pos=74,97,14 hp=795
living id=1914 type=spider pos=108,153,14 hp=814
living id=1915 type=spider pos=121,190,14 hp=698
living id=1916 type=spider pos=170,62,14 hp=624
living id=1917 type=spider pos=11,103,14 hp=769
living id=1918 type=greenslime pos=3,164,14 hp=645
living id=1919 type=spider pos=99,15,14 hp=781
living id=1920 type=greenslime pos=140,47,14 hp=695
living id=1921 type=spider pos=131,20,14 hp=761
living id=1922 type=spider pos=89,175,14 hp=682
living id=1923 type=greenslime pos=63,82,14 hp=686
living id=1924 type=greenslime pos=21,13,14 hp=679
living id=1925 type=spider pos=183,183,14 hp=646
living id=1926 type=greenslime pos=90,31,14 hp=642
living id=1927 type=greenslime pos=151,24,14 hp=790
living id=1928 type=greenslime pos=24,130,14 hp=768
living id=1929 type=greenslime pos=125,57,14 hp=795
living id=1930 type=greenslime pos=113,154,14 hp=730
living id=1931 type=greenslime pos=41,175,14 hp=740
living id=1932 type=greenslime pos=153,162,14 hp=711
living id=1933 type=greenslime pos=30,118,14 hp=697
living id=1934 type=greenslime pos=92,136,14 hp=775
living id=1935 type=spider pos=23,194,14 hp=782
living id=1936 type=spider pos=55,111,14 hp=754
living id=1937 type=spider pos=43,73,14 hp=643
living id=1938 type=spider pos=97,42,14 hp=676
living id=1939 type=greenslime pos=153,56,14 hp=659
living id=1940 type=greenslime pos=20,138,14 hp=761
living id=1941 type=greenslime pos=147,34,14 hp=748
living id=1942 type=greenslime pos=191,67,14 hp=610
living id=1943 type=greenslime pos=46,50,14 hp=597
living id=1944 type=greenslime pos=169,7,14 hp=612
living id=1945 type=greenslime pos=173,62,14 hp=804
living id=1946 type=greenslime pos=82,154,14 hp=726
living id=1947 type=greenslime pos=180,187,14 hp=788
living id=1948 type=spider pos=44,134,14 hp=669
living id=1949 type=greenslime pos=177,75,14 hp=601
living id=1950 type=spider pos=139,69,14 hp=818
living id=1951 type=greenslime pos=44,47,14 hp=669
living id=1952 type=spider pos=128,197,14 hp=823
living id=1953 type=spider pos=59,29,14 hp=689
living id=1954 type=spider pos=159,190,14 hp=721
living id=1955 type=spider pos=90,193,14 hp=732
living id=1956 type=greenslime pos=148,15,14 hp=645
living id=1957 type=greenslime pos=14,149,14 hp=714
living id=1958 type=spider pos=190,81,14 hp=823
living id=1959 type=spider pos=174,83,14 hp=599
living id=1960 type=greenslime pos=41,182,14 hp=777
living id=1961 type=greenslime pos=127,194,14 hp=796
living id=1962 type=greenslime pos=3,142,14 hp=667
living id=1963 type=greenslime pos=118,41,14 hp=599
living id=1964 type=greenslime pos=4,60,14 hp=597
living id=1965 type=spider pos=115,16,14 hp=766
living id=1966 type=spider pos=161,46,14 hp=704
living id=1967 type=greenslime pos=56,73,14 hp=737
living id=1968 type=spider pos=88,163,14 hp=605
living id=1969 type=spider pos=59,45,14 hp=757
living id=1970 type=spider pos=30,34,14 hp=723
living id=1972 type=greenslime pos=33,22,14 hp=700
living id=1973 type=greenslime pos=169,183,14 hp=628
living id=1974 type=greenslime pos=171,101,14 hp=655
living id=1975 type=spider pos=22,174,14 hp=798
living id=1976 type=spider pos=102,171,14 hp=801
living id=1977 type=spider pos=184,63,14 hp=815
living id=1978 type=spider pos=108,23,14 hp=640
living id=1979 type=greenslime pos=102,158,14 hp=699
living id=1980 type=spider pos=53,161,14 hp=813
living id=1981 type=greenslime pos=186,50,14 hp=655
living id=1982 type=spider pos=124,49,14 hp=772
living id=1983 type=spider pos=181,186,14 hp=596
living id=1984 type=spider pos=53,59,14 hp=611
living id=1985 type=greenslime pos=71,44,14 hp=660
living id=1986 type=greenslime pos=149,8,14 hp=772
living id=1987 type=spider pos=98,74,14 hp=789
living id=1988 type=greenslime pos=22,46,14 hp=690
living id=1989 type=greenslime pos=112,20,14 hp=717
living id=1990 type=greenslime pos=83,46,14 hp=679
living id=1991 type=greenslime pos=183,198,14 hp=630
living id=1992 type=greenslime pos=39,164,14 hp=664
living id=1993 type=spider pos=140,25,14 hp=815
living id=1994 type=greenslime pos=57,130,14 hp=743
living id=1995 type=greenslime pos=47,67,14 hp=760
living id=1996 type=spider pos=40,137,14 hp=608
living id=1997 type=spider pos=55,172,14 hp=607
living id=1998 type=greenslime pos=152,68,14 hp=744
living id=1999 type=greenslime pos=111,185,14 hp=622
living id=2000 type=greenslime pos=23,82,14 hp=777
living id=2001 type=spider pos=79,185,14 hp=756
living id=2002 type=spider pos=33,53,14 hp=780
living id=2003 type=greenslime pos=158,3,14 hp=670
living id=2004 type=greenslime pos=166,190,14 hp=706
living id=2005 type=greenslime pos=10,169,14 hp=633
living id=2006 type=spider pos=15,162,14 hp=685
living id=2007 type=spider pos=99,75,14 hp=785
living id=2008 type=spider pos=161,51,14 hp=817
living id=2009 type=greenslime pos=152,50,14 hp=707
living id=2010 type=spider pos=2,69,14 hp=613
living id=2011 type=spider pos=35,100,14 hp=755
living id=2012 type=greenslime pos=21,107,14 hp=708
living id=2013 type=greenslime pos=111,146,14 hp=693
living id=2014 type=spider pos=1,69,14 hp=625
living id=2015 type=spider pos=32,161,14 hp=758
living id=2016 type=spider pos=94,146,14 hp=727
living id=2017 type=greenslime pos=170,174,14 hp=728
living id=2018 type=spider pos=151,14,14 hp=802
living id=2019 type=spider pos=71,117,14 hp=818
living id=2020 type=spider pos=57,87,14 hp=800
living id=2021 type=greenslime pos=187,97,14 hp=748
living id=2022 type=spider pos=15,90,14 hp=643
living id=2023 type=spider pos=67,163,14 hp=777
living id=2024 type=spider pos=39,16,14 hp=705
living id=2025 type=spider pos=62,146,14 hp=740
living id=2026 type=greenslime pos=190,36,14 hp=667
living id=2027 type=greenslime pos=2,63,14 hp=787
living id=2028 type=spider pos=17,188,14 hp=798
living id=2029 type=spider pos=97,37,14 hp=626
living id=2030 type=greenslime pos=2,165,14 hp=603
living id=2031 type=spider pos=74,3,14 hp=658
living id=2032 type=greenslime pos=101,155,14 hp=767
living id=2033 type=spider pos=47,5,14 hp=789
living id=2034 type=greenslime pos=125,67,14 hp=757
living id=2035 type=greenslime pos=55,54,14 hp=597
living id=2036 type=greenslime pos=92,136,14 hp=671
living id=2037 type=spider pos=80,14,14 hp=695
living id=2038 type=spider pos=68,165,14 hp=820
living id=2039 type=spider pos=114,187,14 hp=745
living id=2040 type=spider pos=68,179,14 hp=807
living id=2041 type=greenslime pos=70,56,14 hp=746
living id=2042 type=spider pos=9,142,14 hp=689
living id=2043 type=greenslime pos=167,54,14 hp=656
living id=2044 type=greenslime pos=59,117,14 hp=618
living id=2045 type=spider pos=4,66,14 hp=604
living id=2046 type=greenslime pos=34,113,14 hp=619
living id=2047 type=spider pos=179,5,14 hp=608
living id=2048 type=greenslime pos=87,196,14 hp=723
living id=2049 type=greenslime pos=48,131,14 hp=647
living id=2050 type=greenslime pos=140,25,14 hp=675
living id=2051 type=spider pos=67,163,14 hp=693
living id=2052 type=spider pos=14,128,14 hp=720
living id=2053 type=spider pos=191,3,14 hp=670
living id=2054 type=spider pos=33,72,14 hp=766
living id=2055 type=greenslime pos=17,192,14 hp=795
living id=2056 type=spider pos=139,50,14 hp=768
living id=2057 type=greenslime pos=90,69,14 hp=728
living id=2058 type=spider pos=135,179,14 hp=695
living id=2059 type=spider pos=181,184,14 hp=626
living id=2060 type=spider pos=96,184,14 hp=644
living id=2061 type=spider pos=48,114,14 hp=823
living id=2062 type=greenslime pos=4,143,14 hp=687
living id=2063 type=greenslime pos=167,49,14 hp=621
living id=2064 type=greenslime pos=66,140,14 hp=707
living id=2065 type=spider pos=37,22,14 hp=786
living id=2066 type=spider pos=105,7,14 hp=714
living id=2067 type=greenslime pos=95,35,14 hp=803
living id=2068 type=greenslime pos=76,9,14 hp=774
living id=2069 type=greenslime pos=21,37,14 hp=641
living id=2070 type=greenslime pos=113,154,14 hp=625
living id=2071 type=spider pos=129,23,14 hp=804
living id=2072 type=greenslime pos=103,153,14 hp=707
living id=2073 type=spider pos=120,152,14 hp=726
living id=2074 type=spider pos=149,61,14 hp=657
living id=2075 type=greenslime pos=137,194,14 hp=653
living id=2076 type=greenslime pos=81,29,14 hp=683
living id=2077 type=spider pos=154,30,14 hp=696
living id=2078 type=spider pos=41,47,14 hp=603
living id=2079 type=greenslime pos=102,6,14 hp=685
living id=2080 type=greenslime pos=34,105,14 hp=644
living id=2081 type=greenslime pos=159,30,14 hp=602
living id=2082 type=greenslime pos=14,143,14 hp=687
living id=2083 type=greenslime pos=172,71,14 hp=662
living id=2084 type=spider pos=56,159,14 hp=761
living id=2085 type=spider pos=89,178,14 hp=687
living id=2086 type=spider pos=69,89,14 hp=738
living id=2087 type=greenslime pos=34,50,14 hp=668
living id=2088 type=greenslime pos=1,19,14 hp=691
living id=2089 type=greenslime pos=114,52,14 hp=670
living id=2090 type=greenslime pos=119,41,14 hp=713
living id=2091 type=spider pos=118,56,14 hp=712
living id=2092 type=greenslime pos=177,37,14 hp=635
living id=2093 type=greenslime pos=162,166,14 hp=636
living id=2094 type=greenslime pos=69,147,14 hp=717
living id=2095 type=greenslime pos=87,47,14 hp=791
living id=2096 type=greenslime pos=65,161,14 hp=698
living id=2097 type=greenslime pos=170,7,14 hp=791
living id=2098 type=greenslime pos=42,40,14 hp=686
living id=2099 type=greenslime pos=138,15,14 hp=619
living id=2100 type=spider pos=18,48,14 hp=703
living id=2101 type=greenslime pos=61,21,14 hp=709
living id=2102 type=greenslime pos=70,7,14 hp=636
living id=2103 type=greenslime pos=65,116,14 hp=782
living id=2104 type=greenslime pos=45,74,14 hp=714
living id=2105 type=greenslime pos=39,78,14 hp=794
living id=2106 type=greenslime pos=182,13,14 hp=758
living id=2107 type=spider pos=17,190,14 hp=773
living id=2108 type=spider pos=101,157,14 hp=808
living id=2109 type=spider pos=107,41,14 hp=671
living id=2110 type=spider pos=55,19,14 hp=797
living id=2111 type=spider pos=4,146,14 hp=733
living id=2112 type=spider pos=29,165,14 hp=814
living id=2113 type=greenslime pos=153,64,14 hp=739
living id=2114 type=spider pos=20,37,14 hp=761
living id=2115 type=spider pos=171,54,14 hp=645
living id=2116 type=greenslime pos=90,16,14 hp=730
living id=2117 type=spider pos=13,166,14 hp=747
living id=2118 type=spider pos=66,122,14 hp=607
living id=2119 type=greenslime pos=76,66,14 hp=624
living id=2120 type=spider pos=87,48,14 hp=689
living id=2121 type=greenslime pos=172,30,14 hp=629
living id=2122 type=spider pos=59,41,14 hp=649
living id=2123 type=spider pos=36,23,14 hp=636
living id=2124 type=greenslime pos=45,50,14 hp=770
living id=2125 type=greenslime pos=25,155,14 hp=771
living id=2126 type=spider pos=61,158,14 hp=818
living id=2127 type=spider pos=171,79,14 hp=698
living id=2128 type=spider pos=79,11,14 hp=680
living id=2129 type=greenslime pos=133,50,14 hp=726
living id=2130 type=spider pos=177,40,14 hp=649
living id=2131 type=spider pos=47,1,14 hp=740
living id=2132 type=spider pos=154,75,14 hp=674
living id=2133 type=spider pos=19,163,14 hp=639
living id=2134 type=greenslime pos=60,92,14 hp=781
living id=2135 type=greenslime pos=171,71,14 hp=646
living id=2136 type=greenslime pos=167,51,14 hp=626
living id=2137 type=spider pos=35,97,14 hp=790
living id=2138 type=spider pos=113,166,14 hp=812
living id=2139 type=spider pos=87,84,14 hp=648
living id=2140 type=greenslime pos=8,139,14 hp=771
living id=2141 type=greenslime pos=43,16,14 hp=662
living id=2142 type=greenslime pos=18,33,14 hp=766
living id=2143 type=spider pos=25,15,14 hp=694
living id=2144 type=greenslime pos=42,154,14 hp=688
living id=2145 type=spider pos=159,57,14 hp=759
living id=2146 type=spider pos=36,106,14 hp=599
living id=2147 type=spider pos=106,77,14 hp=788
living id=2148 type=greenslime pos=135,185,14 hp=718
living id=2149 type=greenslime pos=169,46,14 hp=686
living id=2150 type=greenslime pos=180,99,14 hp=653
living id=2151 type=spider pos=172,190,14 hp=612
living id=2152 type=spider pos=155,75,14 hp=717
living id=2153 type=greenslime pos=45,58,14 hp=622
living id=2154 type=greenslime pos=68,184,14 hp=732
living id=2155 type=spider pos=177,46,14 hp=810
living id=2156 type=greenslime pos=45,4,14 hp=720
living id=2157 type=greenslime pos=137,30,14 hp=611
living id=2158 type=spider pos=11,117,14 hp=729
living id=2159 type=greenslime pos=79,13,14 hp=735
living id=2160 type=spider pos=56,11,14 hp=711
living id=2161 type=greenslime pos=40,146,14 hp=642
living id=2162 type=greenslime pos=98,41,14 hp=776
living id=2163 type=spider pos=87,166,14 hp=633
living id=2164 type=spider pos=146,16,14 hp=783
living id=2165 type=greenslime pos=96,28,14 hp=672
living id=2166 type=spider pos=132,48,14 hp=671
living id=2167 type=greenslime pos=159,70,14 hp=658
living id=2168 type=spider pos=160,59,14 hp=607
living id=2169 type=greenslime pos=159,178,14 hp=780
living id=2170 type=greenslime pos=43,50,14 hp=747
living id=2171 type=spider pos=126,165,14 hp=611
living id=2172 type=greenslime pos=20,151,14 hp=650
living id=2173 type=greenslime pos=114,18,14 hp=677
living id=2174 type=spider pos=57,46,14 hp=697
living id=2175 type=spider pos=67,167,14 hp=726
living id=2176 type=greenslime pos=89,85,14 hp=753
living id=2177 type=greenslime pos=66,113,14 hp=605
living id=2178 type=spider pos=136,188,14 hp=790
living id=2179 type=greenslime pos=162,191,14 hp=690
living id=2180 type=spider pos=141,17,14 hp=658
living id=2181 type=greenslime pos=13,132,14 hp=742
living id=2182 type=spider pos=152,10,14 hp=813
living id=2183 type=spider pos=57,10,14 hp=655
living id=2184 type=greenslime pos=182,27,14 hp=710
living id=2185 type=spider pos=32,61,14 hp=778
living id=2186 type=greenslime pos=98,2,14 hp=719
living id=2187 type=greenslime pos=107,193,14 hp=627
living id=2188 type=spider pos=40,132,14 hp=789
living id=2189 type=greenslime pos=51,33,14 hp=774
living id=2190 type=greenslime pos=33,41,14 hp=726
living id=2191 type=greenslime pos=37,175,14 hp=616
living id=2192 type=spider pos=171,12,14 hp=719
living id=2193 type=greenslime pos=79,82,14 hp=700
living id=2194 type=spider pos=57,63,14 hp=709
living id=2195 type=greenslime pos=13,182,14 hp=675
living id=2196 type=greenslime pos=198,24,14 hp=791
living id=2197 type=greenslime pos=154,45,14 hp=753
living id=2198 type=spider pos=145,35,14 hp=658
living id=2199 type=greenslime pos=7,69,14 hp=657
living id=2200 type=greenslime pos=24,29,14 hp=758
living id=2201 type=spider pos=137,15,14 hp=779
living id=2202 type=spider pos=162,65,14 hp=598
living id=2203 type=greenslime pos=108,12,14 hp=709
living id=2204 type=greenslime pos=110,73,14 hp=745
living id=2205 type=spider pos=161,170,14 hp=632
living id=2206 type=greenslime pos=96,182,14 hp=715
living id=2207 type=greenslime pos=125,67,14 hp=704
living id=2208 type=greenslime pos=35,96,14 hp=673
living id=2209 type=greenslime pos=72,18,14 hp=661
living id=2210 type=greenslime pos=178,106,14 hp=691
living id=2211 type=greenslime pos=63,92,14 hp=713
living id=2212 type=spider pos=42,69,14 hp=634
living id=2213 type=spider pos=23,182,14 hp=695
living id=2214 type=spider pos=49,73,14 hp=641
living id=2215 type=greenslime pos=17,179,14 hp=701
living id=2216 type=spider pos=53,60,14 hp=780
living id=2217 type=spider pos=122,174,14 hp=737
living id=2218 type=spider pos=38,54,14 hp=747
living id=2219 type=spider pos=121,66,14 hp=611
living id=2220 type=spider pos=9,170,14 hp=725
living id=2221 type=greenslime pos=59,39,14 hp=795
living id=2222 type=greenslime pos=56,189,14 hp=663
living id=2223 type=spider pos=178,191,14 hp=811
living id=2224 type=greenslime pos=117,71,14 hp=736
living id=2225 type=spider pos=18,50,14 hp=741
living id=2226 type=spider pos=92,176,14 hp=723
living id=2227 type=greenslime pos=157,68,14 hp=724
living id=2228 type=greenslime pos=9,97,14 hp=797
living id=2229 type=spider pos=170,43,14 hp=611
living id=2230 type=spider pos=170,44,14 hp=749
living id=2231 type=greenslime pos=175,16,14 hp=628
living id=2232 type=greenslime pos=22,169,14 hp=736
living id=2233 type=spider pos=147,151,14 hp=793
living id=2234 type=greenslime pos=88,62,14 hp=777
living id=2235 type=spider pos=111,74,14 hp=625
living id=2236 type=greenslime pos=98,57,14 hp=704
living id=2237 type=spider pos=123,12,14 hp=677
living id=2238 type=spider pos=28,130,14 hp=636
living id=2239 type=greenslime pos=158,48,14 hp=633
living id=2240 type=spider pos=93,7,14 hp=670
living id=2241 type=greenslime pos=183,104,14 hp=651
living id=2242 type=greenslime pos=57,121,14 hp=711
living id=2243 type=greenslime pos=5,64,14 hp=741
living id=2244 type=greenslime pos=14,158,14 hp=646
living id=2245 type=spider pos=42,57,14 hp=728
living id=2246 type=greenslime pos=147,6,14 hp=668
living id=2247 type=greenslime pos=85,9,14 hp=786
living id=2248 type=greenslime pos=188,29,14 hp=665
living id=2249 type=greenslime pos=22,196,14 hp=674
living id=2250 type=greenslime pos=147,162,14 hp=600
living id=2251 type=greenslime pos=109,8,14 hp=801
living id=2252 type=greenslime pos=177,183,14 hp=614
living id=2253 type=spider pos=173,50,14 hp=677
living id=2254 type=spider pos=15,92,14 hp=694
living id=2255 type=greenslime pos=160,47,14 hp=728
living id=2256 type=greenslime pos=67,112,14 hp=767
living id=2257 type=greenslime pos=2,194,14 hp=750
living id=2258 type=greenslime pos=35,156,14 hp=634
living id=2259 type=greenslime pos=70,139,14 hp=739
living id=2260 type=greenslime pos=192,80,14 hp=747
living id=2261 type=spider pos=2,6,14 hp=790
living id=2262 type=spider pos=35,12,14 hp=668
living id=2263 type=spider pos=171,99,14 hp=640
living id=2264 type=spider pos=73,13,14 hp=648
living id=2265 type=greenslime pos=119,1,14 hp=785
living id=2266 type=greenslime pos=120,54,14 hp=745
living id=2267 type=greenslime pos=165,7,14 hp=634
living id=2268 type=spider pos=63,47,14 hp=741
living id=2269 type=spider pos=181,21,14 hp=641
living id=2270 type=greenslime pos=57,190,14 hp=626
living id=2271 type=spider pos=58,127,14 hp=628
living id=2272 type=greenslime pos=86,155,14 hp=626
living id=2273 type=greenslime pos=10,187,14 hp=647
living id=2274 type=spider pos=14,146,14 hp=602
living id=2275 type=greenslime pos=120,27,14 hp=759
living id=2276 type=greenslime pos=145,20,14 hp=785
living id=2277 type=greenslime pos=147,22,14 hp=661
living id=2278 type=greenslime pos=127,170,14 hp=774
living id=2279 type=greenslime pos=174,102,14 hp=725
living id=2280 type=spider pos=31,34,14 hp=774
living id=2281 type=spider pos=3,60,14 hp=615
living id=2282 type=spider pos=50,141,14 hp=668
living id=2283 type=spider pos=4,56,14 hp=609
living id=2284 type=greenslime pos=134,198,14 hp=671
living id=2285 type=greenslime pos=46,141,14 hp=616
living id=2286 type=spider pos=152,56,14 hp=687
living id=2287 type=greenslime pos=171,170,14 hp=787
living id=2288 type=greenslime pos=10,95,14 hp=654
living id=2289 type=greenslime pos=17,195,14 hp=748
living id=2290 type=greenslime pos=186,84,14 hp=710
living id=2291 type=spider pos=30,37,14 hp=703
living id=2292 type=greenslime pos=164,168,14 hp=746
living id=2293 type=spider pos=57,146,14 hp=803
living id=2294 type=greenslime pos=185,22,14 hp=741
living id=2295 type=greenslime pos=6,114,14 hp=751
living id=2296 type=spider pos=169,92,14 hp=740
living id=2297 type=spider pos=96,70,14 hp=618
living id=2298 type=spider pos=177,39,14 hp=784
living id=2299 type=spider pos=140,146,14 hp=664
living id=2300 type=greenslime pos=19,29,14 hp=692
living id=2301 type=greenslime pos=176,67,14 hp=635
living id=2302 type=spider pos=18,48,14 hp=736
living id=2303 type=greenslime pos=52,59,14 hp=673
living id=2304 type=spider pos=146,11,14 hp=799
living id=2305 type=spider pos=58,110,14 hp=604
living id=2306 type=spider pos=161,3,14 hp=811
living id=2307 type=spider pos=78,71,14 hp=628
living id=2308 type=greenslime pos=48,62,14 hp=765
living id=2309 type=spider pos=82,32,14 hp=679
living id=2310 type=greenslime pos=46,168,14 hp=621
living id=2311 type=greenslime pos=100,49,14 hp=695
living id=2312 type=greenslime pos=87,10,14 hp=642
living id=2313 type=spider pos=170,80,14 hp=671
living id=2314 type=greenslime pos=58,146,14 hp=647
living id=2315 type=greenslime pos=159,180,14 hp=733
living id=2316 type=spider pos=137,47,14 hp=774
living id=2317 type=greenslime pos=54,14,14 hp=794
living id=2318 type=spider pos=53,53,14 hp=798
living id=2319 type=spider pos=6,127,14 hp=616
living id=2320 type=spider pos=165,46,14 hp=696
living id=2321 type=spider pos=49,102,14 hp=628
living id=2322 type=spider pos=123,65,14 hp=741
living id=2323 type=spider pos=113,156,14 hp=748
living id=2324 type=greenslime pos=68,163,14 hp=761
living id=2325 type=greenslime pos=174,13,14 hp=764
living id=2326 type=spider pos=167,4,14 hp=798
living id=2327 type=spider pos=26,157,14 hp=608
living id=2328 type=spider pos=54,187,14 hp=732
living id=2329 type=spider pos=127,48,14 hp=606
living id=2330 type=greenslime pos=197,59,14 hp=647
living id=2331 type=greenslime pos=111,157,14 hp=698
living id=2332 type=spider pos=144,76,14 hp=714
living id=2333 type=spider pos=2,25,14 hp=628
living id=2334 type=greenslime pos=94,75,14 hp=678
living id=2335 type=greenslime pos=72,132,14 hp=704
living id=2336 type=greenslime pos=14,144,14 hp=702
living id=2337 type=greenslime pos=54,138,14 hp=678
living id=2338 type=spider pos=51,16,14 hp=752
living id=2339 type=greenslime pos=49,14,14 hp=667
living id=2340 type=spider pos=63,46,14 hp=611
living id=2341 type=spider pos=56,161,14 hp=618
living id=2342 type=greenslime pos=14,96,14 hp=792
living id=2343 type=spider pos=115,54,14 hp=811
living id=2344 type=greenslime pos=129,45,14 hp=719
living id=2345 type=greenslime pos=187,19,14 hp=640
living id=2346 type=spider pos=134,190,14 hp=680
living id=2347 type=spider pos=41,182,14 hp=766
living id=2348 type=spider pos=21,170,14 hp=708
living id=2349 type=greenslime pos=83,10,14 hp=749
living id=2350 type=spider pos=190,181,14 hp=748
living id=2351 type=greenslime pos=96,140,14 hp=762
living id=2352 type=spider pos=54,58,14 hp=752
living id=2353 type=spider pos=52,112,14 hp=723
living id=2354 type=greenslime pos=197,87,14 hp=615
living id=2355 type=spider pos=55,43,14 hp=743
living id=2356 type=spider pos=125,175,14 hp=691
living id=2357 type=spider pos=121,70,14 hp=675
living id=2358 type=spider pos=147,56,14 hp=671
living id=2359 type=spider pos=34,195,14 hp=689
living id=2360 type=spider pos=2,173,14 hp=702
living id=2361 type=greenslime pos=153,182,14 hp=664
living id=2362 type=spider pos=76,125,14 hp=744
living id=2363 type=greenslime pos=185,65,14 hp=669
living id=2364 type=greenslime pos=119,162,14 hp=792
living id=2365 type=greenslime pos=162,191,14 hp=601
living id=2366 type=spider pos=2,182,14 hp=770
living id=2367 type=spider pos=184,75,14 hp=821
living id=2368 type=spider pos=85,181,14 hp=643
living id=2369 type=greenslime pos=92,35,14 hp=669
living id=2370 type=greenslime pos=30,165,14 hp=717
living id=2371 type=greenslime pos=125,51,14 hp=625
living id=2372 type=greenslime pos=7,176,14 hp=733
living id=2373 type=greenslime pos=182,39,14 hp=765
living id=2374 type=spider pos=23,46,14 hp=611
living id=2375 type=giantspider pos=29,32,14 hp=955
living id=2376 type=giantspider pos=148,149,14 hp=997
living id=2377 type=giantspider pos=4,126,14 hp=1134
living id=2378 type=giantspider pos=186,27,14 hp=905
living id=2379 type=giantspider pos=30,151,14 hp=997
living id=2380 type=giantspider pos=17,188,14 hp=1045
living id=2381 type=giantspider pos=39,115,14 hp=1145
living id=2382 type=giantspider pos=195,40,14 hp=945
living id=2383 type=giantspider pos=47,25,14 hp=1069
living id=2384 type=giantspider pos=79,44,14 hp=1087
living id=2385 type=giantspider pos=174,68,14 hp=923
living id=2386 type=giantspider pos=82,140,14 hp=1142
living id=2387 type=giantspider pos=128,73,14 hp=1023
living id=2388 type=giantspider pos=75,167,14 hp=1131
living id=2389 type=giantspider pos=99,77,14 hp=1039
living id=2390 type=giantspider pos=95,165,14 hp=863
living id=2391 type=giantspider pos=56,112,14 hp=1076
living id=2392 type=giantspider pos=118,53,14 hp=1090
living id=2393 type=giantspider pos=15,143,14 hp=910
living id=2394 type=giantspider pos=7,177,14 hp=1074
living id=2395 type=giantspider pos=14,141,14 hp=1075
living id=2396 type=giantspider pos=177,101,14 hp=928
living id=2397 type=giantspider pos=184,189,14 hp=1082
living id=2398 type=giantspider pos=155,34,14 hp=897
living id=2399 type=giantspider pos=80,33,14 hp=913
living id=2400 type=giantspider pos=105,189,14 hp=925
living id=2401 type=giantspider pos=154,176,14 hp=934
living id=2402 type=giantspider pos=141,193,14 hp=919
living id=2403 type=giantspider pos=115,184,14 hp=958
living id=2404 type=giantspider pos=70,72,14 hp=1034
living id=2405 type=giantspider pos=50,63,14 hp=878
living id=2406 type=giantspider pos=161,75,14 hp=1117
living id=2407 type=giantspider pos=45,24,14 hp=941
living id=2408 type=giantspider pos=56,90,14 hp=1124
living id=2409 type=giantspider pos=108,152,14 hp=1138
living id=2410 type=giantspider pos=102,26,14 hp=899
living id=2411 type=giantspider pos=109,161,14 hp=991
living id=2412 type=giantspider pos=36,93,14 hp=960
living id=2413 type=giantspider pos=180,103,14 hp=936
living id=2414 type=giantspider pos=187,50,14 hp=1124
living id=2415 type=giantspider pos=163,18,14 hp=1054
living id=2416 type=giantspider pos=51,63,14 hp=1137
living id=2417 type=giantspider pos=76,45,14 hp=919
living id=2418 type=giantspider pos=31,30,14 hp=855
living id=2419 type=giantspider pos=15,133,14 hp=1131
living id=2420 type=giantspider pos=56,128,14 hp=943
living id=2421 type=giantspider pos=133,3,14 hp=950
living id=2422 type=giantspider pos=98,150,14 hp=913
living id=2423 type=giantspider pos=133,67,14 hp=875
living id=2424 type=giantspider pos=107,180,14 hp=1147
living id=2425 type=giantspider pos=162,45,14 hp=913
living id=2426 type=giantspider pos=161,25,14 hp=1082
living id=2427 type=giantspider pos=71,45,14 hp=937
living id=2428 type=giantspider pos=64,181,14 hp=1044
living id=2429 type=giantspider pos=60,44,14 hp=1115
living id=2430 type=giantspider pos=88,71,14 hp=914
living id=2431 type=giantspider pos=127,64,14 hp=1101
living id=2432 type=giantspider pos=52,66,14 hp=975
living id=2433 type=giantspider pos=167,91,14 hp=1020
living id=2434 type=giantspider pos=142,44,14 hp=951
living id=2435 type=giantspider pos=77,44,14 hp=860
living id=2436 type=giantspider pos=21,45,14 hp=890
living id=2437 type=giantspider pos=60,28,14 hp=1144
living id=2438 type=giantspider pos=94,28,14 hp=896
living id=2439 type=giantspider pos=51,142,14 hp=1038
living id=2440 type=giantspider pos=60,180,14 hp=1119
living id=2441 type=giantspider pos=64,110,14 hp=1037
living id=2442 type=giantspider pos=198,33,14 hp=1144
living id=2443 type=giantspider pos=131,4,14 hp=1126
living id=2444 type=giantspider pos=182,29,14 hp=1117
living id=2445 type=giantspider pos=166,183,14 hp=956
living id=2446 type=giantspider pos=106,163,14 hp=906
living id=2447 type=giantspider pos=43,45,14 hp=1088
living id=2448 type=giantspider pos=10,177,14 hp=931
living id=2449 type=giantspider pos=63,164,14 hp=1140
living id=2450 type=giantspider pos=32,63,14 hp=1005
living id=2451 type=giantspider pos=69,74,14 hp=1027
living id=2452 type=giantspider pos=56,27,14 hp=857
living id=2453 type=giantspider pos=111,23,14 hp=875
living id=2454 type=giantspider pos=79,166,14 hp=894
living id=2455 type=giantspider pos=2,71,14 hp=1040
living id=2456 type=giantspider pos=160,167,14 hp=1104
living id=2457 type=giantspider pos=106,154,14 hp=1064
living id=2458 type=giantspider pos=172,106,14 hp=938
living id=2459 type=giantspider pos=117,151,14 hp=1011
living id=2460 type=giantspider pos=54,138,14 hp=1042
living id=2461 type=giantspider pos=110,50,14 hp=979
living id=2462 type=giantspider pos=185,59,14 hp=1116
living id=2463 type=giantspider pos=51,67,14 hp=936
living id=2464 type=giantspider pos=73,19,14 hp=893
living id=2465 type=giantspider pos=26,47,14 hp=1106
living id=2466 type=giantspider pos=148,23,14 hp=1144
living id=2467 type=giantspider pos=50,61,14 hp=1078
living id=2468 type=giantspider pos=7,66,14 hp=1087
living id=2469 type=giantspider pos=40,165,14 hp=1133
living id=2470 type=giantspider pos=58,28,14 hp=1130
living id=2471 type=giantspider pos=195,177,14 hp=997
living id=2472 type=giantspider pos=54,76,14 hp=1010
living id=2473 type=giantspider pos=74,46,14 hp=1051
living id=2474 type=giantspider pos=63,84,14 hp=934
living id=2475 type=giantspider pos=77,165,14 hp=900
living id=2476 type=giantspider pos=176,178,14 hp=1133
living id=2477 type=giantspider pos=148,58,14 hp=901
living id=2478 type=giantspider pos=21,36,14 hp=1116
living id=2479 type=giantspider pos=148,12,14 hp=1108
living id=2480 type=giantspider pos=14,89,14 hp=879
living id=2481 type=giantspider pos=150,163,14 hp=942
living id=2482 type=giantspider pos=175,174,14 hp=1094
living id=2483 type=giantspider pos=119,67,14 hp=908
living id=2484 type=giantspider pos=121,16,14 hp=1142
living id=2485 type=giantspider pos=23,20,14 hp=1078
living id=2486 type=giantspider pos=45,114,14 hp=945
living id=2487 type=giantspider pos=164,190,14 hp=1052
living id=2488 type=giantspider pos=189,63,14 hp=1100
living id=2489 type=giantspider pos=185,194,14 hp=1091
living id=2490 type=giantspider pos=157,49,14 hp=863
living id=2491 type=giantspider pos=177,77,14 hp=1043
living id=2492 type=giantspider pos=76,14,14 hp=870
living id=2493 type=giantspider pos=53,31,14 hp=927
living id=2494 type=giantspider pos=119,29,14 hp=934
living id=2495 type=giantspider pos=4,110,14 hp=996
living id=2496 type=giantspider pos=55,132,14 hp=1092
living id=2497 type=giantspider pos=82,21,14 hp=975
living id=2498 type=giantspider pos=161,73,14 hp=950
living id=2499 type=giantspider pos=85,55,14 hp=856
living id=2500 type=giantspider pos=30,39,14 hp=897
living id=2501 type=giantspider pos=131,12,14 hp=866
living id=2502 type=giantspider pos=135,4,14 hp=944
living id=2503 type=giantspider pos=102,142,14 hp=1108
living id=2504 type=giantspider pos=123,167,14 hp=1062
living id=2505 type=giantspider pos=118,25,14 hp=925
living id=2506 type=giantspider pos=70,24,14 hp=1130
living id=2507 type=giantspider pos=70,114,14 hp=1099
living id=2508 type=giantspider pos=159,58,14 hp=924
living id=2509 type=giantspider pos=52,42,14 hp=1121
living id=2510 type=giantspider pos=179,182,14 hp=1082
living id=2511 type=giantspider pos=9,191,14 hp=1128
living id=2512 type=giantspider pos=72,140,14 hp=920
living id=2513 type=giantspider pos=16,145,14 hp=945
living id=2514 type=giantspider pos=51,104,14 hp=962
living id=2515 type=giantspider pos=170,193,14 hp=1093
living id=2516 type=giantspider pos=163,72,14 hp=1047
living id=2517 type=giantspider pos=102,159,14 hp=982
living id=2518 type=giantspider pos=197,184,14 hp=914
living id=2519 type=giantspider pos=113,52,14 hp=914
living id=2520 type=giantspider pos=10,79,14 hp=1004
living id=2521 type=giantspider pos=119,29,14 hp=1133
living id=2522 type=giantspider pos=56,78,14 hp=957
living id=2523 type=spiderqueen pos=72,3,14 hp=1570
living id=2524 type=goblin pos=29,80,16 hp=992
living id=2525 type=goblinleader pos=194,22,16 hp=1897
living id=2526 type=spider pos=55,131,16 hp=798
living id=2527 type=greenslime pos=79,183,16 hp=685
living id=2528 type=greenslime pos=102,148,16 hp=770
living id=2529 type=goblin pos=112,41,16 hp=972
living id=2530 type=spider pos=52,186,16 hp=621
living id=2531 type=spider pos=55,192,16 hp=785
living id=2532 type=redslime pos=46,191,16 hp=985
living id=2533 type=spider pos=49,93,16 hp=656
living id=2534 type=goblinleader pos=25,98,16 hp=1466
living id=2535 type=goblin pos=143,195,16 hp=862
living id=2536 type=goblinleader pos=140,156,16 hp=1735
living id=2537 type=spider pos=38,21,16 hp=700
living id=2538 type=spider pos=120,22,16 hp=642
living id=2539 type=goblin pos=173,80,16 hp=891
living id=2540 type=redslime pos=120,31,16 hp=1061
living id=2541 type=goblinleader pos=190,7,16 hp=1904
living id=2542 type=redslime pos=129,40,16 hp=872
living id=2543 type=goblinleader pos=122,25,16 hp=1641
living id=2544 type=redslime pos=133,149,16 hp=933
living id=2545 type=redslime pos=58,166,16 hp=1111
living id=2546 type=giantspider pos=88,75,16 hp=970
living id=2547 type=greenslime pos=165,77,16 hp=627
living id=2548 type=goblin pos=36,17,16 hp=1053
living id=2549 type=giantspider pos=171,51,16 hp=1006
living id=2550 type=goblin pos=19,48,16 hp=1053
living id=2551 type=greenslime pos=71,98,16 hp=659
living id=2552 type=goblin pos=138,10,16 hp=945
living id=2553 type=goblin pos=40,123,16 hp=1015
living id=2554 type=goblinleader pos=158,159,16 hp=1395
living id=2555 type=greenslime pos=153,21,16 hp=656
living id=2556 type=goblin pos=102,49,16 hp=1131
living id=2557 type=greenslime pos=11,195,16 hp=784
living id=2558 type=goblinleader pos=180,19,16 hp=1955
living id=2559 type=greenslime pos=9,74,16 hp=696
living id=2560 type=spider pos=63,70,16 hp=769
living id=2561 type=goblinleader pos=122,37,16 hp=1603
living id=2562 type=giantspider pos=33,93,16 hp=1124
living id=2563 type=spider pos=53,96,16 hp=666
living id=2564 type=spider pos=115,23,16 hp=661
living id=2565 type=greenslime pos=111,1,16 hp=650
living id=2566 type=goblinleader pos=33,22,16 hp=1924
living id=2567 type=goblinleader pos=100,157,16 hp=1984
living id=2568 type=spider pos=186,178,16 hp=778
living id=2569 type=goblin pos=154,32,16 hp=1033
living id=2570 type=spider pos=100,32,16 hp=818
living id=2571 type=goblinleader pos=57,117,16 hp=1406
living id=2572 type=goblin pos=13,56,16 hp=896
living id=2573 type=goblinleader pos=84,31,16 hp=1662
living id=2574 type=giantspider pos=10,111,16 hp=980
living id=2575 type=goblinleader pos=16,100,16 hp=1752
living id=2576 type=giantspider pos=9,152,16 hp=977
living id=2577 type=redslime pos=112,183,16 hp=953
living id=2578 type=giantspider pos=38,90,16 hp=1047
living id=2579 type=redslime pos=166,177,16 hp=936
living id=2580 type=goblinleader pos=154,25,16 hp=1643
living id=2581 type=goblinleader pos=69,78,16 hp=1715
living id=2582 type=greenslime pos=168,195,16 hp=640
living id=2583 type=spider pos=186,70,16 hp=613
living id=2584 type=goblin pos=77,150,16 hp=875
living id=2585 type=goblinleader pos=59,112,16 hp=1554
living id=2586 type=greenslime pos=79,37,16 hp=678
living id=2587 type=goblinleader pos=176,2,16 hp=1936
living id=2588 type=giantspider pos=75,11,16 hp=882
living id=2589 type=redslime pos=19,101,16 hp=1055
living id=2590 type=giantspider pos=32,12,16 hp=1011
living id=2591 type=goblinleader pos=89,33,16 hp=1547
living id=2592 type=spider pos=142,13,16 hp=619
living id=2593 type=greenslime pos=142,63,16 hp=613
living id=2594 type=spider pos=134,190,16 hp=736
living id=2595 type=giantspider pos=64,88,16 hp=913
living id=2596 type=spider pos=129,35,16 hp=784
living id=2597 type=giantspider pos=139,185,16 hp=888
living id=2598 type=goblinleader pos=114,41,16 hp=1895
living id=2599 type=goblinleader pos=51,94,16 hp=1506
living id=2600 type=spider pos=69,19,16 hp=598
living id=2601 type=greenslime pos=82,62,16 hp=660
living id=2602 type=goblinleader pos=7,190,16 hp=1876
living id=2603 type=spider pos=68,14,16 hp=642
living id=2604 type=giantspider pos=70,73,16 hp=1040
living id=2605 type=goblin pos=86,84,16 hp=1082
living id=2606 type=greenslime pos=121,26,16 hp=736
living id=2607 type=giantspider pos=8,198,16 hp=1103
living id=2608 type=greenslime pos=87,83,16 hp=637
living id=2609 type=spider pos=9,192,16 hp=654
living id=2610 type=greenslime pos=115,26,16 hp=670
living id=2611 type=redslime pos=57,93,16 hp=1096
living id=2612 type=greenslime pos=112,2,16 hp=608
living id=2613 type=giantspider pos=102,184,16 hp=927
living id=2614 type=spider pos=46,82,16 hp=705
living id=2615 type=spider pos=20,79,16 hp=808
living id=2616 type=redslime pos=105,144,16 hp=951
living id=2617 type=spider pos=29,173,16 hp=668
living id=2618 type=giantspider pos=11,195,16 hp=1118
living id=2619 type=giantspider pos=84,26,16 hp=852
living id=2620 type=goblinleader pos=103,39,16 hp=1842
living id=2621 type=spider pos=48,80,16 hp=763
living id=2622 type=goblin pos=9,71,16 hp=900
living id=2623 type=giantspider pos=48,159,16 hp=940
living id=2624 type=goblinleader pos=51,85,16 hp=1541
living id=2625 type=giantspider pos=191,11,16 hp=1133
living id=2626 type=greenslime pos=54,190,16 hp=781
living id=2627 type=goblinleader pos=10,12,16 hp=1876
living id=2628 type=redslime pos=34,87,16 hp=891
living id=2629 type=giantspider pos=101,180,16 hp=1021
living id=2630 type=goblinleader pos=45,81,16 hp=1428
living id=2631 type=greenslime pos=184,83,16 hp=780
living id=2632 type=redslime pos=15,100,16 hp=877
living id=2633 type=spider pos=51,127,16 hp=805
living id=2634 type=goblinleader pos=155,162,16 hp=1424
living id=2635 type=greenslime pos=142,176,16 hp=746
living id=2636 type=giantspider pos=85,9,16 hp=1057
living id=2637 type=redslime pos=6,192,16 hp=1042
living id=2638 type=greenslime pos=115,182,16 hp=799
living id=2639 type=greenslime pos=141,24,16 hp=716
living id=2640 type=greenslime pos=53,171,16 hp=790
living id=2641 type=goblin pos=114,159,16 hp=1016
living id=2642 type=greenslime pos=4,191,16 hp=648
living id=2643 type=goblinleader pos=89,7,16 hp=1482
living id=2644 type=spider pos=118,26,16 hp=645
living id=2645 type=redslime pos=133,191,16 hp=986
living id=2646 type=giantspider pos=13,152,16 hp=895
living id=2647 type=redslime pos=70,42,16 hp=1054
living id=2648 type=goblinleader pos=57,175,16 hp=1757
living id=2649 type=goblinleader pos=79,188,16 hp=1705
living id=2650 type=redslime pos=50,98,16 hp=1056
living id=2651 type=spider pos=170,51,16 hp=803
living id=2652 type=spider pos=89,42,16 hp=726
living id=2653 type=goblinleader pos=10,10,16 hp=1989
living id=2654 type=redslime pos=45,81,16 hp=1036
living id=2655 type=goblin pos=50,134,16 hp=1044
living id=2656 type=goblin pos=85,30,16 hp=955
living id=2657 type=spider pos=115,9,16 hp=613
living id=2658 type=giantspider pos=32,44,16 hp=1021
living id=2659 type=giantspider pos=139,195,16 hp=1086
living id=2660 type=goblinleader pos=118,14,16 hp=2018
living id=2661 type=redslime pos=48,159,16 hp=1096
living id=2662 type=giantspider pos=192,22,16 hp=917
living id=2663 type=giantspider pos=80,40,16 hp=985
living id=2664 type=redslime pos=73,123,16 hp=1135
living id=2665 type=spider pos=69,75,16 hp=779
living id=2666 type=greenslime pos=179,25,16 hp=643
living id=2667 type=goblinleader pos=170,72,16 hp=1605
living id=2668 type=goblin pos=87,65,16 hp=1135
living id=2669 type=goblin pos=46,45,16 hp=1062
living id=2670 type=spider pos=7,196,16 hp=772
living id=2671 type=goblin pos=172,88,16 hp=903
living id=2672 type=redslime pos=144,196,16 hp=955
living id=2673 type=redslime pos=62,73,16 hp=1065
living id=2674 type=goblinleader pos=147,25,16 hp=1687
living id=2675 type=giantspider pos=102,177,16 hp=1043
living id=2676 type=goblinleader pos=144,5,16 hp=1407
living id=2677 type=giantspider pos=69,81,16 hp=1057
living id=2678 type=greenslime pos=97,155,16 hp=675
living id=2679 type=redslime pos=52,163,16 hp=896
living id=2680 type=goblin pos=61,121,16 hp=941
living id=2681 type=goblinleader pos=167,186,16 hp=1578
living id=2682 type=greenslime pos=73,120,16 hp=683
living id=2683 type=goblinleader pos=52,173,16 hp=1601
living id=2684 type=redslime pos=11,52,16 hp=930
living id=2685 type=giantspider pos=8,23,16 hp=1029
living id=2686 type=greenslime pos=167,179,16 hp=717
living id=2687 type=greenslime pos=95,51,16 hp=644
living id=2688 type=spider pos=68,161,16 hp=732
living id=2689 type=greenslime pos=157,48,16 hp=700
living id=2690 type=giantspider pos=164,195,16 hp=1122
living id=2691 type=spider pos=22,119,16 hp=655
living id=2692 type=goblin pos=122,48,16 hp=863
living id=2693 type=spider pos=190,192,16 hp=805
living id=2694 type=goblin pos=73,41,16 hp=1019
living id=2695 type=goblin pos=11,74,16 hp=1063
living id=2696 type=goblin pos=45,36,16 hp=935
living id=2697 type=redslime pos=69,186,16 hp=1035
living id=2698 type=giantspider pos=158,35,16 hp=1027
living id=2699 type=goblinleader pos=75,190,16 hp=1984
living id=2700 type=giantspider pos=122,5,16 hp=1096
living id=2701 type=goblin pos=125,159,16 hp=869
living id=2702 type=spider pos=148,17,16 hp=800
living id=2703 type=giantspider pos=182,26,16 hp=988
living id=2704 type=giantspider pos=6,14,16 hp=1039
living id=2705 type=goblinleader pos=142,13,16 hp=1933
living id=2706 type=goblinleader pos=34,162,16 hp=1819
living id=2707 type=greenslime pos=146,186,16 hp=608
living id=2708 type=greenslime pos=28,177,16 hp=798
living id=2709 type=spider pos=9,113,16 hp=683
living id=2710 type=spider pos=187,72,16 hp=662
living id=2711 type=goblin pos=144,188,16 hp=1030
living id=2712 type=redslime pos=20,194,16 hp=975
living id=2713 type=goblin pos=73,183,16 hp=863
living id=2714 type=goblinleader pos=68,55,16 hp=1825
living id=2715 type=greenslime pos=121,17,16 hp=794
living id=2716 type=greenslime pos=50,135,16 hp=694
living id=2717 type=redslime pos=57,117,16 hp=903
living id=2718 type=redslime pos=169,185,16 hp=992
living id=2719 type=redslime pos=7,162,16 hp=1065
living id=2720 type=goblin pos=38,21,16 hp=1039
living id=2721 type=spider pos=168,195,16 hp=762
living id=2722 type=giantspider pos=144,15,16 hp=1144
living id=2723 type=goblinleader pos=142,12,16 hp=1501
living id=2724 type=spider pos=67,83,16 hp=800
living id=2725 type=goblin pos=54,132,16 hp=865
living id=2726 type=redslime pos=155,34,16 hp=988
living id=2727 type=goblinleader pos=13,21,16 hp=1995
living id=2728 type=greenslime pos=143,196,16 hp=614
living id=2729 type=goblin pos=13,122,16 hp=961
living id=2730 type=spider pos=137,168,16 hp=698
living id=2731 type=spider pos=24,116,16 hp=643
living id=2732 type=greenslime pos=113,65,16 hp=780
living id=2733 type=greenslime pos=69,189,16 hp=598
living id=2734 type=giantspider pos=97,156,16 hp=1116
living id=2735 type=greenslime pos=37,89,16 hp=741
living id=2736 type=spider pos=38,18,16 hp=701
living id=2737 type=goblinleader pos=105,155,16 hp=1566
living id=2738 type=redslime pos=58,138,16 hp=919
living id=2739 type=greenslime pos=13,197,16 hp=651
living id=2740 type=redslime pos=31,48,16 hp=956
living id=2741 type=spider pos=70,118,16 hp=742
living id=2742 type=goblinleader pos=46,36,16 hp=1676
living id=2743 type=giantspider pos=67,185,16 hp=1142
living id=2744 type=goblinleader pos=137,186,16 hp=1578
living id=2745 type=spider pos=28,159,16 hp=607
living id=2746 type=spider pos=110,7,16 hp=795
living id=2747 type=greenslime pos=155,156,16 hp=776
living id=2748 type=goblin pos=178,176,16 hp=909
living id=2749 type=spider pos=131,175,16 hp=763
living id=2750 type=greenslime pos=86,59,16 hp=740
living id=2751 type=spider pos=44,170,16 hp=625
living id=2752 type=redslime pos=167,73,16 hp=914
living id=2753 type=giantspider pos=88,29,16 hp=1117
living id=2754 type=greenslime pos=79,91,16 hp=673
living id=2755 type=greenslime pos=76,180,16 hp=674
living id=2756 type=goblinleader pos=146,17,16 hp=1640
living id=2757 type=goblin pos=95,160,16 hp=1121
living id=2758 type=spider pos=169,89,16 hp=604
living id=2759 type=greenslime pos=95,176,16 hp=789
living id=2760 type=goblin pos=62,150,16 hp=1069
living id=2761 type=giantspider pos=154,22,16 hp=962
living id=2762 type=goblin pos=60,117,16 hp=975
living id=2763 type=greenslime pos=144,180,16 hp=785
living id=2764 type=redslime pos=62,78,16 hp=931
living id=2765 type=redslime pos=73,187,16 hp=1046
living id=2766 type=goblin pos=134,186,16 hp=1076
living id=2767 type=goblinleader pos=24,173,16 hp=2007
living id=2768 type=giantspider pos=187,46,16 hp=891
living id=2769 type=spider pos=66,115,16 hp=600
living id=2770 type=goblinleader pos=62,69,16 hp=1530
living id=2771 type=goblinleader pos=84,62,16 hp=1496
living id=2772 type=giantspider pos=149,24,16 hp=1105
living id=2773 type=greenslime pos=76,121,16 hp=801
living id=2774 type=goblin pos=7,159,16 hp=1069
living id=2775 type=redslime pos=88,79,16 hp=1109
living id=2776 type=greenslime pos=135,45,16 hp=764
living id=2777 type=greenslime pos=162,178,16 hp=788
living id=2778 type=redslime pos=87,30,16 hp=1143
living id=2779 type=goblinleader pos=19,62,16 hp=1459
living id=2780 type=goblin pos=114,59,16 hp=860
living id=2781 type=redslime pos=39,85,16 hp=952
living id=2782 type=giantspider pos=32,65,16 hp=1118
living id=2783 type=goblinleader pos=75,195,16 hp=1913
living id=2784 type=giantspider pos=78,186,16 hp=1138
living id=2785 type=greenslime pos=12,51,16 hp=657
living id=2786 type=redslime pos=175,50,16 hp=935
living id=2787 type=redslime pos=45,156,16 hp=983
living id=2788 type=redslime pos=177,45,16 hp=1027
living id=2789 type=spider pos=191,100,16 hp=713
living id=2790 type=giantspider pos=64,117,16 hp=1059
living id=2791 type=redslime pos=62,89,16 hp=918
living id=2792 type=spider pos=140,151,16 hp=731
living id=2793 type=goblin pos=137,149,16 hp=983
living id=2794 type=greenslime pos=28,194,16 hp=800
living id=2795 type=giantspider pos=33,80,16 hp=1102
living id=2796 type=spider pos=42,23,16 hp=658
living id=2797 type=greenslime pos=40,74,16 hp=708
living id=2798 type=spider pos=31,132,16 hp=706
living id=2799 type=greenslime pos=11,134,16 hp=619
living id=2800 type=giantspider pos=47,124,16 hp=960
living id=2801 type=spider pos=27,127,16 hp=708
living id=2802 type=spider pos=167,28,16 hp=695
living id=2803 type=goblin pos=58,93,16 hp=1054
living id=2804 type=goblinleader pos=90,59,16 hp=1714
living id=2805 type=greenslime pos=16,98,16 hp=676
living id=2806 type=goblin pos=46,95,16 hp=1041
living id=2807 type=redslime pos=64,36,16 hp=935
living id=2808 type=goblin pos=57,118,16 hp=961
living id=2809 type=spider pos=43,192,16 hp=625
living id=2810 type=giantspider pos=140,163,16 hp=1027
living id=2811 type=spider pos=40,20,16 hp=655
living id=2812 type=goblinleader pos=51,103,16 hp=1957
living id=2813 type=goblinleader pos=18,44,16 hp=1757
living id=2814 type=goblin pos=117,4,16 hp=1103
living id=2815 type=goblin pos=33,78,16 hp=895
living id=2816 type=spider pos=141,188,16 hp=769
living id=2817 type=spider pos=102,155,16 hp=824
living id=2818 type=goblinleader pos=57,119,16 hp=1676
living id=2819 type=greenslime pos=23,173,16 hp=612
living id=2820 type=goblin pos=64,82,16 hp=1072
living id=2821 type=greenslime pos=8,72,16 hp=691
living id=2822 type=greenslime pos=115,0,16 hp=616
living id=2823 type=redslime pos=16,23,16 hp=994
living id=2824 type=goblinleader pos=64,113,16 hp=1452
living id=2825 type=goblinleader pos=17,161,16 hp=1597
living id=2826 type=spider pos=192,73,16 hp=619
living id=2827 type=goblinleader pos=35,45,16 hp=1742
living id=2828 type=redslime pos=26,148,16 hp=1029
living id=2829 type=spider pos=181,11,16 hp=717
living id=2830 type=redslime pos=116,49,16 hp=1111
living id=2831 type=spider pos=9,117,16 hp=744
living id=2832 type=goblin pos=50,132,16 hp=1052
living id=2833 type=redslime pos=83,60,16 hp=981
living id=2834 type=goblinleader pos=165,174,16 hp=1573
living id=2835 type=goblin pos=158,45,16 hp=1093
living id=2836 type=redslime pos=121,0,16 hp=881
living id=2837 type=spider pos=118,46,16 hp=755
living id=2838 type=giantspider pos=113,176,16 hp=975
living id=2839 type=giantspider pos=119,42,16 hp=1119
living id=2840 type=redslime pos=15,155,16 hp=891
living id=2841 type=redslime pos=49,73,16 hp=1047
living id=2842 type=greenslime pos=112,172,16 hp=666
living id=2843 type=redslime pos=93,63,16 hp=920
living id=2844 type=redslime pos=192,178,16 hp=1055
living id=2845 type=spider pos=84,49,16 hp=664
living id=2846 type=goblinleader pos=117,22,16 hp=1952
living id=2847 type=goblin pos=63,124,16 hp=918
living id=2848 type=goblinleader pos=4,158,16 hp=1654
living id=2849 type=greenslime pos=147,16,16 hp=735
living id=2850 type=goblinleader pos=115,36,16 hp=1536
living id=2851 type=giantspider pos=113,17,16 hp=1066
living id=2852 type=goblinleader pos=52,80,16 hp=1950
living id=2853 type=giantspider pos=77,185,16 hp=914
living id=2854 type=redslime pos=134,51,16 hp=1000
living id=2855 type=goblinleader pos=187,103,16 hp=1824
living id=2856 type=giantspider pos=35,47,16 hp=996
living id=2857 type=redslime pos=12,49,16 hp=886
living id=2858 type=goblin pos=135,50,16 hp=1051
living id=2859 type=giantspider pos=145,184,16 hp=1089
living id=2860 type=goblin pos=48,157,16 hp=909
living id=2861 type=greenslime pos=173,75,16 hp=624
living id=2862 type=goblin pos=99,164,16 hp=1069
living id=2863 type=goblin pos=121,5,16 hp=1022
living id=2864 type=spider pos=98,64,16 hp=813
living id=2865 type=goblin pos=112,10,16 hp=948
living id=2866 type=spider pos=49,137,16 hp=730
living id=2867 type=greenslime pos=134,44,16 hp=780
living id=2868 type=redslime pos=156,157,16 hp=1003
living id=2869 type=goblinleader pos=9,112,16 hp=1967
living id=2870 type=goblin pos=137,56,16 hp=949
living id=2871 type=giantspider pos=45,77,16 hp=1050
living id=2872 type=spider pos=89,25,16 hp=638
living id=2873 type=greenslime pos=46,81,16 hp=609
living id=2874 type=goblin pos=91,77,16 hp=1056
living id=2875 type=giantspider pos=100,25,16 hp=945
living id=2876 type=goblin pos=59,120,16 hp=946
living id=2877 type=goblinleader pos=170,26,16 hp=1463
living id=2878 type=goblin pos=19,101,16 hp=1073
living id=2879 type=giantspider pos=150,18,16 hp=1039
living id=2880 type=goblinleader pos=23,94,16 hp=1501
living id=2881 type=redslime pos=9,103,16 hp=1029
living id=2882 type=redslime pos=67,188,16 hp=1122
living id=2883 type=greenslime pos=4,158,16 hp=718
living id=2884 type=redslime pos=67,194,16 hp=1112
living id=2885 type=redslime pos=127,39,16 hp=913
living id=2886 type=spider pos=21,77,16 hp=822
living id=2887 type=goblinleader pos=60,90,16 hp=1555
living id=2888 type=redslime pos=195,28,16 hp=933
living id=2889 type=greenslime pos=196,43,16 hp=678
living id=2890 type=giantspider pos=197,47,16 hp=1126
living id=2891 type=goblinleader pos=72,15,16 hp=1837
living id=2892 type=goblin pos=75,98,16 hp=1118
living id=2893 type=spider pos=196,37,16 hp=676
living id=2894 type=spider pos=3,190,16 hp=717
living id=2895 type=spider pos=68,172,16 hp=717
living id=2896 type=greenslime pos=194,23,16 hp=762
living id=2897 type=spider pos=146,23,16 hp=654
living id=2898 type=greenslime pos=178,3,16 hp=716
living id=2899 type=redslime pos=41,84,16 hp=1077
living id=2900 type=redslime pos=111,14,16 hp=1129
living id=2901 type=giantspider pos=180,46,16 hp=1148
living id=2902 type=goblin pos=195,176,16 hp=918
living id=2903 type=goblinleader pos=73,91,16 hp=1396
living id=2904 type=goblinleader pos=122,39,16 hp=1461
living id=2905 type=redslime pos=112,177,16 hp=1099
living id=2906 type=redslime pos=80,39,16 hp=969
living id=2907 type=goblin pos=101,161,16 hp=915
living id=2908 type=greenslime pos=177,8,16 hp=767
living id=2909 type=giantspider pos=61,95,16 hp=1001
living id=2910 type=spider pos=52,75,16 hp=683
living id=2911 type=goblinleader pos=38,161,16 hp=1873
living id=2912 type=redslime pos=137,182,16 hp=1064
living id=2913 type=spider pos=108,6,16 hp=647
living id=2914 type=goblinleader pos=57,89,16 hp=1541
living id=2915 type=goblinleader pos=173,80,16 hp=1947
living id=2916 type=greenslime pos=154,26,16 hp=784
living id=2917 type=goblinleader pos=107,144,16 hp=2000
living id=2918 type=goblin pos=41,36,16 hp=1041
living id=2919 type=redslime pos=39,125,16 hp=1051
living id=2920 type=giantspider pos=192,19,16 hp=1132
living id=2921 type=greenslime pos=102,178,16 hp=765
living id=2922 type=redslime pos=120,27,16 hp=1069
living id=2923 type=goblin pos=132,176,16 hp=941
living id=2924 type=greenslime pos=75,183,16 hp=728
living id=2925 type=redslime pos=184,192,16 hp=1082
living id=2926 type=redslime pos=48,99,16 hp=935
living id=2927 type=goblinleader pos=64,38,16 hp=1588
living id=2928 type=redslime pos=194,14,16 hp=1073
living id=2929 type=greenslime pos=177,42,16 hp=638
living id=2930 type=redslime pos=115,182,16 hp=960
living id=2931 type=spider pos=80,50,16 hp=780
living id=2932 type=spider pos=120,25,16 hp=824
living id=2933 type=goblin pos=172,188,16 hp=851
living id=2934 type=redslime pos=164,29,16 hp=1079
living id=2935 type=redslime pos=44,184,16 hp=885
living id=2936 type=goblin pos=119,52,16 hp=1117
living id=2937 type=greenslime pos=136,163,16 hp=729
living id=2938 type=greenslime pos=70,80,16 hp=724
living id=2939 type=spider pos=12,154,16 hp=776
living id=2940 type=giantspider pos=196,100,16 hp=1037
living id=2941 type=giantspider pos=134,151,16 hp=1086
living id=2942 type=redslime pos=11,101,16 hp=883
living id=2943 type=redslime pos=51,131,16 hp=992
living id=2944 type=giantspider pos=58,127,16 hp=918
living id=2945 type=goblinleader pos=42,121,16 hp=1570
living id=2946 type=spider pos=64,82,16 hp=684
living id=2947 type=greenslime pos=176,50,16 hp=681
living id=2948 type=giantspider pos=121,34,16 hp=897
living id=2949 type=giantspider pos=52,82,16 hp=1138
living id=2950 type=greenslime pos=114,26,16 hp=722
living id=2951 type=redslime pos=136,51,16 hp=890
living id=2952 type=spider pos=32,13,16 hp=631
living id=2953 type=redslime pos=182,76,16 hp=991
living id=2954 type=greenslime pos=142,161,16 hp=755
living id=2955 type=goblinleader pos=38,127,16 hp=1586
living id=2956 type=redslime pos=138,152,16 hp=1085
living id=2957 type=spider pos=9,119,16 hp=639
living id=2958 type=goblinleader pos=70,91,16 hp=1575
living id=2959 type=greenslime pos=70,76,16 hp=659
living id=2960 type=redslime pos=159,164,16 hp=1112
living id=2961 type=redslime pos=91,60,16 hp=869
living id=2962 type=goblin pos=184,82,16 hp=993
living id=2963 type=goblinleader pos=39,24,16 hp=1428
living id=2964 type=spider pos=181,2,16 hp=804
living id=2965 type=greenslime pos=35,76,16 hp=753
living id=2966 type=goblin pos=142,22,16 hp=908
living id=2967 type=goblin pos=187,77,16 hp=1108
living id=2968 type=goblinleader pos=70,75,16 hp=1644
living id=2969 type=redslime pos=97,180,16 hp=902
living id=2970 type=goblin pos=42,14,16 hp=1017
living id=2971 type=giantspider pos=143,178,16 hp=1126
living id=2972 type=goblinleader pos=190,7,16 hp=1976
living id=2973 type=goblin pos=7,159,16 hp=1145
living id=2974 type=redslime pos=85,24,16 hp=1102
living id=2975 type=goblin pos=34,90,16 hp=1054
living id=2976 type=greenslime pos=134,151,16 hp=608
living id=2977 type=greenslime pos=88,80,16 hp=758
living id=2978 type=goblin pos=43,75,16 hp=974
living id=2979 type=redslime pos=117,1,16 hp=987
living id=2980 type=goblin pos=85,22,16 hp=1004
living id=2981 type=spider pos=131,35,16 hp=805
living id=2982 type=greenslime pos=172,189,16 hp=792
living id=2983 type=giantspider pos=121,9,16 hp=987
living id=2984 type=goblin pos=165,89,16 hp=1041
living id=2985 type=spider pos=103,53,16 hp=605
living id=2986 type=spider pos=169,184,16 hp=624
living id=2987 type=redslime pos=138,150,16 hp=945
living id=2988 type=goblinleader pos=55,128,16 hp=1457
living id=2989 type=goblinleader pos=7,76,16 hp=1725
living id=2990 type=goblinleader pos=27,104,16 hp=1771
living id=2991 type=spider pos=138,149,16 hp=648
living id=2992 type=goblinleader pos=89,63,16 hp=1427
living id=2993 type=giantspider pos=83,178,16 hp=1066
living id=2994 type=goblin pos=25,193,16 hp=1076
living id=2995 type=redslime pos=189,179,16 hp=908
living id=2996 type=greenslime pos=32,20,16 hp=671
living id=2997 type=goblin pos=37,23,16 hp=941
living id=2998 type=goblinleader pos=37,20,16 hp=1632
living id=2999 type=redslime pos=74,122,16 hp=1114
living id=3000 type=giantspider pos=43,36,16 hp=1058
living id=3001 type=goblin pos=88,81,16 hp=1121
living id=3002 type=redslime pos=84,63,16 hp=902
living id=3003 type=spider pos=182,79,16 hp=730
living id=3004 type=greenslime pos=89,52,16 hp=726
living id=3005 type=redslime pos=171,65,16 hp=1027
living id=3006 type=goblin pos=111,172,16 hp=935
living id=3007 type=giantspider pos=72,190,16 hp=1137
living id=3008 type=giantspider pos=33,91,16 hp=1080
living id=3009 type=giantspider pos=173,196,16 hp=978
living id=3010 type=giantspider pos=37,93,16 hp=1094
living id=3011 type=goblinleader pos=83,22,16 hp=1677
living id=3012 type=greenslime pos=11,146,16 hp=693
living id=3013 type=goblin pos=106,18,16 hp=867
living id=3014 type=goblinleader pos=42,37,16 hp=1800
living id=3015 type=greenslime pos=99,141,16 hp=657
living id=3016 type=goblin pos=182,75,16 hp=1081
living id=3017 type=goblinleader pos=18,42,16 hp=1616
living id=3018 type=giantspider pos=57,114,16 hp=922
living id=3019 type=greenslime pos=72,122,16 hp=636
living id=3020 type=spider pos=56,133,16 hp=633
living id=3021 type=giantspider pos=90,59,16 hp=1044
living id=3022 type=spider pos=28,104,16 hp=754
living id=3023 type=goblin pos=110,37,16 hp=994
living id=3024 type=giantspider pos=192,103,16 hp=1128
living id=3025 type=spider pos=160,30,16 hp=675
living id=3026 type=goblin pos=171,46,16 hp=855
living id=3027 type=spider pos=47,81,16 hp=774
living id=3028 type=redslime pos=29,193,16 hp=852
living id=3029 type=giantspider pos=53,166,16 hp=884
living id=3030 type=giantspider pos=77,195,16 hp=1040
living id=3031 type=goblinleader pos=146,14,16 hp=1836
living id=3032 type=goblin pos=136,175,16 hp=1006
living id=3033 type=goblin pos=27,147,16 hp=932
living id=3034 type=spider pos=193,72,16 hp=691
living id=3035 type=greenslime pos=131,156,16 hp=762
living id=3036 type=greenslime pos=188,92,16 hp=629
living id=3037 type=goblin pos=146,196,16 hp=1106
living id=3038 type=giantspider pos=99,154,16 hp=1016
living id=3039 type=redslime pos=166,174,16 hp=1042
living id=3040 type=redslime pos=198,45,16 hp=1009
living id=3041 type=greenslime pos=196,44,16 hp=737
living id=3042 type=spider pos=191,27,16 hp=767
living id=3043 type=greenslime pos=95,64,16 hp=709
living id=3044 type=spider pos=67,110,16 hp=696
living id=3045 type=redslime pos=169,25,16 hp=1095
living id=3046 type=spider pos=42,125,16 hp=780
living id=3047 type=greenslime pos=102,174,16 hp=714
living id=3048 type=goblin pos=75,191,16 hp=1060
living id=3049 type=spider pos=159,164,16 hp=712
living id=3050 type=goblin pos=32,142,16 hp=898
living id=3051 type=goblinleader pos=144,19,16 hp=1551
living id=3052 type=goblin pos=52,84,16 hp=903
living id=3053 type=spider pos=191,79,16 hp=808
living id=3054 type=greenslime pos=124,7,16 hp=776
living id=3055 type=giantspider pos=156,181,16 hp=896
living id=3056 type=greenslime pos=74,125,16 hp=748
living id=3057 type=redslime pos=70,35,16 hp=1079
living id=3058 type=spider pos=171,57,16 hp=790
living id=3059 type=goblinleader pos=45,94,16 hp=1812
living id=3060 type=goblin pos=70,189,16 hp=938
living id=3061 type=goblin pos=61,76,16 hp=1018
living id=3062 type=spider pos=33,159,16 hp=766
living id=3063 type=goblinleader pos=128,66,16 hp=1433
living id=3064 type=giantspider pos=43,83,16 hp=1016
living id=3065 type=giantspider pos=71,152,16 hp=1022
living id=3066 type=spider pos=63,72,16 hp=781
living id=3067 type=goblinleader pos=12,40,16 hp=1589
living id=3068 type=goblinleader pos=54,191,16 hp=2011
living id=3069 type=goblinleader pos=115,3,16 hp=1900
living id=3070 type=greenslime pos=118,38,16 hp=685
living id=3071 type=spider pos=118,22,16 hp=691
living id=3072 type=greenslime pos=108,148,16 hp=800
living id=3073 type=goblinleader pos=54,96,16 hp=1829
living id=3074 type=goblin pos=94,150,16 hp=1041
living id=3075 type=spider pos=64,38,16 hp=822
living id=3076 type=spider pos=113,169,16 hp=754
living id=3077 type=greenslime pos=189,190,16 hp=733
living id=3078 type=redslime pos=136,154,16 hp=927
living id=3079 type=goblin pos=7,24,16 hp=972
living id=3080 type=goblinleader pos=101,6,16 hp=1595
living id=3081 type=greenslime pos=188,72,16 hp=679
living id=3082 type=goblinleader pos=184,81,16 hp=1488
living id=3083 type=spider pos=12,11,16 hp=687
living id=3084 type=giantspider pos=28,144,16 hp=974
living id=3085 type=giantspider pos=158,54,16 hp=890
living id=3086 type=goblinleader pos=79,57,16 hp=1662
living id=3087 type=goblinleader pos=153,178,16 hp=1599
living id=3088 type=giantspider pos=30,62,16 hp=1034
living id=3089 type=redslime pos=170,27,16 hp=1134
living id=3090 type=redslime pos=189,76,16 hp=894
living id=3091 type=redslime pos=68,192,16 hp=1047
living id=3092 type=goblinleader pos=86,9,16 hp=1451
living id=3093 type=goblinleader pos=39,15,16 hp=1508
living id=3094 type=giantspider pos=110,16,16 hp=1069
living id=3095 type=giantspider pos=124,159,16 hp=961
living id=3096 type=goblinleader pos=87,151,16 hp=1595
living id=3097 type=redslime pos=143,195,16 hp=1086
living id=3098 type=goblinleader pos=145,189,16 hp=1584
living id=3099 type=giantspider pos=92,52,16 hp=1106
living id=3100 type=spider pos=171,77,16 hp=795
living id=3101 type=greenslime pos=116,12,16 hp=755
living id=3102 type=greenslime pos=192,100,16 hp=683
living id=3103 type=redslime pos=40,79,16 hp=1000
living id=3104 type=giantspider pos=155,182,16 hp=973
living id=3105 type=goblin pos=68,69,16 hp=1128
living id=3106 type=goblinleader pos=163,28,16 hp=1709
living id=3107 type=spider pos=36,22,16 hp=695
living id=3108 type=spider pos=67,39,16 hp=639
living id=3109 type=greenslime pos=192,12,16 hp=697
living id=3110 type=goblin pos=44,192,16 hp=890
living id=3111 type=goblinleader pos=153,15,16 hp=1485
living id=3112 type=giantspider pos=148,24,16 hp=1125
living id=3113 type=spider pos=195,102,16 hp=769
living id=3114 type=giantspider pos=169,29,16 hp=1056
living id=3115 type=greenslime pos=167,188,16 hp=649
living id=3116 type=greenslime pos=170,92,16 hp=721
living id=3117 type=goblinleader pos=9,111,16 hp=1783
living id=3118 type=redslime pos=67,193,16 hp=985
living id=3119 type=giantspider pos=168,198,16 hp=901
living id=3120 type=greenslime pos=33,42,16 hp=746
living id=3121 type=spider pos=140,11,16 hp=646
living id=3122 type=redslime pos=135,163,16 hp=1084
living id=3123 type=goblin pos=85,150,16 hp=946
living id=3124 type=giantspider pos=102,175,16 hp=990
living id=3125 type=spider pos=172,192,16 hp=623
living id=3126 type=spider pos=55,162,16 hp=752
living id=3127 type=greenslime pos=179,177,16 hp=754
living id=3128 type=giantspider pos=168,72,16 hp=929
living id=3129 type=redslime pos=162,30,16 hp=1014
living id=3130 type=greenslime pos=33,90,16 hp=661
living id=3131 type=goblinleader pos=65,77,16 hp=1989
living id=3132 type=greenslime pos=59,88,16 hp=682
living id=3133 type=goblin pos=72,186,16 hp=1055
living id=3134 type=goblinleader pos=197,39,16 hp=1821
living id=3135 type=giantspider pos=40,24,16 hp=1082
living id=3136 type=greenslime pos=13,71,16 hp=609
living id=3137 type=redslime pos=132,17,16 hp=1095
living id=3138 type=spider pos=127,51,16 hp=721
living id=3139 type=greenslime pos=45,65,16 hp=793
living id=3140 type=goblin pos=195,43,16 hp=1081
living id=3141 type=giantspider pos=196,36,16 hp=1126
living id=3142 type=goblin pos=193,83,16 hp=1016
living id=3143 type=spider pos=156,189,16 hp=619
living id=3144 type=giantspider pos=41,120,16 hp=1099
living id=3145 type=goblinleader pos=79,181,16 hp=1470
living id=3146 type=greenslime pos=84,150,16 hp=766
living id=3147 type=goblin pos=121,43,16 hp=974
living id=3148 type=redslime pos=34,116,16 hp=949
living id=3149 type=goblinleader pos=11,140,16 hp=1797
living id=3150 type=spider pos=38,18,16 hp=797
living id=3151 type=goblin pos=57,109,16 hp=948
living id=3152 type=goblin pos=165,81,16 hp=1028
living id=3153 type=redslime pos=61,152,16 hp=892
living id=3154 type=giantspider pos=46,165,16 hp=1056
living id=3155 type=redslime pos=193,74,16 hp=1009
living id=3156 type=giantspider pos=46,93,16 hp=1052
living id=3157 type=greenslime pos=48,101,16 hp=622
living id=3158 type=goblinleader pos=54,95,16 hp=1582
living id=3159 type=greenslime pos=27,132,16 hp=665
living id=3160 type=giantspider pos=12,75,16 hp=887
living id=3161 type=redslime pos=161,54,16 hp=1125
living id=3162 type=goblin pos=172,51,16 hp=900
living id=3163 type=goblin pos=141,24,16 hp=979
living id=3164 type=greenslime pos=73,13,16 hp=630
living id=3165 type=giantspider pos=110,9,16 hp=931
living id=3166 type=giantspider pos=180,13,16 hp=1124
living id=3167 type=redslime pos=97,183,16 hp=853
living id=3168 type=redslime pos=14,196,16 hp=1074
living id=3169 type=giantspider pos=144,9,16 hp=1065
living id=3170 type=giantspider pos=151,162,16 hp=910
living id=3171 type=spider pos=99,141,16 hp=657
living id=3172 type=spider pos=182,22,16 hp=764
living id=3173 type=giantspider pos=142,0,16 hp=1146
living id=3174 type=greenslime pos=166,175,16 hp=626
living id=3175 type=goblin pos=98,176,16 hp=944
living id=3176 type=goblinleader pos=47,162,16 hp=1815
living id=3177 type=goblinleader pos=142,190,16 hp=1675
living id=3178 type=goblinleader pos=103,60,16 hp=1563
living id=3179 type=spider pos=23,94,16 hp=645
living id=3180 type=goblinleader pos=124,25,16 hp=1985
living id=3181 type=redslime pos=96,151,16 hp=936
living id=3182 type=spider pos=31,45,16 hp=601
living id=3183 type=goblinleader pos=30,83,16 hp=1794
living id=3184 type=greenslime pos=27,104,16 hp=675
living id=3185 type=goblinleader pos=83,176,16 hp=1767
living id=3186 type=redslime pos=60,110,16 hp=1005
living id=3187 type=redslime pos=65,114,16 hp=945
living id=3188 type=goblinleader pos=1,190,16 hp=1450
living id=3189 type=spider pos=167,79,16 hp=764
living id=3190 type=greenslime pos=113,7,16 hp=627
living id=3191 type=spider pos=12,23,16 hp=627
living id=3192 type=goblin pos=172,71,16 hp=1075
living id=3193 type=spider pos=187,103,16 hp=792
living id=3194 type=goblinleader pos=105,157,16 hp=1945
living id=3195 type=goblin pos=70,123,16 hp=1117
living id=3196 type=giantspider pos=85,178,16 hp=951
living id=3197 type=greenslime pos=50,133,16 hp=652
living id=3198 type=spider pos=182,189,16 hp=744
living id=3199 type=giantspider pos=119,11,16 hp=1079
living id=3200 type=spider pos=16,99,16 hp=654
living id=3201 type=giantspider pos=104,55,16 hp=892
living id=3202 type=giantspider pos=38,116,16 hp=1132
living id=3203 type=goblin pos=120,1,16 hp=1032
living id=3204 type=goblin pos=53,95,16 hp=922
living id=3205 type=greenslime pos=115,59,16 hp=716
living id=3206 type=giantspider pos=41,17,16 hp=1041
living id=3207 type=spider pos=143,9,16 hp=693
living id=3208 type=greenslime pos=118,35,16 hp=606
living id=3209 type=giantspider pos=113,4,16 hp=911
living id=3210 type=greenslime pos=64,83,16 hp=675
living id=3211 type=redslime pos=87,29,16 hp=915
living id=3212 type=spider pos=105,6,16 hp=737
living id=3213 type=goblin pos=167,79,16 hp=927
living id=3214 type=goblinleader pos=34,44,16 hp=1659
living id=3215 type=redslime pos=173,178,16 hp=1055
living id=3216 type=goblinleader pos=76,122,16 hp=1556
living id=3217 type=spider pos=107,143,16 hp=753
living id=3218 type=spider pos=109,159,16 hp=723
living id=3219 type=goblin pos=124,5,16 hp=875
living id=3220 type=greenslime pos=115,56,16 hp=714
living id=3221 type=goblin pos=140,158,16 hp=1004
living id=3222 type=greenslime pos=153,182,16 hp=765
living id=3223 type=greenslime pos=153,14,16 hp=675
living id=3224 type=greenslime pos=89,47,16 hp=759
living id=3225 type=giantspider pos=169,197,16 hp=909
living id=3226 type=redslime pos=115,36,16 hp=1042
living id=3227 type=goblinleader pos=18,115,16 hp=1872
living id=3228 type=greenslime pos=56,166,16 hp=724
living id=3229 type=goblin pos=31,45,16 hp=991
living id=3230 type=giantspider pos=81,61,16 hp=937
living id=3231 type=redslime pos=99,162,16 hp=951
living id=3232 type=spider pos=172,198,16 hp=644
living id=3233 type=giantspider pos=27,131,16 hp=920
living id=3234 type=goblinleader pos=13,158,16 hp=1604
living id=3235 type=goblin pos=15,100,16 hp=896
living id=3236 type=greenslime pos=150,40,16 hp=714
living id=3237 type=giantspider pos=115,10,16 hp=891
living id=3238 type=greenslime pos=191,188,16 hp=644
living id=3239 type=goblinleader pos=19,75,16 hp=1391
living id=3240 type=goblin pos=114,173,16 hp=1147
living id=3241 type=redslime pos=48,72,16 hp=904
living id=3242 type=goblinleader pos=114,182,16 hp=1828
living id=3243 type=goblin pos=170,36,16 hp=1050
living id=3244 type=greenslime pos=169,77,16 hp=725
living id=3245 type=goblin pos=104,6,16 hp=1111
living id=3246 type=giantspider pos=178,50,16 hp=987
living id=3247 type=goblin pos=45,47,16 hp=1020
living id=3248 type=greenslime pos=85,3,16 hp=680
living id=3249 type=redslime pos=25,119,16 hp=873
living id=3250 type=goblin pos=162,31,16 hp=953
living id=3251 type=greenslime pos=82,123,16 hp=688
living id=3252 type=greenslime pos=53,104,16 hp=634
living id=3253 type=giantspider pos=40,158,16 hp=1131
living id=3254 type=redslime pos=117,22,16 hp=963
living id=3255 type=greenslime pos=92,52,16 hp=797
living id=3256 type=giantspider pos=71,126,16 hp=1063
living id=3257 type=goblinleader pos=193,49,16 hp=1873
living id=3258 type=goblinleader pos=52,78,16 hp=1475
living id=3259 type=greenslime pos=64,154,16 hp=739
living id=3260 type=giantspider pos=162,164,16 hp=969
living id=3261 type=spider pos=30,163,16 hp=738
living id=3262 type=goblin pos=27,123,16 hp=960
living id=3263 type=greenslime pos=154,175,16 hp=712
living id=3264 type=giantspider pos=155,25,16 hp=989
living id=3265 type=spider pos=169,74,16 hp=712
living id=3266 type=goblinleader pos=39,83,16 hp=1941
living id=3267 type=greenslime pos=122,46,16 hp=733
living id=3268 type=goblin pos=148,27,16 hp=1001
living id=3269 type=spider pos=37,24,16 hp=811
living id=3270 type=giantspider pos=176,178,16 hp=878
living id=3271 type=redslime pos=172,174,16 hp=1008
living id=3272 type=redslime pos=124,39,16 hp=1091
living id=3273 type=goblinleader pos=165,84,16 hp=1744
living id=3274 type=greenslime pos=172,75,16 hp=605
living id=3275 type=goblin pos=6,17,16 hp=1071
living id=3276 type=redslime pos=41,85,16 hp=855
living id=3277 type=greenslime pos=99,166,16 hp=628
living id=3278 type=giantspider pos=52,81,16 hp=1082
living id=3279 type=greenslime pos=88,62,16 hp=653
living id=3280 type=goblinleader pos=133,148,16 hp=1877
living id=3281 type=giantspider pos=9,161,16 hp=901
living id=3282 type=spider pos=172,91,16 hp=722
living id=3283 type=giantspider pos=14,99,16 hp=851
living id=3284 type=giantspider pos=6,75,16 hp=1122
living id=3285 type=giantspider pos=133,47,16 hp=942
living id=3286 type=redslime pos=113,56,16 hp=904
living id=3287 type=giantspider pos=86,9,16 hp=1021
living id=3288 type=spider pos=112,8,16 hp=760
living id=3289 type=greenslime pos=187,102,16 hp=664
living id=3290 type=spider pos=160,178,16 hp=666
living id=3291 type=goblin pos=9,195,16 hp=1122
living id=3292 type=goblin pos=47,100,16 hp=1131
living id=3293 type=greenslime pos=75,119,16 hp=689
living id=3294 type=greenslime pos=17,20,16 hp=769
living id=3295 type=giantspider pos=128,51,16 hp=857
living id=3296 type=goblinleader pos=3,193,16 hp=2013
living id=3297 type=goblin pos=5,197,16 hp=901
living id=3298 type=giantspider pos=21,119,16 hp=1070
living id=3299 type=redslime pos=194,99,16 hp=883
living id=3300 type=redslime pos=193,48,16 hp=1009
living id=3301 type=goblinleader pos=188,77,16 hp=1707
living id=3302 type=greenslime pos=70,119,16 hp=603
living id=3303 type=giantspider pos=180,22,16 hp=858
living id=3304 type=greenslime pos=85,27,16 hp=703
living id=3305 type=spider pos=13,99,16 hp=782
living id=3306 type=goblinleader pos=138,161,16 hp=1931
living id=3307 type=redslime pos=118,159,16 hp=928
living id=3308 type=spider pos=11,102,16 hp=822
living id=3309 type=goblin pos=28,157,16 hp=917
living id=3310 type=giantspider pos=133,190,16 hp=1018
living id=3311 type=goblin pos=171,49,16 hp=1004
living id=3312 type=goblin pos=110,1,16 hp=1052
living id=3313 type=goblin pos=28,193,16 hp=1020
living id=3314 type=greenslime pos=40,12,16 hp=792
living id=3315 type=spider pos=133,39,16 hp=625
living id=3316 type=giantspider pos=55,187,16 hp=1042
living id=3317 type=redslime pos=100,55,16 hp=863
living id=3318 type=giantspider pos=53,171,16 hp=1127
living id=3319 type=redslime pos=12,29,16 hp=1034
living id=3320 type=goblinleader pos=41,79,16 hp=1949
living id=3321 type=spider pos=32,83,16 hp=704
living id=3322 type=redslime pos=80,50,16 hp=1105
living id=3323 type=goblinleader pos=113,180,16 hp=1942
living id=3324 type=nusepthegoblinking pos=178,22,16 hp=1916
living id=3325 type=goblinleader pos=150,178,18 hp=1850
living id=3326 type=giantspider pos=112,153,18 hp=1030
living id=3327 type=goblinleader pos=55,168,18 hp=1920
living id=3328 type=hobgoblinkaiser pos=155,186,18 hp=1910
living id=3329 type=redslime pos=21,94,18 hp=1104
living id=3330 type=goblinleader pos=150,50,18 hp=1958
living id=3331 type=hobgoblinkaiser pos=180,82,18 hp=1765
living id=3332 type=hobgoblin pos=109,150,18 hp=2018
living id=3333 type=redslime pos=73,11,18 hp=1110
living id=3334 type=hobgoblin pos=89,149,18 hp=1660
living id=3335 type=hobgoblinkaiser pos=57,86,18 hp=2255
living id=3336 type=hobgoblinkaiser pos=20,26,18 hp=2096
living id=3337 type=goblinleader pos=190,51,18 hp=1816
living id=3338 type=goblin pos=137,24,18 hp=1009
living id=3339 type=giantspider pos=186,77,18 hp=1079
living id=3340 type=hobgoblin pos=16,60,18 hp=1719
living id=3341 type=goblin pos=60,71,18 hp=1067
living id=3342 type=goblinleader pos=6,80,18 hp=1852
living id=3343 type=giantspider pos=66,7,18 hp=1132
living id=3344 type=goblinleader pos=15,40,18 hp=1488
living id=3345 type=cyclop pos=17,118,18 hp=2182
living id=3346 type=goblinleader pos=58,47,18 hp=1986
living id=3347 type=hobgoblinkaiser pos=43,150,18 hp=2092
living id=3348 type=hobgoblinkaiser pos=164,179,18 hp=2083
living id=3349 type=hobgoblin pos=21,113,18 hp=1832
living id=3350 type=hobgoblin pos=42,103,18 hp=1768
living id=3351 type=giantspider pos=85,81,18 hp=1143
living id=3352 type=hobgoblin pos=78,163,18 hp=1777
living id=3353 type=goblinleader pos=90,35,18 hp=1849
living id=3354 type=goblin pos=57,76,18 hp=946
living id=3355 type=hobgoblinkaiser pos=98,47,18 hp=2189
living id=3356 type=giantspider pos=117,159,18 hp=1061
living id=3357 type=goblin pos=173,94,18 hp=957
living id=3358 type=redslime pos=124,192,18 hp=1007
living id=3359 type=giantspider pos=14,45,18 hp=993
living id=3360 type=goblinleader pos=10,112,18 hp=1789
living id=3361 type=hobgoblin pos=177,29,18 hp=1725
living id=3362 type=hobgoblin pos=109,21,18 hp=2084
living id=3363 type=goblinleader pos=11,25,18 hp=1954
living id=3364 type=cyclop pos=112,27,18 hp=2443
living id=3365 type=cyclop pos=164,188,18 hp=2061
living id=3366 type=hobgoblinkaiser pos=57,146,18 hp=2338
living id=3367 type=giantspider pos=10,81,18 hp=1110
living id=3368 type=goblin pos=45,45,18 hp=1121
living id=3369 type=cyclop pos=86,189,18 hp=2269
living id=3370 type=goblinleader pos=145,40,18 hp=1727
living id=3371 type=goblinleader pos=12,100,18 hp=1591
living id=3372 type=giantspider pos=149,8,18 hp=1144
living id=3373 type=goblinleader pos=21,141,18 hp=1914
living id=3374 type=hobgoblin pos=36,150,18 hp=1844
living id=3375 type=hobgoblinkaiser pos=49,54,18 hp=2472
living id=3376 type=goblin pos=18,26,18 hp=1065
living id=3377 type=cyclop pos=78,176,18 hp=1832
living id=3378 type=goblinleader pos=45,7,18 hp=1875
living id=3379 type=hobgoblin pos=123,158,18 hp=1898
living id=3380 type=giantspider pos=171,78,18 hp=927
living id=3381 type=hobgoblinkaiser pos=44,42,18 hp=2007
living id=3382 type=hobgoblin pos=33,66,18 hp=1745
living id=3383 type=cyclop pos=58,7,18 hp=2170
living id=3384 type=hobgoblin pos=122,71,18 hp=2094
living id=3385 type=goblinleader pos=184,45,18 hp=1955
living id=3386 type=redslime pos=31,138,18 hp=875
living id=3387 type=goblinleader pos=23,5,18 hp=1710
living id=3388 type=giantspider pos=11,112,18 hp=1126
living id=3389 type=hobgoblinkaiser pos=116,146,18 hp=2200
living id=3390 type=goblin pos=196,189,18 hp=927
living id=3391 type=goblinleader pos=47,161,18 hp=1956
living id=3392 type=cyclop pos=176,95,18 hp=2134
living id=3393 type=goblinleader pos=17,67,18 hp=1783
living id=3394 type=goblinleader pos=70,165,18 hp=2006
living id=3395 type=giantspider pos=28,139,18 hp=917
living id=3396 type=goblin pos=55,34,18 hp=1104
living id=3397 type=goblin pos=32,100,18 hp=865
living id=3398 type=redslime pos=85,154,18 hp=982
living id=3399 type=redslime pos=16,96,18 hp=1114
living id=3400 type=hobgoblinkaiser pos=20,27,18 hp=2386
living id=3401 type=goblinleader pos=148,2,18 hp=1753
living id=3402 type=hobgoblin pos=21,31,18 hp=2044
living id=3403 type=goblinleader pos=75,49,18 hp=1676
living id=3404 type=goblin pos=70,165,18 hp=867
living id=3405 type=redslime pos=96,53,18 hp=989
living id=3406 type=giantspider pos=44,148,18 hp=1094
living id=3407 type=goblinleader pos=47,52,18 hp=1508
living id=3408 type=redslime pos=81,63,18 hp=963
living id=3409 type=goblin pos=49,148,18 hp=908
living id=3410 type=hobgoblin pos=16,86,18 hp=1734
living id=3411 type=cyclop pos=67,7,18 hp=1742
living id=3412 type=cyclop pos=185,43,18 hp=2085
living id=3413 type=cyclop pos=17,4,18 hp=1986
living id=3414 type=goblinleader pos=48,42,18 hp=1438
living id=3415 type=cyclop pos=87,36,18 hp=1710
living id=3416 type=cyclop pos=55,115,18 hp=2468
living id=3417 type=giantspider pos=52,21,18 hp=874
living id=3418 type=hobgoblinkaiser pos=19,58,18 hp=2499
living id=3419 type=giantspider pos=43,118,18 hp=946
living id=3420 type=hobgoblinkaiser pos=59,187,18 hp=2158
living id=3421 type=goblin pos=94,56,18 hp=916
living id=3422 type=hobgoblinkaiser pos=15,59,18 hp=2614
living id=3423 type=goblin pos=157,61,18 hp=870
living id=3424 type=goblinleader pos=83,38,18 hp=1387
living id=3425 type=goblin pos=53,167,18 hp=1119
living id=3426 type=hobgoblinkaiser pos=77,59,18 hp=1887
living id=3427 type=hobgoblinkaiser pos=75,9,18 hp=2649
living id=3428 type=hobgoblinkaiser pos=176,93,18 hp=2012
living id=3429 type=goblinleader pos=164,186,18 hp=1713
living id=3430 type=goblinleader pos=105,64,18 hp=1996
living id=3431 type=hobgoblinkaiser pos=148,42,18 hp=1884
living id=3432 type=goblin pos=39,73,18 hp=1125
living id=3433 type=cyclop pos=55,29,18 hp=2004
living id=3434 type=cyclop pos=56,85,18 hp=1752
living id=3435 type=cyclop pos=23,89,18 hp=2281
living id=3436 type=goblin pos=147,148,18 hp=988
living id=3437 type=hobgoblin pos=55,188,18 hp=2025
living id=3438 type=cyclop pos=141,3,18 hp=2266
living id=3439 type=giantspider pos=19,92,18 hp=1142
living id=3440 type=hobgoblin pos=153,11,18 hp=1916
living id=3441 type=redslime pos=192,182,18 hp=1114
living id=3442 type=hobgoblinkaiser pos=171,83,18 hp=2341
living id=3443 type=cyclop pos=81,178,18 hp=2455
living id=3444 type=goblinleader pos=50,45,18 hp=1593
living id=3445 type=cyclop pos=76,57,18 hp=1872
living id=3446 type=hobgoblin pos=172,25,18 hp=1780
living id=3447 type=giantspider pos=35,190,18 hp=888
living id=3448 type=cyclop pos=15,63,18 hp=1812
living id=3449 type=cyclop pos=45,190,18 hp=2116
living id=3450 type=goblinleader pos=138,53,18 hp=1848
living id=3451 type=giantspider pos=190,185,18 hp=1074
living id=3452 type=goblin pos=187,189,18 hp=961
living id=3453 type=redslime pos=85,154,18 hp=959
living id=3454 type=hobgoblin pos=48,143,18 hp=2012
living id=3455 type=hobgoblin pos=76,81,18 hp=1779
living id=3456 type=hobgoblinkaiser pos=138,21,18 hp=2403
living id=3457 type=hobgoblin pos=33,188,18 hp=1954
living id=3458 type=giantspider pos=53,31,18 hp=964
living id=3459 type=hobgoblinkaiser pos=101,156,18 hp=2244
living id=3460 type=goblin pos=45,47,18 hp=853
living id=3461 type=goblinleader pos=100,31,18 hp=1868
living id=3462 type=goblin pos=2,115,18 hp=1143
living id=3463 type=giantspider pos=54,23,18 hp=1137
living id=3464 type=goblinleader pos=138,186,18 hp=1493
living id=3465 type=cyclop pos=136,20,18 hp=2430
living id=3466 type=goblin pos=9,46,18 hp=1082
living id=3467 type=goblinleader pos=138,52,18 hp=1835
living id=3468 type=hobgoblin pos=75,64,18 hp=1960
living id=3469 type=redslime pos=9,96,18 hp=912
living id=3470 type=goblinleader pos=38,165,18 hp=1508
living id=3471 type=hobgoblinkaiser pos=75,63,18 hp=2435
living id=3472 type=giantspider pos=178,190,18 hp=857
living id=3473 type=hobgoblinkaiser pos=87,140,18 hp=2638
living id=3474 type=redslime pos=64,7,18 hp=1020
living id=3475 type=cyclop pos=36,166,18 hp=2056
living id=3476 type=giantspider pos=102,47,18 hp=856
living id=3477 type=cyclop pos=34,191,18 hp=1897
living id=3478 type=giantspider pos=44,113,18 hp=991
living id=3479 type=redslime pos=136,154,18 hp=909
living id=3480 type=cyclop pos=33,72,18 hp=2055
living id=3481 type=giantspider pos=19,177,18 hp=950
living id=3482 type=goblinleader pos=58,18,18 hp=1734
living id=3483 type=goblinleader pos=35,127,18 hp=1788
living id=3484 type=hobgoblin pos=57,108,18 hp=1837
living id=3485 type=goblin pos=134,58,18 hp=898
living id=3486 type=hobgoblin pos=122,165,18 hp=2165
living id=3487 type=hobgoblin pos=177,30,18 hp=1822
living id=3488 type=hobgoblin pos=57,16,18 hp=1960
living id=3489 type=giantspider pos=85,38,18 hp=1117
living id=3490 type=redslime pos=60,166,18 hp=1113
living id=3491 type=hobgoblin pos=135,151,18 hp=1746
living id=3492 type=goblin pos=18,134,18 hp=901
living id=3493 type=hobgoblin pos=110,176,18 hp=1898
living id=3494 type=redslime pos=42,108,18 hp=884
living id=3495 type=hobgoblin pos=155,70,18 hp=2147
living id=3496 type=cyclop pos=174,184,18 hp=2223
living id=3497 type=goblin pos=38,128,18 hp=922
living id=3498 type=hobgoblinkaiser pos=163,182,18 hp=1760
living id=3499 type=goblinleader pos=132,22,18 hp=1972
living id=3500 type=cyclop pos=122,166,18 hp=2444
living id=3501 type=hobgoblin pos=55,86,18 hp=2067
living id=3502 type=cyclop pos=35,70,18 hp=1981
living id=3503 type=hobgoblin pos=194,176,18 hp=1759
living id=3504 type=goblinleader pos=184,42,18 hp=1942
living id=3505 type=goblinleader pos=44,4,18 hp=1676
living id=3506 type=giantspider pos=197,185,18 hp=975
living id=3507 type=goblinleader pos=11,101,18 hp=1555
living id=3508 type=redslime pos=178,21,18 hp=1072
living id=3509 type=goblinleader pos=139,18,18 hp=1899
living id=3510 type=goblin pos=38,130,18 hp=994
living id=3511 type=hobgoblinkaiser pos=58,37,18 hp=1763
living id=3512 type=cyclop pos=20,98,18 hp=2539
living id=3513 type=cyclop pos=114,164,18 hp=2286
living id=3514 type=goblinleader pos=48,180,18 hp=1869
living id=3515 type=goblinleader pos=79,87,18 hp=1948
living id=3516 type=giantspider pos=35,68,18 hp=1101
living id=3517 type=giantspider pos=112,148,18 hp=945
living id=3518 type=redslime pos=84,61,18 hp=1106
living id=3519 type=giantspider pos=58,172,18 hp=1135
living id=3520 type=goblinleader pos=51,95,18 hp=1978
living id=3521 type=giantspider pos=92,188,18 hp=914
living id=3522 type=goblin pos=6,79,18 hp=881
living id=3523 type=goblin pos=99,53,18 hp=1109
living id=3524 type=hobgoblin pos=145,40,18 hp=1623
living id=3525 type=goblin pos=71,163,18 hp=1127
living id=3526 type=hobgoblin pos=116,168,18 hp=2010
living id=3527 type=cyclop pos=41,112,18 hp=2083
living id=3528 type=cyclop pos=30,135,18 hp=1982
living id=3529 type=cyclop pos=87,188,18 hp=1771
living id=3530 type=hobgoblin pos=41,81,18 hp=1684
living id=3531 type=cyclop pos=68,118,18 hp=1853
living id=3532 type=goblinleader pos=187,62,18 hp=1477
living id=3533 type=hobgoblinkaiser pos=187,85,18 hp=2398
living id=3534 type=redslime pos=26,191,18 hp=1052
living id=3535 type=goblin pos=16,145,18 hp=1103
living id=3536 type=hobgoblin pos=87,136,18 hp=2158
living id=3537 type=goblinleader pos=45,116,18 hp=1551
living id=3538 type=giantspider pos=7,80,18 hp=1096
living id=3539 type=giantspider pos=14,144,18 hp=869
living id=3540 type=redslime pos=87,38,18 hp=875
living id=3541 type=cyclop pos=101,146,18 hp=2218
living id=3542 type=hobgoblin pos=48,50,18 hp=1985
living id=3543 type=hobgoblinkaiser pos=175,28,18 hp=2193
living id=3544 type=goblin pos=33,109,18 hp=1102
living id=3545 type=cyclop pos=31,108,18 hp=2466
living id=3546 type=goblin pos=21,100,18 hp=1055
living id=3547 type=goblin pos=149,10,18 hp=853
living id=3548 type=hobgoblin pos=90,17,18 hp=1866
living id=3549 type=giantspider pos=127,71,18 hp=990
living id=3550 type=hobgoblinkaiser pos=15,24,18 hp=2093
living id=3551 type=hobgoblinkaiser pos=116,156,18 hp=1961
living id=3552 type=hobgoblinkaiser pos=19,115,18 hp=2228
living id=3553 type=cyclop pos=103,151,18 hp=1982
living id=3554 type=giantspider pos=161,189,18 hp=925
living id=3555 type=hobgoblinkaiser pos=78,47,18 hp=2388
living id=3556 type=cyclop pos=111,37,18 hp=2239
living id=3557 type=giantspider pos=88,184,18 hp=903
living id=3558 type=giantspider pos=32,120,18 hp=900
living id=3559 type=cyclop pos=100,174,18 hp=1832
living id=3560 type=hobgoblinkaiser pos=81,180,18 hp=2614
living id=3561 type=redslime pos=140,183,18 hp=920
living id=3562 type=redslime pos=7,88,18 hp=1086
living id=3563 type=goblinleader pos=132,156,18 hp=1644
living id=3564 type=redslime pos=158,63,18 hp=1106
living id=3565 type=goblinleader pos=187,19,18 hp=1762
living id=3566 type=goblinleader pos=176,100,18 hp=1871
living id=3567 type=goblinleader pos=37,131,18 hp=1926
living id=3568 type=goblinleader pos=44,113,18 hp=1551
living id=3569 type=hobgoblinkaiser pos=187,183,18 hp=1983
living id=3570 type=redslime pos=45,142,18 hp=884
living id=3571 type=goblin pos=170,25,18 hp=1002
living id=3572 type=cyclop pos=122,179,18 hp=2439
living id=3573 type=goblin pos=73,164,18 hp=1056
living id=3574 type=cyclop pos=116,148,18 hp=2092
living id=3575 type=goblin pos=96,47,18 hp=926
living id=3576 type=hobgoblinkaiser pos=37,73,18 hp=2272
living id=3577 type=cyclop pos=13,64,18 hp=2334
living id=3578 type=hobgoblin pos=96,26,18 hp=2019
living id=3579 type=goblinleader pos=10,84,18 hp=1978
living id=3580 type=goblinleader pos=83,86,18 hp=1382
living id=3581 type=redslime pos=102,56,18 hp=1129
living id=3582 type=giantspider pos=135,27,18 hp=925
living id=3583 type=goblin pos=76,114,18 hp=855
living id=3584 type=hobgoblin pos=43,111,18 hp=1649
living id=3585 type=cyclop pos=42,90,18 hp=2440
living id=3586 type=redslime pos=139,60,18 hp=1018
living id=3587 type=hobgoblin pos=134,60,18 hp=1922
living id=3588 type=hobgoblinkaiser pos=84,177,18 hp=1833
living id=3589 type=goblinleader pos=156,64,18 hp=1858
living id=3590 type=goblin pos=21,140,18 hp=912
living id=3591 type=hobgoblin pos=54,93,18 hp=1668
living id=3592 type=hobgoblin pos=89,35,18 hp=1662
living id=3593 type=hobgoblin pos=16,69,18 hp=2155
living id=3594 type=cyclop pos=98,32,18 hp=2540
living id=3595 type=redslime pos=45,67,18 hp=901
living id=3596 type=hobgoblin pos=87,141,18 hp=1677
living id=3597 type=goblin pos=41,145,18 hp=967
living id=3598 type=goblinleader pos=57,152,18 hp=1622
living id=3599 type=hobgoblinkaiser pos=52,90,18 hp=2001
living id=3600 type=cyclop pos=25,84,18 hp=2255
living id=3601 type=giantspider pos=54,96,18 hp=925
living id=3602 type=hobgoblinkaiser pos=57,192,18 hp=1937
living id=3603 type=cyclop pos=54,111,18 hp=1932
living id=3604 type=goblinleader pos=109,156,18 hp=1531
living id=3605 type=redslime pos=135,60,18 hp=1097
living id=3606 type=redslime pos=47,139,18 hp=904
living id=3607 type=hobgoblinkaiser pos=16,172,18 hp=2279
living id=3608 type=goblin pos=16,49,18 hp=960
living id=3609 type=goblinleader pos=34,162,18 hp=1506
living id=3610 type=hobgoblinkaiser pos=85,189,18 hp=2514
living id=3611 type=hobgoblinkaiser pos=36,162,18 hp=1975
living id=3612 type=cyclop pos=62,84,18 hp=2355
living id=3613 type=goblinleader pos=178,171,18 hp=1878
living id=3614 type=goblinleader pos=111,55,18 hp=1820
living id=3615 type=redslime pos=140,42,18 hp=892
living id=3616 type=hobgoblinkaiser pos=114,26,18 hp=1849
living id=3617 type=hobgoblin pos=36,72,18 hp=2149
living id=3618 type=goblinleader pos=182,80,18 hp=1947
living id=3619 type=cyclop pos=174,92,18 hp=2021
living id=3620 type=goblin pos=169,33,18 hp=882
living id=3621 type=hobgoblin pos=100,67,18 hp=2026
living id=3622 type=hobgoblinkaiser pos=9,116,18 hp=2173
living id=3623 type=goblin pos=143,3,18 hp=896
living id=3624 type=hobgoblin pos=145,36,18 hp=1829
living id=3625 type=giantspider pos=89,34,18 hp=1135
living id=3626 type=hobgoblinkaiser pos=183,84,18 hp=1917
living id=3627 type=hobgoblinkaiser pos=44,145,18 hp=1948
living id=3628 type=goblin pos=47,82,18 hp=1039
living id=3629 type=giantspider pos=101,59,18 hp=968
living id=3630 type=hobgoblin pos=71,151,18 hp=1763
living id=3631 type=goblin pos=90,139,18 hp=1067
living id=3632 type=hobgoblinkaiser pos=73,111,18 hp=2030
living id=3633 type=hobgoblinkaiser pos=187,58,18 hp=1970
living id=3634 type=redslime pos=77,31,18 hp=944
living id=3635 type=goblinleader pos=25,62,18 hp=1630
living id=3636 type=goblinleader pos=153,68,18 hp=1733
living id=3637 type=goblin pos=39,66,18 hp=873
living id=3638 type=giantspider pos=186,18,18 hp=1120
living id=3639 type=goblinleader pos=171,69,18 hp=1679
living id=3640 type=hobgoblin pos=71,33,18 hp=1922
living id=3641 type=goblin pos=45,79,18 hp=1024
living id=3642 type=giantspider pos=186,49,18 hp=855
living id=3643 type=cyclop pos=49,81,18 hp=2517
living id=3644 type=hobgoblinkaiser pos=154,61,18 hp=2109
living id=3645 type=goblin pos=58,172,18 hp=949
living id=3646 type=cyclop pos=141,5,18 hp=2149
living id=3647 type=goblin pos=178,189,18 hp=872
living id=3648 type=hobgoblinkaiser pos=140,182,18 hp=1942
living id=3649 type=hobgoblinkaiser pos=197,189,18 hp=2642
living id=3650 type=redslime pos=171,88,18 hp=1008
living id=3651 type=hobgoblinkaiser pos=10,88,18 hp=2300
living id=3652 type=redslime pos=22,96,18 hp=962
living id=3653 type=redslime pos=119,164,18 hp=1033
living id=3654 type=giantspider pos=185,49,18 hp=1025
living id=3655 type=giantspider pos=127,35,18 hp=891
living id=3656 type=cyclop pos=38,138,18 hp=2214
living id=3657 type=redslime pos=155,68,18 hp=1123
living id=3658 type=cyclop pos=111,24,18 hp=1902
living id=3659 type=goblinleader pos=113,158,18 hp=1998
living id=3660 type=goblin pos=13,29,18 hp=861
living id=3661 type=goblinleader pos=161,187,18 hp=1407
living id=3662 type=goblin pos=8,40,18 hp=938
living id=3663 type=goblin pos=27,72,18 hp=1049
living id=3664 type=giantspider pos=15,7,18 hp=967
living id=3665 type=hobgoblinkaiser pos=97,56,18 hp=2126
living id=3666 type=hobgoblin pos=16,23,18 hp=1851
living id=3667 type=goblinleader pos=87,180,18 hp=1701
living id=3668 type=goblinleader pos=17,35,18 hp=1463
living id=3669 type=goblinleader pos=6,113,18 hp=1542
living id=3670 type=giantspider pos=151,53,18 hp=922
living id=3671 type=goblin pos=120,185,18 hp=1017
living id=3672 type=goblin pos=59,165,18 hp=879
living id=3673 type=redslime pos=193,179,18 hp=1095
living id=3674 type=hobgoblinkaiser pos=72,146,18 hp=2507
living id=3675 type=redslime pos=11,85,18 hp=1134
living id=3676 type=goblin pos=43,131,18 hp=1137
living id=3677 type=hobgoblinkaiser pos=64,190,18 hp=1885
living id=3678 type=goblinleader pos=191,186,18 hp=1526
living id=3679 type=hobgoblin pos=123,161,18 hp=1979
living id=3680 type=goblinleader pos=50,53,18 hp=1666
living id=3681 type=redslime pos=134,21,18 hp=1030
living id=3682 type=hobgoblin pos=49,179,18 hp=1739
living id=3683 type=goblin pos=84,47,18 hp=1120
living id=3684 type=goblin pos=107,3,18 hp=869
living id=3685 type=giantspider pos=117,161,18 hp=878
living id=3686 type=goblinleader pos=24,85,18 hp=1903
living id=3687 type=redslime pos=85,81,18 hp=1149
living id=3688 type=cyclop pos=104,42,18 hp=2009
living id=3689 type=hobgoblinkaiser pos=166,89,18 hp=2015
living id=3690 type=hobgoblinkaiser pos=161,45,18 hp=2602
living id=3691 type=giantspider pos=75,116,18 hp=981
living id=3692 type=redslime pos=22,117,18 hp=1095
living id=3693 type=hobgoblin pos=175,22,18 hp=1881
living id=3694 type=goblinleader pos=35,174,18 hp=1561
living id=3695 type=redslime pos=17,45,18 hp=963
living id=3696 type=hobgoblinkaiser pos=131,160,18 hp=2090
living id=3697 type=redslime pos=13,59,18 hp=1010
living id=3698 type=hobgoblinkaiser pos=59,145,18 hp=2634
living id=3699 type=hobgoblinkaiser pos=169,25,18 hp=2258
living id=3700 type=goblinleader pos=6,85,18 hp=1593
living id=3701 type=giantspider pos=104,172,18 hp=1147
living id=3702 type=hobgoblinkaiser pos=45,74,18 hp=1765
living id=3703 type=giantspider pos=176,92,18 hp=987
living id=3704 type=hobgoblin pos=180,181,18 hp=1778
living id=3705 type=hobgoblin pos=9,83,18 hp=1886
living id=3706 type=goblin pos=176,97,18 hp=940
living id=3707 type=hobgoblinkaiser pos=55,29,18 hp=1907
living id=3708 type=cyclop pos=133,155,18 hp=2309
living id=3709 type=giantspider pos=111,22,18 hp=923
living id=3710 type=goblin pos=16,80,18 hp=1110
living id=3711 type=hobgoblinkaiser pos=122,164,18 hp=2185
living id=3712 type=hobgoblin pos=53,191,18 hp=2073
living id=3713 type=cyclop pos=50,11,18 hp=2217
living id=3714 type=hobgoblinkaiser pos=100,185,18 hp=2653
living id=3715 type=cyclop pos=88,185,18 hp=2425
living id=3716 type=goblinleader pos=121,72,18 hp=1631
living id=3717 type=hobgoblin pos=62,34,18 hp=1667
living id=3718 type=hobgoblin pos=136,24,18 hp=1878
living id=3719 type=hobgoblinkaiser pos=29,130,18 hp=1818
living id=3720 type=redslime pos=55,91,18 hp=1014
living id=3721 type=goblin pos=122,187,18 hp=1002
living id=3722 type=hobgoblin pos=38,190,18 hp=2009
living id=3723 type=goblinleader pos=83,179,18 hp=1856
living id=3724 type=redslime pos=73,163,18 hp=1048
living id=3725 type=goblinleader pos=105,63,18 hp=1958
living id=3726 type=goblin pos=104,193,18 hp=975
living id=3727 type=hobgoblin pos=187,82,18 hp=1747
living id=3728 type=goblin pos=188,18,18 hp=925
living id=3729 type=goblin pos=14,143,18 hp=930
living id=3730 type=redslime pos=33,70,18 hp=890
living id=3731 type=redslime pos=84,41,18 hp=942
living id=3732 type=hobgoblin pos=134,152,18 hp=1804
living id=3733 type=goblin pos=60,113,18 hp=1080
living id=3734 type=hobgoblinkaiser pos=30,134,18 hp=2242
living id=3735 type=hobgoblin pos=76,175,18 hp=1711
living id=3736 type=hobgoblin pos=139,33,18 hp=1652
living id=3737 type=goblin pos=78,91,18 hp=902
living id=3738 type=hobgoblinkaiser pos=37,123,18 hp=2316
living id=3739 type=redslime pos=76,180,18 hp=1114
living id=3740 type=redslime pos=45,180,18 hp=1130
living id=3741 type=hobgoblinkaiser pos=134,5,18 hp=2328
living id=3742 type=giantspider pos=38,166,18 hp=902
living id=3743 type=goblin pos=23,62,18 hp=911
living id=3744 type=redslime pos=191,20,18 hp=1090
living id=3745 type=cyclop pos=45,65,18 hp=1673
living id=3746 type=hobgoblin pos=10,37,18 hp=1999
living id=3747 type=hobgoblinkaiser pos=70,161,18 hp=2431
living id=3748 type=goblin pos=103,56,18 hp=1146
living id=3749 type=hobgoblinkaiser pos=73,179,18 hp=2292
living id=3750 type=redslime pos=29,62,18 hp=1126
living id=3751 type=redslime pos=167,11,18 hp=1080
living id=3752 type=hobgoblinkaiser pos=65,112,18 hp=2390
living id=3753 type=goblin pos=36,142,18 hp=1090
living id=3754 type=cyclop pos=191,177,18 hp=2423
living id=3755 type=cyclop pos=150,161,18 hp=2055
living id=3756 type=redslime pos=167,9,18 hp=874
living id=3757 type=cyclop pos=33,92,18 hp=2441
living id=3758 type=giantspider pos=26,189,18 hp=991
living id=3759 type=hobgoblinkaiser pos=113,25,18 hp=2031
living id=3760 type=goblinleader pos=32,128,18 hp=1950
living id=3761 type=goblinleader pos=162,12,18 hp=1378
living id=3762 type=giantspider pos=32,163,18 hp=912
living id=3763 type=redslime pos=21,103,18 hp=1060
living id=3764 type=goblin pos=177,90,18 hp=1017
living id=3765 type=hobgoblin pos=75,1,18 hp=2003
living id=3766 type=goblinleader pos=55,65,18 hp=1973
living id=3767 type=cyclop pos=67,112,18 hp=2093
living id=3768 type=cyclop pos=55,69,18 hp=2326
living id=3769 type=cyclop pos=74,145,18 hp=2311
living id=3770 type=cyclop pos=18,143,18 hp=2070
living id=3771 type=hobgoblin pos=27,141,18 hp=1646
living id=3772 type=hobgoblinkaiser pos=100,192,18 hp=2479
living id=3773 type=redslime pos=15,187,18 hp=1102
living id=3774 type=goblin pos=15,27,18 hp=1001
living id=3775 type=goblin pos=73,4,18 hp=871
living id=3776 type=redslime pos=98,174,18 hp=971
living id=3777 type=cyclop pos=11,97,18 hp=1922
living id=3778 type=goblin pos=13,39,18 hp=1035
living id=3779 type=redslime pos=58,19,18 hp=911
living id=3780 type=redslime pos=101,189,18 hp=916
living id=3781 type=goblinleader pos=10,44,18 hp=1668
living id=3782 type=giantspider pos=13,118,18 hp=983
living id=3783 type=redslime pos=16,172,18 hp=1088
living id=3784 type=hobgoblinkaiser pos=12,77,18 hp=1920
living id=3785 type=cyclop pos=33,111,18 hp=2016
living id=3786 type=redslime pos=59,107,18 hp=954
living id=3787 type=goblin pos=198,181,18 hp=1061
living id=3788 type=redslime pos=34,99,18 hp=1118
living id=3789 type=giantspider pos=26,92,18 hp=941
living id=3790 type=goblinleader pos=14,42,18 hp=1623
living id=3791 type=hobgoblinkaiser pos=135,19,18 hp=2497
living id=3792 type=hobgoblin pos=38,125,18 hp=1764
living id=3793 type=hobgoblinkaiser pos=30,64,18 hp=1922
living id=3794 type=goblinleader pos=135,4,18 hp=1507
living id=3795 type=hobgoblinkaiser pos=183,18,18 hp=2615
living id=3796 type=goblin pos=90,149,18 hp=1139
living id=3797 type=hobgoblinkaiser pos=190,182,18 hp=2116
living id=3798 type=goblinleader pos=179,82,18 hp=1811
living id=3799 type=goblinleader pos=30,134,18 hp=1773
living id=3800 type=giantspider pos=72,179,18 hp=1010
living id=3801 type=hobgoblinkaiser pos=173,20,18 hp=2003
living id=3802 type=goblin pos=73,152,18 hp=857
living id=3803 type=redslime pos=60,87,18 hp=917
living id=3804 type=redslime pos=114,160,18 hp=978
living id=3805 type=goblin pos=184,93,18 hp=895
living id=3806 type=redslime pos=196,178,18 hp=1050
living id=3807 type=hobgoblin pos=57,144,18 hp=1849
living id=3808 type=goblinleader pos=103,62,18 hp=1854
living id=3809 type=cyclop pos=102,41,18 hp=2084
living id=3810 type=giantspider pos=90,142,18 hp=1024
living id=3811 type=hobgoblin pos=17,139,18 hp=1778
living id=3812 type=goblinleader pos=41,52,18 hp=1810
living id=3813 type=cyclop pos=101,147,18 hp=2220
living id=3814 type=hobgoblin pos=36,126,18 hp=1952
living id=3815 type=redslime pos=20,62,18 hp=940
living id=3816 type=redslime pos=100,42,18 hp=1045
living id=3817 type=goblin pos=121,188,18 hp=1051
living id=3818 type=hobgoblin pos=36,131,18 hp=1785
living id=3819 type=hobgoblin pos=32,123,18 hp=1840
living id=3820 type=giantspider pos=33,188,18 hp=984
living id=3821 type=giantspider pos=41,78,18 hp=1036
living id=3822 type=goblinleader pos=115,32,18 hp=1580
living id=3823 type=cyclop pos=115,163,18 hp=1862
living id=3824 type=redslime pos=105,173,18 hp=981
living id=3825 type=giantspider pos=19,23,18 hp=975
living id=3826 type=redslime pos=197,176,18 hp=864
living id=3827 type=goblin pos=36,188,18 hp=959
living id=3828 type=cyclop pos=80,140,18 hp=1947
living id=3829 type=goblin pos=19,85,18 hp=890
living id=3830 type=cyclop pos=103,186,18 hp=2053
living id=3831 type=giantspider pos=81,141,18 hp=870
living id=3832 type=cyclop pos=71,55,18 hp=2386
living id=3833 type=giantspider pos=75,59,18 hp=938
living id=3834 type=hobgoblin pos=10,115,18 hp=2080
living id=3835 type=cyclop pos=146,41,18 hp=1825
living id=3836 type=giantspider pos=29,112,18 hp=900
living id=3837 type=redslime pos=37,112,18 hp=927
living id=3838 type=hobgoblin pos=56,23,18 hp=1706
living id=3839 type=giantspider pos=140,35,18 hp=919
living id=3840 type=goblin pos=29,109,18 hp=1023
living id=3841 type=giantspider pos=184,19,18 hp=1069
living id=3842 type=cyclop pos=48,47,18 hp=2447
living id=3843 type=giantspider pos=42,5,18 hp=1055
living id=3844 type=hobgoblin pos=183,21,18 hp=1676
living id=3845 type=hobgoblinkaiser pos=74,50,18 hp=2258
living id=3846 type=cyclop pos=118,175,18 hp=1890
living id=3847 type=hobgoblinkaiser pos=144,27,18 hp=2558
living id=3848 type=hobgoblinkaiser pos=171,22,18 hp=2140
living id=3849 type=goblinleader pos=117,159,18 hp=1719
living id=3850 type=cyclop pos=180,78,18 hp=2227
living id=3851 type=cyclop pos=192,182,18 hp=1994
living id=3852 type=cyclop pos=132,151,18 hp=2281
living id=3853 type=goblinleader pos=56,32,18 hp=1742
living id=3854 type=cyclop pos=31,143,18 hp=2159
living id=3855 type=hobgoblinkaiser pos=21,111,18 hp=1761
living id=3856 type=redslime pos=101,186,18 hp=900
living id=3857 type=cyclop pos=11,85,18 hp=1748
living id=3858 type=goblinleader pos=30,108,18 hp=1978
living id=3859 type=giantspider pos=85,77,18 hp=880
living id=3860 type=hobgoblin pos=68,91,18 hp=1983
living id=3861 type=goblinleader pos=191,176,18 hp=1981
living id=3862 type=giantspider pos=53,148,18 hp=1047
living id=3863 type=giantspider pos=122,163,18 hp=863
living id=3864 type=goblinleader pos=45,11,18 hp=1494
living id=3865 type=cyclop pos=166,8,18 hp=2139
living id=3866 type=goblinleader pos=80,11,18 hp=1837
living id=3867 type=goblin pos=178,31,18 hp=1143
living id=3868 type=goblinleader pos=17,173,18 hp=1881
living id=3869 type=hobgoblinkaiser pos=79,10,18 hp=2228
living id=3870 type=cyclop pos=47,33,18 hp=2193
living id=3871 type=giantspider pos=95,58,18 hp=1096
living id=3872 type=hobgoblinkaiser pos=22,91,18 hp=2528
living id=3873 type=redslime pos=143,178,18 hp=1113
living id=3874 type=hobgoblinkaiser pos=43,135,18 hp=2232
living id=3875 type=goblin pos=116,152,18 hp=1117
living id=3876 type=goblinleader pos=186,45,18 hp=1529
living id=3877 type=giantspider pos=42,104,18 hp=1126
living id=3878 type=giantspider pos=33,48,18 hp=963
living id=3879 type=goblin pos=143,61,18 hp=1098
living id=3880 type=goblin pos=14,57,18 hp=1095
living id=3881 type=goblinleader pos=55,113,18 hp=1688
living id=3882 type=redslime pos=56,190,18 hp=1055
living id=3883 type=giantspider pos=44,7,18 hp=909
living id=3884 type=giantspider pos=68,117,18 hp=866
living id=3885 type=cyclop pos=139,185,18 hp=2457
living id=3886 type=redslime pos=73,8,18 hp=952
living id=3887 type=hobgoblin pos=21,48,18 hp=2069
living id=3888 type=cyclop pos=128,155,18 hp=1904
living id=3889 type=cyclop pos=143,58,18 hp=2429
living id=3890 type=giantspider pos=102,192,18 hp=851
living id=3891 type=redslime pos=151,53,18 hp=950
living id=3892 type=cyclop pos=85,171,18 hp=2306
living id=3893 type=goblin pos=187,48,18 hp=917
living id=3894 type=giantspider pos=77,178,18 hp=998
living id=3895 type=hobgoblin pos=176,185,18 hp=1629
living id=3896 type=hobgoblinkaiser pos=131,68,18 hp=2513
living id=3897 type=goblinleader pos=16,156,18 hp=1645
living id=3898 type=redslime pos=34,165,18 hp=947
living id=3899 type=cyclop pos=81,182,18 hp=2345
living id=3900 type=goblin pos=162,179,18 hp=968
living id=3901 type=redslime pos=32,118,18 hp=1005
living id=3902 type=redslime pos=36,69,18 hp=1024
living id=3903 type=goblinleader pos=175,10,18 hp=1944
living id=3904 type=hobgoblin pos=162,12,18 hp=1749
living id=3905 type=hobgoblinkaiser pos=82,186,18 hp=2284
living id=3906 type=redslime pos=100,62,18 hp=1114
living id=3907 type=giantspider pos=76,118,18 hp=894
living id=3908 type=cyclop pos=55,134,18 hp=2109
living id=3909 type=hobgoblin pos=129,35,18 hp=2094
living id=3910 type=redslime pos=42,79,18 hp=1033
living id=3911 type=giantspider pos=73,51,18 hp=1107
living id=3912 type=giantspider pos=75,121,18 hp=1132
living id=3913 type=giantspider pos=67,164,18 hp=982
living id=3914 type=giantspider pos=48,139,18 hp=1105
living id=3915 type=goblin pos=100,19,18 hp=1040
living id=3916 type=cyclop pos=80,9,18 hp=1793
living id=3917 type=redslime pos=31,137,18 hp=896
living id=3918 type=hobgoblinkaiser pos=135,26,18 hp=2151
living id=3919 type=hobgoblinkaiser pos=116,161,18 hp=2250
living id=3920 type=hobgoblin pos=180,86,18 hp=2124
living id=3921 type=goblin pos=80,64,18 hp=1142
living id=3922 type=cyclop pos=78,176,18 hp=2429
living id=3923 type=goblin pos=152,11,18 hp=1091
living id=3924 type=goblinleader pos=58,69,18 hp=1687
living id=3925 type=hobgoblin pos=92,139,18 hp=1844
living id=3926 type=hobgoblin pos=122,159,18 hp=1801
living id=3927 type=hobgoblinkaiser pos=97,32,18 hp=1998
living id=3928 type=hobgoblin pos=102,189,18 hp=1681
living id=3929 type=redslime pos=16,151,18 hp=1023
living id=3930 type=hobgoblinkaiser pos=58,43,18 hp=1925
living id=3931 type=redslime pos=179,84,18 hp=955
living id=3932 type=hobgoblin pos=76,2,18 hp=2118
living id=3933 type=goblin pos=38,162,18 hp=854
living id=3934 type=redslime pos=56,93,18 hp=1049
living id=3935 type=cyclop pos=115,149,18 hp=1803
living id=3936 type=goblin pos=191,180,18 hp=997
living id=3937 type=hobgoblinkaiser pos=136,20,18 hp=2195
living id=3938 type=giantspider pos=72,6,18 hp=957
living id=3939 type=hobgoblin pos=88,179,18 hp=1979
living id=3940 type=redslime pos=92,32,18 hp=963
living id=3941 type=hobgoblin pos=100,157,18 hp=1618
living id=3942 type=giantspider pos=39,116,18 hp=973
living id=3943 type=cyclop pos=116,176,18 hp=2120
living id=3944 type=goblinleader pos=149,71,18 hp=1408
living id=3945 type=cyclop pos=174,9,18 hp=1754
living id=3946 type=cyclop pos=12,47,18 hp=2011
living id=3947 type=hobgoblin pos=192,178,18 hp=2166
living id=3948 type=goblinleader pos=63,33,18 hp=1392
living id=3949 type=hobgoblin pos=10,49,18 hp=1750
living id=3950 type=cyclop pos=58,57,18 hp=1830
living id=3951 type=redslime pos=29,62,18 hp=879
living id=3952 type=giantspider pos=52,19,18 hp=957
living id=3953 type=cyclop pos=64,84,18 hp=2150
living id=3954 type=hobgoblinkaiser pos=117,159,18 hp=2376
living id=3955 type=redslime pos=109,36,18 hp=1109
living id=3956 type=giantspider pos=123,3,18 hp=942
living id=3957 type=hobgoblin pos=66,114,18 hp=2127
living id=3958 type=redslime pos=63,112,18 hp=930
living id=3959 type=cyclop pos=84,84,18 hp=2183
living id=3960 type=goblinleader pos=55,131,18 hp=1940
living id=3961 type=cyclop pos=18,68,18 hp=2301
living id=3962 type=giantspider pos=58,68,18 hp=1045
living id=3963 type=giantspider pos=55,144,18 hp=1077
living id=3964 type=hobgoblinkaiser pos=175,28,18 hp=2379
living id=3965 type=redslime pos=53,19,18 hp=1046
living id=3966 type=cyclop pos=153,179,18 hp=2006
living id=3967 type=goblin pos=139,22,18 hp=1032
living id=3968 type=hobgoblinkaiser pos=9,77,18 hp=1979
living id=3969 type=hobgoblinkaiser pos=120,164,18 hp=2144
living id=3970 type=hobgoblin pos=48,82,18 hp=1776
living id=3971 type=hobgoblinkaiser pos=118,172,18 hp=2061
living id=3972 type=giantspider pos=85,138,18 hp=934
living id=3973 type=hobgoblin pos=47,162,18 hp=1824
living id=3974 type=hobgoblin pos=79,84,18 hp=2134
living id=3975 type=hobgoblin pos=141,40,18 hp=2054
living id=3976 type=hobgoblin pos=43,52,18 hp=1707
living id=3977 type=redslime pos=140,71,18 hp=936
living id=3978 type=cyclop pos=151,56,18 hp=2089
living id=3979 type=goblin pos=17,32,18 hp=1000
living id=3980 type=cyclop pos=44,81,18 hp=2028
living id=3981 type=giantspider pos=141,3,18 hp=930
living id=3982 type=hobgoblinkaiser pos=132,150,18 hp=2356
living id=3983 type=hobgoblinkaiser pos=142,40,18 hp=1785
living id=3984 type=hobgoblin pos=49,150,18 hp=1625
living id=3985 type=cyclop pos=55,110,18 hp=2365
living id=3986 type=redslime pos=166,9,18 hp=1064
living id=3987 type=hobgoblinkaiser pos=128,160,18 hp=2362
living id=3988 type=goblin pos=169,29,18 hp=1079
living id=3989 type=goblin pos=19,37,18 hp=913
living id=3990 type=cyclop pos=125,35,18 hp=1713
living id=3991 type=hobgoblin pos=16,38,18 hp=1802
living id=3992 type=goblinleader pos=173,62,18 hp=1642
living id=3993 type=goblin pos=32,129,18 hp=965
living id=3994 type=hobgoblinkaiser pos=60,87,18 hp=2107
living id=3995 type=goblin pos=100,156,18 hp=1091
living id=3996 type=hobgoblin pos=42,106,18 hp=1816
living id=3997 type=cyclop pos=176,94,18 hp=2427
living id=3998 type=goblin pos=11,48,18 hp=938
living id=3999 type=goblinleader pos=113,165,18 hp=1669
living id=4000 type=cyclop pos=170,55,18 hp=2239
living id=4001 type=cyclop pos=63,190,18 hp=2192
living id=4002 type=giantspider pos=75,72,18 hp=886
living id=4003 type=hobgoblinkaiser pos=115,55,18 hp=1793
living id=4004 type=goblin pos=182,83,18 hp=864
living id=4005 type=goblinleader pos=57,145,18 hp=1830
living id=4006 type=goblin pos=66,146,18 hp=972
living id=4007 type=hobgoblinkaiser pos=164,177,18 hp=1784
living id=4008 type=redslime pos=76,3,18 hp=1145
living id=4009 type=hobgoblin pos=190,23,18 hp=1919
living id=4010 type=goblin pos=190,43,18 hp=1034
living id=4011 type=redslime pos=158,49,18 hp=898
living id=4012 type=redslime pos=188,30,18 hp=864
living id=4013 type=hobgoblin pos=49,178,18 hp=1820
living id=4014 type=goblinleader pos=73,121,18 hp=1634
living id=4015 type=goblinleader pos=53,189,18 hp=1788
living id=4016 type=giantspider pos=41,51,18 hp=1014
living id=4017 type=hobgoblinkaiser pos=60,72,18 hp=2602
living id=4018 type=goblinleader pos=114,190,18 hp=1498
living id=4019 type=hobgoblinkaiser pos=46,48,18 hp=2295
living id=4020 type=redslime pos=167,27,18 hp=1045
living id=4021 type=hobgoblinkaiser pos=58,91,18 hp=2585
living id=4022 type=cyclop pos=117,35,18 hp=2139
living id=4023 type=giantspider pos=22,4,18 hp=939
living id=4024 type=cyclop pos=94,59,18 hp=2292
living id=4025 type=goblinleader pos=155,11,18 hp=1518
living id=4026 type=giantspider pos=114,191,18 hp=1096
living id=4027 type=giantspider pos=21,103,18 hp=1134
living id=4028 type=goblin pos=32,119,18 hp=1006
living id=4029 type=hobgoblin pos=112,34,18 hp=2017
living id=4030 type=goblinleader pos=84,86,18 hp=1929
living id=4031 type=goblinleader pos=48,189,18 hp=1970
living id=4032 type=hobgoblinkaiser pos=171,90,18 hp=1869
living id=4033 type=hobgoblinkaiser pos=102,55,18 hp=1801
living id=4034 type=hobgoblin pos=130,152,18 hp=1657
living id=4035 type=cyclop pos=41,81,18 hp=1948
living id=4036 type=goblin pos=19,172,18 hp=1122
living id=4037 type=giantspider pos=24,119,18 hp=949
living id=4038 type=cyclop pos=83,179,18 hp=1808
living id=4039 type=redslime pos=114,160,18 hp=1068
living id=4040 type=hobgoblinkaiser pos=17,186,18 hp=1988
living id=4041 type=hobgoblinkaiser pos=112,153,18 hp=1834
living id=4042 type=goblin pos=18,128,18 hp=1123
living id=4043 type=goblinleader pos=82,182,18 hp=1589
living id=4044 type=hobgoblin pos=162,8,18 hp=1937
living id=4045 type=redslime pos=52,23,18 hp=1135
living id=4046 type=giantspider pos=154,46,18 hp=933
living id=4047 type=hobgoblin pos=179,182,18 hp=1802
living id=4048 type=goblinleader pos=14,187,18 hp=1449
living id=4049 type=cyclop pos=88,35,18 hp=2104
living id=4050 type=goblinleader pos=142,1,18 hp=1781
living id=4051 type=redslime pos=116,178,18 hp=1001
living id=4052 type=redslime pos=183,77,18 hp=859
living id=4053 type=cyclop pos=75,176,18 hp=1863
living id=4054 type=hobgoblinkaiser pos=21,28,18 hp=1960
living id=4055 type=giantspider pos=36,65,18 hp=915
living id=4056 type=cyclop pos=67,161,18 hp=1957
living id=4057 type=redslime pos=54,7,18 hp=994
living id=4058 type=goblin pos=50,143,18 hp=1017
living id=4059 type=redslime pos=41,144,18 hp=1019
living id=4060 type=cyclop pos=74,1,18 hp=2005
living id=4061 type=goblin pos=59,177,18 hp=952
living id=4062 type=hobgoblinkaiser pos=77,53,18 hp=1952
living id=4063 type=goblin pos=157,11,18 hp=895
living id=4064 type=goblinleader pos=34,66,18 hp=1965
living id=4065 type=hobgoblin pos=75,47,18 hp=1862
living id=4066 type=cyclop pos=86,142,18 hp=2168
living id=4067 type=goblinleader pos=14,67,18 hp=1503
living id=4068 type=goblinleader pos=55,19,18 hp=1947
living id=4069 type=hobgoblinkaiser pos=83,32,18 hp=2646
living id=4070 type=goblin pos=151,47,18 hp=1018
living id=4071 type=redslime pos=32,117,18 hp=890
living id=4072 type=goblin pos=172,93,18 hp=1038
living id=4073 type=goblin pos=72,84,18 hp=1144
living id=4074 type=goblin pos=47,156,18 hp=1076
living id=4075 type=hobgoblin pos=38,127,18 hp=1748
living id=4076 type=hobgoblin pos=101,154,18 hp=1752
living id=4077 type=goblinleader pos=79,114,18 hp=1862
living id=4078 type=hobgoblin pos=13,44,18 hp=1749
living id=4079 type=hobgoblinkaiser pos=128,152,18 hp=2469
living id=4080 type=redslime pos=32,69,18 hp=1044
living id=4081 type=redslime pos=185,22,18 hp=1068
living id=4082 type=goblinleader pos=176,99,18 hp=1445
living id=4083 type=hobgoblinkaiser pos=34,142,18 hp=1932
living id=4084 type=cyclop pos=173,31,18 hp=2374
living id=4085 type=hobgoblin pos=70,146,18 hp=1726
living id=4086 type=giantspider pos=81,37,18 hp=959
living id=4087 type=goblinleader pos=111,55,18 hp=1411
living id=4088 type=goblin pos=119,155,18 hp=945
living id=4090 type=goblin pos=189,178,18 hp=990
living id=4091 type=giantspider pos=89,32,18 hp=908
living id=4092 type=redslime pos=155,160,18 hp=1032
living id=4093 type=hobgoblin pos=148,11,18 hp=1975
living id=4094 type=giantspider pos=49,143,18 hp=1027
living id=4095 type=goblin pos=136,71,18 hp=997
living id=4096 type=giantspider pos=76,178,18 hp=950
living id=4097 type=goblin pos=156,70,18 hp=1026
living id=4098 type=goblin pos=54,19,18 hp=900
living id=4099 type=goblin pos=31,112,18 hp=994
living id=4100 type=cyclop pos=21,89,18 hp=2018
living id=4101 type=cyclop pos=21,94,18 hp=1943
living id=4102 type=cyclop pos=83,181,18 hp=1822
living id=4103 type=goblinleader pos=150,27,18 hp=1797
living id=4104 type=hobgoblin pos=191,182,18 hp=1974
living id=4105 type=hobgoblinkaiser pos=31,72,18 hp=1942
living id=4106 type=goblin pos=28,143,18 hp=928
living id=4107 type=giantspider pos=96,56,18 hp=1118
living id=4108 type=redslime pos=22,115,18 hp=1140
living id=4109 type=hobgoblin pos=103,157,18 hp=2115
living id=4110 type=hobgoblinkaiser pos=80,148,18 hp=2290
living id=4111 type=redslime pos=53,177,18 hp=939
living id=4112 type=hobgoblin pos=189,186,18 hp=1930
living id=4113 type=cyclop pos=69,121,18 hp=2293
living id=4114 type=giantspider pos=118,3,18 hp=1012
living id=4115 type=hobgoblinkaiser pos=98,18,18 hp=2588
living id=4116 type=goblin pos=76,55,18 hp=1058
living id=4117 type=hobgoblin pos=144,37,18 hp=2110
living id=4118 type=giantspider pos=119,70,18 hp=1107
living id=4119 type=goblinleader pos=101,190,18 hp=1824
living id=4120 type=redslime pos=176,180,18 hp=1099
living id=4121 type=cyclop pos=56,172,18 hp=2104
living id=4122 type=goblinleader pos=43,150,18 hp=1437
living id=4123 type=cyclop pos=98,56,18 hp=2088
living id=4124 type=hobgoblin pos=102,186,18 hp=1699
living id=4125 type=draukthehobgoblinking pos=9,100,18 hp=3866
living id=4126 type=giantspider pos=16,92,20 hp=881
living id=4127 type=direwolf pos=53,64,20 hp=1641
living id=4128 type=hobgoblin pos=114,161,20 hp=1973
living id=4129 type=hobgoblin pos=8,44,20 hp=1899
living id=4130 type=direwolf pos=85,37,20 hp=1556
living id=4131 type=goblinleader pos=56,79,20 hp=1536
living id=4132 type=giantspider pos=23,189,20 hp=866
living id=4133 type=hobgoblinkaiser pos=76,189,20 hp=2604
living id=4134 type=hobgoblinkaiser pos=43,168,20 hp=2306
living id=4135 type=cyclop pos=133,179,20 hp=1799
living id=4136 type=hobgoblin pos=90,43,20 hp=1879
living id=4137 type=redslime pos=58,54,20 hp=1096
living id=4138 type=direwolf pos=138,46,20 hp=1372
living id=4139 type=redslime pos=123,64,20 hp=1142
living id=4140 type=goblin pos=70,149,20 hp=1057
living id=4141 type=hobgoblin pos=176,80,20 hp=1846
living id=4142 type=direwolf pos=68,141,20 hp=1600
living id=4143 type=redslime pos=36,66,20 hp=868
living id=4144 type=goblin pos=19,190,20 hp=1051
living id=4145 type=direwolfalpha pos=9,134,20 hp=1368
living id=4146 type=redslime pos=111,22,20 hp=871
living id=4147 type=direwolfalpha pos=5,102,20 hp=1346
living id=4148 type=goblin pos=84,39,20 hp=1134
living id=4149 type=direwolf pos=39,102,20 hp=1453
living id=4150 type=cyclop pos=28,34,20 hp=2491
living id=4151 type=giantspider pos=57,66,20 hp=1048
living id=4152 type=hobgoblin pos=84,156,20 hp=1903
living id=4153 type=redslime pos=66,181,20 hp=1018
living id=4154 type=direwolfalpha pos=73,96,20 hp=1477
living id=4155 type=direwolfalpha pos=0,90,20 hp=1638
living id=4156 type=direwolf pos=158,167,20 hp=1379
living id=4157 type=direwolfalpha pos=130,161,20 hp=1494
living id=4158 type=redslime pos=83,65,20 hp=973
living id=4159 type=direwolf pos=61,99,20 hp=1645
living id=4160 type=cyclop pos=73,139,20 hp=2403
living id=4161 type=goblin pos=190,94,20 hp=869
living id=4162 type=goblinleader pos=95,161,20 hp=1775
living id=4163 type=direwolf pos=113,29,20 hp=1513
living id=4164 type=goblinleader pos=179,22,20 hp=1567
living id=4165 type=direwolfalpha pos=84,124,20 hp=1552
living id=4166 type=goblin pos=17,119,20 hp=1126
living id=4167 type=hobgoblin pos=147,79,20 hp=1800
living id=4168 type=goblinleader pos=77,67,20 hp=1701
living id=4169 type=cyclop pos=67,33,20 hp=2540
living id=4170 type=hobgoblin pos=105,189,20 hp=1691
living id=4171 type=goblinleader pos=149,68,20 hp=1420
living id=4172 type=direwolfalpha pos=171,11,20 hp=1363
living id=4173 type=direwolfalpha pos=108,2,20 hp=1521
living id=4174 type=hobgoblin pos=77,74,20 hp=1974
living id=4175 type=goblin pos=90,157,20 hp=972
living id=4176 type=direwolf pos=66,168,20 hp=1321
living id=4177 type=goblinleader pos=10,197,20 hp=1534
living id=4178 type=hobgoblin pos=21,173,20 hp=1709
living id=4179 type=redslime pos=172,14,20 hp=1140
living id=4180 type=goblinleader pos=159,2,20 hp=1760
living id=4181 type=direwolf pos=87,5,20 hp=1352
living id=4182 type=hobgoblinkaiser pos=162,28,20 hp=2115
living id=4183 type=goblin pos=60,93,20 hp=933
living id=4184 type=goblinleader pos=176,36,20 hp=1567
living id=4185 type=goblinleader pos=117,20,20 hp=1584
living id=4186 type=redslime pos=23,23,20 hp=860
living id=4187 type=giantspider pos=143,173,20 hp=1038
living id=4188 type=hobgoblinkaiser pos=55,146,20 hp=1987
living id=4189 type=goblin pos=80,88,20 hp=1010
living id=4190 type=goblinleader pos=113,25,20 hp=1485
living id=4191 type=hobgoblinkaiser pos=182,33,20 hp=1802
living id=4192 type=goblinleader pos=198,62,20 hp=1398
living id=4193 type=goblin pos=151,3,20 hp=1005
living id=4194 type=direwolf pos=179,84,20 hp=1534
living id=4195 type=direwolf pos=166,165,20 hp=1574
living id=4196 type=hobgoblin pos=55,90,20 hp=2135
living id=4197 type=goblin pos=66,160,20 hp=1091
living id=4198 type=goblinleader pos=28,73,20 hp=1657
living id=4199 type=hobgoblinkaiser pos=11,182,20 hp=2238
living id=4200 type=giantspider pos=106,77,20 hp=891
living id=4201 type=hobgoblinkaiser pos=57,35,20 hp=2654
living id=4202 type=giantspider pos=49,138,20 hp=899
living id=4203 type=hobgoblin pos=32,87,20 hp=1955
living id=4204 type=goblin pos=197,100,20 hp=1105
living id=4205 type=hobgoblinkaiser pos=83,43,20 hp=2128
living id=4206 type=direwolf pos=48,65,20 hp=1519
living id=4207 type=goblin pos=104,24,20 hp=907
living id=4208 type=giantspider pos=152,150,20 hp=1029
living id=4209 type=redslime pos=65,108,20 hp=1038
living id=4210 type=direwolf pos=166,69,20 hp=1367
living id=4211 type=goblin pos=73,169,20 hp=990
living id=4212 type=direwolf pos=17,170,20 hp=1580
living id=4213 type=direwolfalpha pos=193,28,20 hp=1290
living id=4214 type=cyclop pos=21,185,20 hp=2035
living id=4215 type=direwolf pos=34,52,20 hp=1411
living id=4216 type=hobgoblinkaiser pos=23,170,20 hp=1919
living id=4217 type=goblin pos=148,154,20 hp=998
living id=4218 type=redslime pos=110,177,20 hp=902
living id=4219 type=direwolfalpha pos=56,173,20 hp=1434
living id=4220 type=direwolf pos=1,188,20 hp=1577
living id=4221 type=hobgoblin pos=70,100,20 hp=1897
living id=4222 type=direwolf pos=150,58,20 hp=1665
living id=4223 type=hobgoblinkaiser pos=180,9,20 hp=1796
living id=4224 type=goblinleader pos=129,20,20 hp=1899
living id=4225 type=hobgoblinkaiser pos=62,185,20 hp=2342
living id=4226 type=redslime pos=50,155,20 hp=976
living id=4227 type=goblin pos=153,2,20 hp=1060
living id=4228 type=redslime pos=141,67,20 hp=1027
living id=4229 type=direwolfalpha pos=160,14,20 hp=1536
living id=4230 type=goblin pos=103,140,20 hp=1108
living id=4231 type=hobgoblinkaiser pos=86,12,20 hp=2160
living id=4232 type=cyclop pos=36,90,20 hp=2417
living id=4233 type=redslime pos=5,86,20 hp=1075
living id=4234 type=direwolf pos=65,87,20 hp=1361
living id=4235 type=cyclop pos=80,88,20 hp=2175
living id=4236 type=hobgoblinkaiser pos=47,98,20 hp=2011
living id=4237 type=direwolf pos=30,164,20 hp=1576
living id=4238 type=hobgoblinkaiser pos=6,6,20 hp=2051
living id=4239 type=direwolfalpha pos=67,4,20 hp=1690
living id=4240 type=redslime pos=134,148,20 hp=858
living id=4241 type=direwolfalpha pos=59,29,20 hp=1564
living id=4242 type=direwolf pos=18,185,20 hp=1366
living id=4243 type=direwolf pos=191,1,20 hp=1675
living id=4244 type=direwolfalpha pos=33,132,20 hp=1645
living id=4245 type=direwolfalpha pos=34,178,20 hp=1464
living id=4246 type=goblin pos=3,135,20 hp=874
living id=4247 type=direwolf pos=49,159,20 hp=1635
living id=4248 type=direwolfalpha pos=70,48,20 hp=1532
living id=4249 type=direwolfalpha pos=48,165,20 hp=1685
living id=4250 type=direwolf pos=103,45,20 hp=1620
living id=4251 type=hobgoblinkaiser pos=26,175,20 hp=2245
living id=4252 type=cyclop pos=62,154,20 hp=2138
living id=4253 type=cyclop pos=87,128,20 hp=2475
living id=4254 type=goblinleader pos=71,75,20 hp=1964
living id=4255 type=cyclop pos=147,15,20 hp=2278
living id=4256 type=cyclop pos=183,10,20 hp=1918
living id=4257 type=direwolfalpha pos=167,46,20 hp=1564
living id=4258 type=goblinleader pos=105,174,20 hp=1468
living id=4259 type=goblin pos=106,16,20 hp=1056
living id=4260 type=direwolfalpha pos=115,192,20 hp=1707
living id=4261 type=goblinleader pos=61,46,20 hp=1762
living id=4262 type=direwolfalpha pos=65,92,20 hp=1293
living id=4263 type=cyclop pos=49,67,20 hp=2061
living id=4264 type=hobgoblinkaiser pos=78,16,20 hp=1855
living id=4265 type=direwolf pos=161,10,20 hp=1479
living id=4266 type=giantspider pos=4,120,20 hp=1099
living id=4267 type=giantspider pos=158,39,20 hp=874
living id=4268 type=direwolf pos=35,185,20 hp=1501
living id=4269 type=goblinleader pos=130,170,20 hp=2010
living id=4270 type=hobgoblinkaiser pos=177,85,20 hp=1812
living id=4271 type=hobgoblin pos=16,136,20 hp=2041
living id=4272 type=hobgoblinkaiser pos=9,158,20 hp=2087
living id=4273 type=direwolfalpha pos=35,29,20 hp=1605
living id=4274 type=hobgoblin pos=94,198,20 hp=2082
living id=4275 type=hobgoblin pos=9,29,20 hp=2028
living id=4276 type=goblin pos=58,157,20 hp=1005
living id=4277 type=giantspider pos=17,138,20 hp=1047
living id=4278 type=hobgoblin pos=36,198,20 hp=1957
living id=4279 type=hobgoblin pos=180,39,20 hp=1666
living id=4280 type=giantspider pos=76,41,20 hp=894
living id=4281 type=direwolfalpha pos=50,22,20 hp=1350
living id=4282 type=goblinleader pos=125,58,20 hp=2009
living id=4283 type=goblin pos=150,171,20 hp=974
living id=4284 type=redslime pos=163,49,20 hp=982
living id=4285 type=hobgoblinkaiser pos=78,33,20 hp=2037
living id=4286 type=direwolfalpha pos=148,57,20 hp=1410
living id=4287 type=goblinleader pos=55,61,20 hp=1937
living id=4288 type=goblin pos=121,196,20 hp=1029
living id=4289 type=direwolfalpha pos=194,34,20 hp=1485
living id=4290 type=hobgoblinkaiser pos=124,18,20 hp=2049
living id=4291 type=cyclop pos=119,175,20 hp=1861
living id=4292 type=direwolf pos=63,166,20 hp=1369
living id=4293 type=hobgoblinkaiser pos=172,88,20 hp=1806
living id=4294 type=hobgoblin pos=53,162,20 hp=2123
living id=4295 type=direwolfalpha pos=81,134,20 hp=1469
living id=4296 type=redslime pos=75,188,20 hp=857
living id=4297 type=direwolf pos=56,173,20 hp=1371
living id=4298 type=cyclop pos=88,49,20 hp=2192
living id=4299 type=hobgoblinkaiser pos=132,56,20 hp=2418
living id=4300 type=giantspider pos=157,86,20 hp=1052
living id=4301 type=direwolfalpha pos=194,78,20 hp=1425
living id=4302 type=hobgoblinkaiser pos=81,177,20 hp=2072
living id=4303 type=goblin pos=177,55,20 hp=1053
living id=4304 type=hobgoblinkaiser pos=198,15,20 hp=1922
living id=4305 type=direwolf pos=115,30,20 hp=1626
living id=4306 type=redslime pos=49,97,20 hp=990
living id=4307 type=giantspider pos=129,44,20 hp=984
living id=4308 type=goblin pos=71,1,20 hp=979
living id=4309 type=direwolfalpha pos=126,7,20 hp=1517
living id=4310 type=giantspider pos=110,179,20 hp=1014
living id=4311 type=goblinleader pos=156,1,20 hp=1730
living id=4312 type=hobgoblinkaiser pos=148,18,20 hp=1876
living id=4313 type=giantspider pos=66,129,20 hp=962
living id=4314 type=direwolf pos=36,152,20 hp=1333
living id=4315 type=cyclop pos=47,36,20 hp=1768
living id=4316 type=giantspider pos=42,10,20 hp=931
living id=4317 type=giantspider pos=11,32,20 hp=1143
living id=4318 type=direwolf pos=57,40,20 hp=1533
living id=4319 type=hobgoblinkaiser pos=4,91,20 hp=2436
living id=4320 type=direwolfalpha pos=51,32,20 hp=1573
living id=4321 type=goblin pos=87,36,20 hp=957
living id=4322 type=cyclop pos=67,161,20 hp=1971
living id=4323 type=cyclop pos=179,21,20 hp=1865
living id=4324 type=hobgoblinkaiser pos=180,174,20 hp=2379
living id=4325 type=direwolf pos=193,21,20 hp=1448
living id=4326 type=direwolf pos=145,176,20 hp=1572
living id=4327 type=direwolf pos=110,169,20 hp=1376
living id=4328 type=direwolf pos=109,18,20 hp=1359
living id=4329 type=goblin pos=125,145,20 hp=977
living id=4330 type=goblinleader pos=164,52,20 hp=1492
living id=4331 type=direwolfalpha pos=62,107,20 hp=1441
living id=4332 type=giantspider pos=101,140,20 hp=1149
living id=4333 type=direwolfalpha pos=156,18,20 hp=1665
living id=4334 type=hobgoblin pos=60,50,20 hp=1995
living id=4335 type=goblinleader pos=45,178,20 hp=1748
living id=4336 type=direwolfalpha pos=24,52,20 hp=1609
living id=4337 type=hobgoblinkaiser pos=71,183,20 hp=1949
living id=4338 type=goblinleader pos=137,150,20 hp=1826
living id=4339 type=goblinleader pos=19,34,20 hp=1902
living id=4340 type=cyclop pos=98,19,20 hp=1776
living id=4341 type=direwolfalpha pos=122,159,20 hp=1362
living id=4342 type=redslime pos=193,175,20 hp=1020
living id=4343 type=hobgoblin pos=74,31,20 hp=1731
living id=4344 type=goblinleader pos=121,47,20 hp=1509
living id=4345 type=redslime pos=31,113,20 hp=865
living id=4346 type=direwolf pos=76,153,20 hp=1664
living id=4347 type=hobgoblin pos=8,120,20 hp=1906
living id=4348 type=giantspider pos=30,154,20 hp=1120
living id=4349 type=cyclop pos=86,160,20 hp=2471
living id=4350 type=goblinleader pos=115,28,20 hp=1796
living id=4351 type=hobgoblin pos=125,69,20 hp=1831
living id=4352 type=goblin pos=37,69,20 hp=868
living id=4353 type=redslime pos=66,86,20 hp=1073
living id=4354 type=direwolfalpha pos=193,78,20 hp=1336
living id=4355 type=direwolf pos=34,198,20 hp=1395
living id=4356 type=goblinleader pos=133,35,20 hp=1416
living id=4357 type=goblinleader pos=28,165,20 hp=1737
living id=4358 type=hobgoblin pos=41,9,20 hp=2013
living id=4359 type=cyclop pos=10,155,20 hp=1906
living id=4360 type=giantspider pos=18,185,20 hp=1068
living id=4361 type=direwolfalpha pos=47,78,20 hp=1295
living id=4362 type=hobgoblinkaiser pos=40,89,20 hp=2293
living id=4363 type=goblinleader pos=122,179,20 hp=1977
living id=4364 type=goblinleader pos=61,171,20 hp=1992
living id=4365 type=goblin pos=25,71,20 hp=1146
living id=4366 type=hobgoblinkaiser pos=100,33,20 hp=2256
living id=4367 type=hobgoblin pos=81,76,20 hp=1976
living id=4368 type=giantspider pos=105,142,20 hp=886
living id=4369 type=hobgoblin pos=132,152,20 hp=1638
living id=4370 type=direwolf pos=10,146,20 hp=1574
living id=4371 type=giantspider pos=82,66,20 hp=971
living id=4372 type=direwolfalpha pos=9,166,20 hp=1468
living id=4373 type=giantspider pos=168,185,20 hp=961
living id=4374 type=goblin pos=166,9,20 hp=1055
living id=4375 type=hobgoblinkaiser pos=43,61,20 hp=2501
living id=4376 type=direwolf pos=161,2,20 hp=1651
living id=4377 type=hobgoblinkaiser pos=37,153,20 hp=1980
living id=4378 type=giantspider pos=8,154,20 hp=985
living id=4379 type=redslime pos=46,168,20 hp=979
living id=4380 type=hobgoblinkaiser pos=50,157,20 hp=1763
living id=4381 type=direwolf pos=55,90,20 hp=1501
living id=4382 type=goblinleader pos=39,87,20 hp=1674
living id=4383 type=cyclop pos=26,25,20 hp=2210
living id=4384 type=hobgoblin pos=6,11,20 hp=1738
living id=4385 type=hobgoblinkaiser pos=187,71,20 hp=2606
living id=4386 type=hobgoblinkaiser pos=122,44,20 hp=2045
living id=4387 type=direwolfalpha pos=129,189,20 hp=1489
living id=4388 type=hobgoblin pos=178,85,20 hp=1681
living id=4389 type=redslime pos=180,64,20 hp=964
living id=4390 type=cyclop pos=19,110,20 hp=2068
living id=4391 type=hobgoblinkaiser pos=169,47,20 hp=2241
living id=4392 type=cyclop pos=150,11,20 hp=2217
living id=4393 type=hobgoblin pos=95,136,20 hp=1901
living id=4394 type=direwolf pos=72,136,20 hp=1538
living id=4395 type=goblin pos=58,36,20 hp=1016
living id=4396 type=hobgoblin pos=131,42,20 hp=1869
living id=4397 type=giantspider pos=65,112,20 hp=936
living id=4398 type=direwolf pos=45,114,20 hp=1340
living id=4399 type=hobgoblinkaiser pos=145,2,20 hp=1918
living id=4400 type=hobgoblinkaiser pos=121,150,20 hp=2277
living id=4401 type=hobgoblinkaiser pos=35,117,20 hp=2239
living id=4402 type=hobgoblinkaiser pos=7,78,20 hp=2373
living id=4403 type=giantspider pos=13,66,20 hp=1065
living id=4404 type=redslime pos=46,130,20 hp=997
living id=4405 type=giantspider pos=39,98,20 hp=1067
living id=4406 type=redslime pos=10,20,20 hp=1006
living id=4407 type=goblin pos=198,73,20 hp=961
living id=4408 type=direwolf pos=163,86,20 hp=1598
living id=4409 type=goblin pos=124,158,20 hp=1016
living id=4410 type=direwolfalpha pos=60,86,20 hp=1321
living id=4411 type=hobgoblin pos=88,167,20 hp=1640
living id=4412 type=giantspider pos=33,184,20 hp=953
living id=4413 type=redslime pos=51,87,20 hp=1006
living id=4414 type=direwolf pos=152,170,20 hp=1502
living id=4415 type=cyclop pos=194,32,20 hp=2045
living id=4416 type=cyclop pos=80,28,20 hp=1941
living id=4417 type=hobgoblinkaiser pos=114,152,20 hp=2106
living id=4418 type=direwolf pos=108,29,20 hp=1395
living id=4419 type=direwolfalpha pos=187,12,20 hp=1430
living id=4420 type=goblinleader pos=42,86,20 hp=1698
living id=4421 type=goblinleader pos=92,157,20 hp=1829
living id=4422 type=cyclop pos=90,54,20 hp=1917
living id=4423 type=goblin pos=8,135,20 hp=1114
living id=4424 type=direwolfalpha pos=1,120,20 hp=1661
living id=4425 type=direwolf pos=98,156,20 hp=1452
living id=4426 type=direwolfalpha pos=45,166,20 hp=1354
living id=4427 type=goblinleader pos=126,27,20 hp=2005
living id=4428 type=goblin pos=164,9,20 hp=991
living id=4429 type=direwolf pos=172,31,20 hp=1514
living id=4430 type=cyclop pos=182,27,20 hp=2515
living id=4431 type=hobgoblinkaiser pos=95,189,20 hp=2263
living id=4432 type=hobgoblin pos=25,154,20 hp=1810
living id=4433 type=hobgoblinkaiser pos=70,145,20 hp=2335
living id=4434 type=giantspider pos=85,160,20 hp=1061
living id=4435 type=redslime pos=115,184,20 hp=991
living id=4436 type=redslime pos=159,10,20 hp=1134
living id=4437 type=direwolf pos=16,30,20 hp=1347
living id=4438 type=redslime pos=128,149,20 hp=1066
living id=4439 type=cyclop pos=62,156,20 hp=2374
living id=4440 type=redslime pos=165,25,20 hp=987
living id=4441 type=cyclop pos=8,174,20 hp=1834
living id=4442 type=hobgoblin pos=32,142,20 hp=2065
living id=4443 type=giantspider pos=189,44,20 hp=858
living id=4444 type=goblinleader pos=59,21,20 hp=1607
living id=4445 type=goblinleader pos=117,150,20 hp=1687
living id=4446 type=hobgoblin pos=11,1,20 hp=2016
living id=4447 type=hobgoblin pos=179,93,20 hp=1683
living id=4448 type=hobgoblin pos=191,91,20 hp=1920
living id=4449 type=hobgoblinkaiser pos=165,87,20 hp=2613
living id=4450 type=goblinleader pos=152,164,20 hp=1949
living id=4451 type=cyclop pos=172,175,20 hp=2503
living id=4452 type=goblin pos=133,161,20 hp=882
living id=4453 type=direwolfalpha pos=146,69,20 hp=1701
living id=4454 type=redslime pos=164,8,20 hp=987
living id=4455 type=cyclop pos=52,94,20 hp=2437
living id=4456 type=hobgoblinkaiser pos=181,19,20 hp=2473
living id=4457 type=redslime pos=16,127,20 hp=994
living id=4458 type=hobgoblinkaiser pos=76,68,20 hp=2638
living id=4459 type=hobgoblinkaiser pos=159,196,20 hp=2407
living id=4460 type=direwolf pos=84,46,20 hp=1346
living id=4461 type=hobgoblin pos=127,7,20 hp=1721
living id=4462 type=goblinleader pos=44,55,20 hp=1494
living id=4463 type=hobgoblinkaiser pos=69,26,20 hp=1970
living id=4464 type=redslime pos=85,3,20 hp=965
living id=4465 type=cyclop pos=85,197,20 hp=2403
living id=4466 type=goblin pos=132,25,20 hp=1033
living id=4467 type=direwolf pos=30,115,20 hp=1480
living id=4468 type=direwolf pos=22,51,20 hp=1480
living id=4469 type=goblinleader pos=113,47,20 hp=1540
living id=4470 type=cyclop pos=191,2,20 hp=1938
living id=4471 type=goblinleader pos=141,76,20 hp=1659
living id=4472 type=redslime pos=42,88,20 hp=1116
living id=4473 type=redslime pos=47,96,20 hp=982
living id=4474 type=goblinleader pos=172,51,20 hp=2003
living id=4475 type=goblinleader pos=118,37,20 hp=1470
living id=4476 type=hobgoblinkaiser pos=85,46,20 hp=2285
living id=4477 type=goblinleader pos=130,17,20 hp=1769
living id=4478 type=redslime pos=86,5,20 hp=1007
living id=4479 type=giantspider pos=115,156,20 hp=1121
living id=4480 type=hobgoblin pos=193,100,20 hp=1750
living id=4481 type=goblinleader pos=61,194,20 hp=1873
living id=4482 type=giantspider pos=83,165,20 hp=1051
living id=4483 type=redslime pos=22,132,20 hp=947
living id=4484 type=direwolfalpha pos=38,198,20 hp=1345
living id=4485 type=direwolf pos=102,72,20 hp=1356
living id=4486 type=hobgoblin pos=53,154,20 hp=1759
living id=4487 type=direwolfalpha pos=137,173,20 hp=1536
living id=4488 type=cyclop pos=125,155,20 hp=2539
living id=4489 type=hobgoblin pos=154,35,20 hp=1743
living id=4490 type=cyclop pos=174,46,20 hp=1898
living id=4491 type=hobgoblinkaiser pos=63,94,20 hp=2000
living id=4492 type=hobgoblin pos=34,73,20 hp=1673
living id=4493 type=goblin pos=76,142,20 hp=1101
living id=4494 type=hobgoblinkaiser pos=61,85,20 hp=1933
living id=4495 type=goblin pos=28,166,20 hp=1057
living id=4496 type=direwolf pos=31,142,20 hp=1554
living id=4497 type=goblin pos=91,165,20 hp=864
living id=4498 type=giantspider pos=171,52,20 hp=893
living id=4499 type=direwolfalpha pos=92,182,20 hp=1511
living id=4500 type=direwolf pos=89,15,20 hp=1558
living id=4501 type=redslime pos=74,76,20 hp=979
living id=4502 type=goblin pos=52,122,20 hp=1003
living id=4503 type=goblinleader pos=16,78,20 hp=1931
living id=4504 type=hobgoblin pos=43,19,20 hp=1977
living id=4505 type=direwolf pos=51,14,20 hp=1651
living id=4506 type=goblin pos=164,48,20 hp=1123
living id=4507 type=redslime pos=152,182,20 hp=1106
living id=4508 type=giantspider pos=88,10,20 hp=986
living id=4509 type=goblinleader pos=6,179,20 hp=1874
living id=4510 type=direwolf pos=27,177,20 hp=1545
living id=4511 type=redslime pos=72,112,20 hp=855
living id=4512 type=redslime pos=22,66,20 hp=1065
living id=4513 type=goblinleader pos=54,64,20 hp=1444
living id=4514 type=redslime pos=102,16,20 hp=903
living id=4515 type=direwolf pos=120,50,20 hp=1438
living id=4516 type=hobgoblin pos=152,157,20 hp=1779
living id=4517 type=direwolfalpha pos=156,69,20 hp=1423
living id=4518 type=hobgoblinkaiser pos=116,33,20 hp=2054
living id=4519 type=hobgoblin pos=126,64,20 hp=1998
living id=4520 type=goblin pos=152,79,20 hp=863
living id=4521 type=hobgoblin pos=177,63,20 hp=1981
living id=4522 type=giantspider pos=166,25,20 hp=1139
living id=4523 type=hobgoblinkaiser pos=46,118,20 hp=2079
living id=4524 type=direwolf pos=41,184,20 hp=1327
living id=4525 type=cyclop pos=65,36,20 hp=2198
living id=4526 type=direwolf pos=4,37,20 hp=1554
living id=4527 type=giantspider pos=121,29,20 hp=1017
living id=4528 type=hobgoblin pos=150,18,20 hp=2129
living id=4529 type=hobgoblin pos=182,26,20 hp=1789
living id=4530 type=direwolf pos=86,129,20 hp=1435
living id=4531 type=hobgoblin pos=39,79,20 hp=1772
living id=4532 type=hobgoblin pos=8,101,20 hp=2023
living id=4533 type=direwolfalpha pos=11,196,20 hp=1413
living id=4534 type=direwolfalpha pos=57,77,20 hp=1350
living id=4535 type=goblin pos=110,53,20 hp=1063
living id=4536 type=cyclop pos=15,136,20 hp=2059
living id=4537 type=goblin pos=133,180,20 hp=1108
living id=4538 type=redslime pos=127,1,20 hp=995
living id=4539 type=hobgoblinkaiser pos=25,125,20 hp=2228
living id=4540 type=direwolfalpha pos=130,17,20 hp=1403
living id=4541 type=direwolf pos=3,8,20 hp=1628
living id=4542 type=giantspider pos=26,162,20 hp=995
living id=4543 type=hobgoblin pos=73,55,20 hp=1967
living id=4544 type=goblinleader pos=119,31,20 hp=1843
living id=4545 type=giantspider pos=112,181,20 hp=985
living id=4546 type=cyclop pos=23,72,20 hp=1704
living id=4547 type=goblinleader pos=157,40,20 hp=1438
living id=4548 type=giantspider pos=24,23,20 hp=1058
living id=4549 type=giantspider pos=146,154,20 hp=930
living id=4550 type=hobgoblin pos=99,183,20 hp=2110
living id=4551 type=cyclop pos=47,128,20 hp=2540
living id=4552 type=hobgoblinkaiser pos=166,71,20 hp=2033
living id=4553 type=giantspider pos=85,36,20 hp=1045
living id=4554 type=giantspider pos=77,99,20 hp=934
living id=4555 type=goblin pos=168,57,20 hp=880
living id=4556 type=redslime pos=55,166,20 hp=1113
living id=4557 type=giantspider pos=115,158,20 hp=853
living id=4558 type=direwolfalpha pos=101,153,20 hp=1367
living id=4559 type=giantspider pos=47,52,20 hp=954
living id=4560 type=hobgoblin pos=181,99,20 hp=2125
living id=4561 type=redslime pos=112,156,20 hp=851
living id=4562 type=direwolfalpha pos=95,143,20 hp=1499
living id=4563 type=hobgoblinkaiser pos=11,139,20 hp=2110
living id=4564 type=cyclop pos=46,186,20 hp=1754
living id=4565 type=giantspider pos=98,20,20 hp=991
living id=4566 type=goblinleader pos=58,78,20 hp=1868
living id=4567 type=giantspider pos=179,17,20 hp=943
living id=4568 type=direwolf pos=37,40,20 hp=1605
living id=4569 type=hobgoblinkaiser pos=66,130,20 hp=1870
living id=4570 type=direwolf pos=74,106,20 hp=1500
living id=4571 type=hobgoblin pos=80,18,20 hp=2085
living id=4572 type=cyclop pos=96,7,20 hp=2314
living id=4573 type=goblinleader pos=121,34,20 hp=1996
living id=4574 type=direwolf pos=97,8,20 hp=1517
living id=4575 type=giantspider pos=67,55,20 hp=1007
living id=4576 type=redslime pos=151,54,20 hp=949
living id=4577 type=giantspider pos=183,96,20 hp=1090
living id=4578 type=giantspider pos=150,62,20 hp=1015
living id=4579 type=goblin pos=67,178,20 hp=994
living id=4580 type=hobgoblin pos=24,152,20 hp=1908
living id=4581 type=redslime pos=120,27,20 hp=1110
living id=4582 type=direwolfalpha pos=167,31,20 hp=1330
living id=4583 type=cyclop pos=130,178,20 hp=2456
living id=4584 type=hobgoblin pos=179,79,20 hp=2051
living id=4585 type=goblin pos=115,22,20 hp=961
living id=4586 type=direwolf pos=89,54,20 hp=1581
living id=4587 type=cyclop pos=5,168,20 hp=2385
living id=4588 type=goblin pos=115,70,20 hp=1070
living id=4589 type=goblin pos=39,17,20 hp=984
living id=4590 type=giantspider pos=124,149,20 hp=984
living id=4591 type=direwolfalpha pos=106,159,20 hp=1499
living id=4592 type=hobgoblinkaiser pos=58,103,20 hp=2451
living id=4593 type=redslime pos=53,164,20 hp=1060
living id=4594 type=hobgoblin pos=57,101,20 hp=1713
living id=4595 type=giantspider pos=138,25,20 hp=883
living id=4596 type=giantspider pos=78,45,20 hp=944
living id=4597 type=hobgoblin pos=12,11,20 hp=2133
living id=4598 type=direwolf pos=45,49,20 hp=1574
living id=4599 type=goblin pos=153,32,20 hp=939
living id=4600 type=giantspider pos=60,127,20 hp=938
living id=4601 type=goblinleader pos=189,5,20 hp=1854
living id=4602 type=giantspider pos=70,142,20 hp=861
living id=4603 type=giantspider pos=155,186,20 hp=1046
living id=4604 type=cyclop pos=38,103,20 hp=2339
living id=4605 type=goblinleader pos=111,74,20 hp=1960
living id=4606 type=cyclop pos=153,165,20 hp=2185
living id=4607 type=direwolfalpha pos=54,135,20 hp=1364
living id=4608 type=redslime pos=198,21,20 hp=1149
living id=4609 type=goblinleader pos=110,27,20 hp=1469
living id=4610 type=goblinleader pos=21,24,20 hp=1891
living id=4611 type=direwolf pos=57,91,20 hp=1421
living id=4612 type=cyclop pos=120,12,20 hp=2165
living id=4613 type=hobgoblinkaiser pos=42,95,20 hp=2333
living id=4614 type=goblinleader pos=195,89,20 hp=1605
living id=4615 type=goblin pos=66,160,20 hp=1041
living id=4616 type=hobgoblinkaiser pos=146,166,20 hp=2312
living id=4617 type=goblin pos=183,102,20 hp=1068
living id=4618 type=redslime pos=99,18,20 hp=1009
living id=4619 type=giantspider pos=115,21,20 hp=986
living id=4620 type=goblinleader pos=20,67,20 hp=1989
living id=4621 type=cyclop pos=154,6,20 hp=2034
living id=4622 type=redslime pos=53,23,20 hp=865
living id=4623 type=cyclop pos=71,152,20 hp=1967
living id=4624 type=cyclop pos=125,7,20 hp=2447
living id=4625 type=direwolf pos=93,158,20 hp=1484
living id=4626 type=cyclop pos=48,126,20 hp=2178
living id=4627 type=cyclop pos=135,149,20 hp=2119
living id=4628 type=redslime pos=57,87,20 hp=1120
living id=4629 type=direwolfalpha pos=159,173,20 hp=1337
living id=4630 type=goblinleader pos=161,196,20 hp=1718
living id=4631 type=hobgoblin pos=53,71,20 hp=2095
living id=4632 type=goblinleader pos=135,179,20 hp=1539
living id=4633 type=hobgoblin pos=73,29,20 hp=1850
living id=4634 type=goblin pos=93,136,20 hp=858
living id=4635 type=direwolfalpha pos=28,26,20 hp=1682
living id=4636 type=direwolf pos=56,36,20 hp=1326
living id=4637 type=goblin pos=83,167,20 hp=1140
living id=4638 type=giantspider pos=158,85,20 hp=1120
living id=4639 type=hobgoblinkaiser pos=46,64,20 hp=2584
living id=4640 type=hobgoblinkaiser pos=144,29,20 hp=2107
living id=4641 type=hobgoblinkaiser pos=5,167,20 hp=2438
living id=4642 type=direwolf pos=198,75,20 hp=1514
living id=4643 type=goblinleader pos=83,88,20 hp=1601
living id=4644 type=hobgoblinkaiser pos=77,125,20 hp=2460
living id=4645 type=direwolf pos=101,143,20 hp=1528
living id=4646 type=redslime pos=110,157,20 hp=900
living id=4647 type=redslime pos=11,191,20 hp=902
living id=4648 type=hobgoblin pos=12,184,20 hp=2013
living id=4649 type=goblinleader pos=161,15,20 hp=1981
living id=4650 type=redslime pos=38,2,20 hp=899
living id=4651 type=goblinleader pos=80,197,20 hp=1502
living id=4652 type=redslime pos=110,46,20 hp=1081
living id=4653 type=redslime pos=88,73,20 hp=1143
living id=4654 type=redslime pos=11,48,20 hp=860
living id=4655 type=giantspider pos=110,12,20 hp=1089
living id=4656 type=goblin pos=173,54,20 hp=1096
living id=4657 type=cyclop pos=99,30,20 hp=2151
living id=4658 type=hobgoblinkaiser pos=107,192,20 hp=2446
living id=4659 type=direwolf pos=56,106,20 hp=1347
living id=4660 type=direwolf pos=176,5,20 hp=1331
living id=4661 type=cyclop pos=14,166,20 hp=1746
living id=4662 type=hobgoblin pos=31,103,20 hp=1648
living id=4663 type=hobgoblin pos=197,69,20 hp=2094
living id=4664 type=cyclop pos=32,182,20 hp=2019
living id=4665 type=hobgoblinkaiser pos=176,9,20 hp=1807
living id=4666 type=goblin pos=9,48,20 hp=984
living id=4667 type=giantspider pos=76,142,20 hp=872
living id=4668 type=goblin pos=30,7,20 hp=872
living id=4669 type=redslime pos=151,191,20 hp=865
living id=4670 type=hobgoblinkaiser pos=87,17,20 hp=2027
living id=4671 type=cyclop pos=38,147,20 hp=1775
living id=4672 type=goblin pos=40,122,20 hp=954
living id=4673 type=direwolfalpha pos=107,156,20 hp=1521
living id=4674 type=hobgoblinkaiser pos=92,132,20 hp=2645
living id=4675 type=goblin pos=78,46,20 hp=999
living id=4676 type=direwolf pos=87,164,20 hp=1461
living id=4677 type=giantspider pos=104,53,20 hp=967
living id=4678 type=direwolf pos=197,67,20 hp=1465
living id=4679 type=cyclop pos=21,173,20 hp=2527
living id=4680 type=direwolfalpha pos=112,151,20 hp=1287
living id=4681 type=redslime pos=70,33,20 hp=945
living id=4682 type=redslime pos=66,34,20 hp=1109
living id=4683 type=direwolf pos=131,26,20 hp=1573
living id=4684 type=giantspider pos=104,42,20 hp=859
living id=4685 type=goblin pos=112,50,20 hp=941
living id=4686 type=direwolf pos=61,173,20 hp=1505
living id=4687 type=cyclop pos=58,55,20 hp=1935
living id=4688 type=redslime pos=98,181,20 hp=961
living id=4689 type=goblinleader pos=48,55,20 hp=1987
living id=4690 type=hobgoblinkaiser pos=26,171,20 hp=2616
living id=4691 type=cyclop pos=164,183,20 hp=2102
living id=4692 type=direwolfalpha pos=74,190,20 hp=1383
living id=4693 type=goblin pos=138,158,20 hp=917
living id=4694 type=goblinleader pos=91,172,20 hp=1915
living id=4695 type=cyclop pos=29,17,20 hp=2507
living id=4696 type=redslime pos=55,136,20 hp=906
living id=4697 type=goblin pos=130,169,20 hp=1106
living id=4698 type=direwolf pos=12,3,20 hp=1438
living id=4699 type=hobgoblinkaiser pos=192,26,20 hp=2455
living id=4700 type=cyclop pos=113,173,20 hp=2414
living id=4701 type=hobgoblinkaiser pos=80,123,20 hp=2602
living id=4702 type=direwolf pos=124,153,20 hp=1630
living id=4703 type=hobgoblin pos=85,125,20 hp=2108
living id=4704 type=goblinleader pos=152,7,20 hp=1808
living id=4705 type=goblinleader pos=41,95,20 hp=1905
living id=4706 type=redslime pos=30,195,20 hp=888
living id=4707 type=direwolfalpha pos=72,7,20 hp=1637
living id=4708 type=hobgoblin pos=28,198,20 hp=1987
living id=4709 type=hobgoblin pos=15,45,20 hp=1761
living id=4710 type=redslime pos=122,52,20 hp=970
living id=4711 type=hobgoblinkaiser pos=69,27,20 hp=2063
living id=4712 type=cyclop pos=127,150,20 hp=1729
living id=4713 type=giantspider pos=34,186,20 hp=883
living id=4714 type=hobgoblinkaiser pos=62,175,20 hp=2571
living id=4715 type=giantspider pos=122,191,20 hp=952
living id=4716 type=hobgoblinkaiser pos=141,76,20 hp=2325
living id=4717 type=hobgoblin pos=60,93,20 hp=2009
living id=4718 type=goblin pos=68,176,20 hp=918
living id=4719 type=goblin pos=114,73,20 hp=902
living id=4720 type=giantspider pos=185,26,20 hp=1028
living id=4721 type=direwolf pos=149,9,20 hp=1589
living id=4722 type=direwolfalpha pos=119,4,20 hp=1468
living id=4723 type=cyclop pos=165,10,20 hp=2088
living id=4724 type=cyclop pos=114,60,20 hp=1974
living id=4725 type=redslime pos=102,35,20 hp=885
living id=4726 type=goblinleader pos=187,196,20 hp=1920
living id=4727 type=redslime pos=43,142,20 hp=932
living id=4728 type=hobgoblinkaiser pos=63,171,20 hp=2334
living id=4729 type=hobgoblin pos=172,169,20 hp=2021
living id=4730 type=redslime pos=39,196,20 hp=1113
living id=4731 type=goblinleader pos=4,82,20 hp=1894
living id=4732 type=cyclop pos=36,89,20 hp=2293
living id=4733 type=redslime pos=155,25,20 hp=924
living id=4734 type=hobgoblin pos=12,55,20 hp=2058
living id=4735 type=redslime pos=87,74,20 hp=981
living id=4736 type=giantspider pos=69,144,20 hp=884
living id=4737 type=cyclop pos=86,154,20 hp=1862
living id=4738 type=hobgoblinkaiser pos=68,170,20 hp=2481
living id=4739 type=goblin pos=78,152,20 hp=1103
living id=4740 type=redslime pos=90,182,20 hp=878
living id=4741 type=cyclop pos=5,63,20 hp=1965
living id=4742 type=hobgoblin pos=111,58,20 hp=2115
living id=4743 type=redslime pos=146,77,20 hp=980
living id=4744 type=giantspider pos=152,77,20 hp=881
living id=4745 type=cyclop pos=113,57,20 hp=2055
living id=4746 type=giantspider pos=117,34,20 hp=1076
living id=4747 type=direwolf pos=188,196,20 hp=1623
living id=4748 type=goblin pos=99,178,20 hp=1000
living id=4749 type=hobgoblinkaiser pos=22,190,20 hp=2627
living id=4750 type=cyclop pos=151,52,20 hp=2257
living id=4751 type=direwolfalpha pos=89,43,20 hp=1375
living id=4752 type=goblinleader pos=181,172,20 hp=1775
living id=4753 type=redslime pos=88,51,20 hp=1141
living id=4754 type=direwolf pos=169,58,20 hp=1362
living id=4755 type=direwolf pos=85,51,20 hp=1483
living id=4756 type=hobgoblinkaiser pos=66,83,20 hp=2350
living id=4757 type=hobgoblinkaiser pos=184,199,20 hp=2316
living id=4758 type=cyclop pos=162,1,20 hp=1934
living id=4759 type=direwolf pos=86,170,20 hp=1382
living id=4760 type=direwolf pos=79,90,20 hp=1458
living id=4761 type=cyclop pos=165,55,20 hp=2194
living id=4762 type=goblinleader pos=34,128,20 hp=1461
living id=4763 type=direwolfalpha pos=65,165,20 hp=1572
living id=4764 type=goblinleader pos=11,103,20 hp=1451
living id=4765 type=cyclop pos=123,163,20 hp=2391
living id=4766 type=cyclop pos=59,98,20 hp=2166
living id=4767 type=hobgoblinkaiser pos=180,9,20 hp=2435
living id=4768 type=goblinleader pos=115,3,20 hp=1591
living id=4769 type=direwolfalpha pos=112,30,20 hp=1652
living id=4770 type=goblinleader pos=43,98,20 hp=1422
living id=4771 type=cyclop pos=88,168,20 hp=2348
living id=4772 type=direwolf pos=53,157,20 hp=1639
living id=4773 type=goblin pos=108,155,20 hp=1059
living id=4774 type=hobgoblinkaiser pos=3,85,20 hp=2276
living id=4775 type=hobgoblinkaiser pos=62,3,20 hp=2447
living id=4776 type=hobgoblin pos=98,69,20 hp=2032
living id=4777 type=goblinleader pos=56,74,20 hp=1598
living id=4778 type=redslime pos=16,65,20 hp=872
living id=4779 type=goblin pos=155,70,20 hp=1009
living id=4780 type=hobgoblin pos=179,63,20 hp=2003
living id=4781 type=hobgoblinkaiser pos=36,73,20 hp=1883
living id=4782 type=goblinleader pos=141,72,20 hp=1881
living id=4783 type=direwolfalpha pos=87,127,20 hp=1333
living id=4784 type=direwolf pos=68,146,20 hp=1649
living id=4785 type=hobgoblin pos=109,25,20 hp=2088
living id=4786 type=goblinleader pos=32,16,20 hp=1657
living id=4787 type=redslime pos=175,83,20 hp=1013
living id=4788 type=cyclop pos=196,19,20 hp=1727
living id=4789 type=hobgoblinkaiser pos=114,9,20 hp=2059
living id=4790 type=direwolf pos=21,43,20 hp=1617
living id=4791 type=goblinleader pos=81,163,20 hp=1482
living id=4792 type=hobgoblinkaiser pos=6,86,20 hp=2348
living id=4793 type=hobgoblinkaiser pos=137,6,20 hp=2215
living id=4794 type=direwolfalpha pos=74,180,20 hp=1482
living id=4795 type=cyclop pos=33,183,20 hp=2111
living id=4796 type=goblin pos=142,40,20 hp=1111
living id=4797 type=redslime pos=55,139,20 hp=1011
living id=4798 type=direwolfalpha pos=84,188,20 hp=1579
living id=4799 type=hobgoblinkaiser pos=24,73,20 hp=1977
living id=4800 type=hobgoblin pos=195,179,20 hp=1658
living id=4801 type=giantspider pos=112,164,20 hp=855
living id=4802 type=goblin pos=61,61,20 hp=1036
living id=4803 type=goblinleader pos=4,75,20 hp=1521
living id=4804 type=direwolf pos=168,44,20 hp=1655
living id=4805 type=goblin pos=151,34,20 hp=974
living id=4806 type=goblin pos=68,33,20 hp=1063
living id=4807 type=goblinleader pos=9,181,20 hp=1712
living id=4808 type=goblin pos=177,25,20 hp=1103
living id=4809 type=direwolf pos=40,92,20 hp=1604
living id=4810 type=hobgoblinkaiser pos=15,3,20 hp=1954
living id=4811 type=cyclop pos=158,194,20 hp=1943
living id=4812 type=redslime pos=3,10,20 hp=1079
living id=4813 type=redslime pos=162,39,20 hp=1119
living id=4814 type=direwolfalpha pos=178,64,20 hp=1549
living id=4815 type=hobgoblin pos=185,191,20 hp=1829
living id=4816 type=direwolf pos=165,2,20 hp=1632
living id=4817 type=direwolf pos=155,64,20 hp=1540
living id=4818 type=direwolf pos=101,196,20 hp=1454
living id=4819 type=goblinleader pos=42,93,20 hp=1961
living id=4820 type=hobgoblin pos=9,53,20 hp=1664
living id=4821 type=hobgoblinkaiser pos=10,149,20 hp=2156
living id=4822 type=direwolf pos=159,194,20 hp=1665
living id=4823 type=hobgoblinkaiser pos=65,161,20 hp=2106
living id=4824 type=redslime pos=135,161,20 hp=976
living id=4825 type=goblinleader pos=30,103,20 hp=1991
living id=4826 type=giantspider pos=99,143,20 hp=983
living id=4827 type=giantspider pos=183,33,20 hp=997
living id=4828 type=goblinleader pos=73,65,20 hp=1961
living id=4829 type=giantspider pos=157,167,20 hp=999
living id=4830 type=hobgoblinkaiser pos=15,131,20 hp=1970
living id=4831 type=redslime pos=101,141,20 hp=1121
living id=4832 type=giantspider pos=34,154,20 hp=1105
living id=4833 type=hobgoblin pos=187,187,20 hp=2118
living id=4834 type=redslime pos=30,72,20 hp=1032
living id=4835 type=goblinleader pos=117,193,20 hp=1468
living id=4836 type=hobgoblin pos=79,34,20 hp=1955
living id=4837 type=hobgoblin pos=115,34,20 hp=1868
living id=4838 type=direwolf pos=23,144,20 hp=1400
living id=4839 type=direwolfalpha pos=76,182,20 hp=1400
living id=4840 type=goblinleader pos=95,135,20 hp=1857
living id=4841 type=redslime pos=190,91,20 hp=1028
living id=4842 type=giantspider pos=101,144,20 hp=903
living id=4843 type=cyclop pos=154,180,20 hp=2380
living id=4844 type=cyclop pos=187,190,20 hp=2018
living id=4845 type=goblin pos=33,70,20 hp=967
living id=4846 type=giantspider pos=146,13,20 hp=999
living id=4847 type=goblin pos=180,36,20 hp=1135
living id=4848 type=cyclop pos=140,70,20 hp=2255
living id=4849 type=giantspider pos=3,30,20 hp=1006
living id=4850 type=direwolf pos=150,51,20 hp=1605
living id=4851 type=goblinleader pos=110,181,20 hp=1623
living id=4852 type=redslime pos=27,150,20 hp=1136
living id=4853 type=direwolf pos=180,91,20 hp=1521
living id=4854 type=redslime pos=76,183,20 hp=1095
living id=4855 type=direwolf pos=55,87,20 hp=1642
living id=4856 type=direwolfalpha pos=38,103,20 hp=1672
living id=4857 type=redslime pos=51,50,20 hp=924
living id=4858 type=direwolf pos=49,47,20 hp=1493
living id=4859 type=direwolfalpha pos=48,90,20 hp=1454
living id=4860 type=direwolf pos=51,97,20 hp=1659
living id=4861 type=redslime pos=180,5,20 hp=1012
living id=4862 type=direwolf pos=13,88,20 hp=1501
living id=4863 type=direwolf pos=71,148,20 hp=1592
living id=4864 type=goblin pos=44,155,20 hp=1082
living id=4865 type=direwolfalpha pos=49,136,20 hp=1295
living id=4866 type=giantspider pos=76,34,20 hp=874
living id=4867 type=cyclop pos=11,148,20 hp=1972
living id=4868 type=giantspider pos=32,172,20 hp=1115
living id=4869 type=cyclop pos=198,197,20 hp=1721
living id=4870 type=direwolfalpha pos=45,11,20 hp=1563
living id=4871 type=direwolf pos=53,56,20 hp=1556
living id=4872 type=goblin pos=109,46,20 hp=924
living id=4873 type=hobgoblinkaiser pos=3,95,20 hp=2575
living id=4874 type=redslime pos=186,94,20 hp=1045
living id=4875 type=hobgoblin pos=19,64,20 hp=2034
living id=4876 type=giantspider pos=116,26,20 hp=1001
living id=4877 type=goblinleader pos=122,4,20 hp=1722
living id=4878 type=giantspider pos=50,96,20 hp=883
living id=4879 type=cyclop pos=63,164,20 hp=2318
living id=4880 type=cyclop pos=73,85,20 hp=2352
living id=4881 type=cyclop pos=0,104,20 hp=1935
living id=4882 type=hobgoblin pos=159,192,20 hp=2151
living id=4883 type=cyclop pos=112,157,20 hp=1785
living id=4884 type=giantspider pos=92,195,20 hp=1058
living id=4885 type=goblinleader pos=88,15,20 hp=1898
living id=4886 type=goblin pos=69,68,20 hp=962
living id=4887 type=direwolf pos=60,157,20 hp=1677
living id=4888 type=direwolfalpha pos=151,4,20 hp=1510
living id=4889 type=hobgoblin pos=174,42,20 hp=1742
living id=4890 type=giantspider pos=162,12,20 hp=1124
living id=4891 type=giantspider pos=117,180,20 hp=1028
living id=4892 type=goblinleader pos=132,7,20 hp=1912
living id=4893 type=hobgoblinkaiser pos=58,102,20 hp=2191
living id=4894 type=hobgoblin pos=147,15,20 hp=1690
living id=4895 type=hobgoblinkaiser pos=55,157,20 hp=2459
living id=4896 type=direwolf pos=195,174,20 hp=1454
living id=4897 type=hobgoblin pos=67,181,20 hp=1776
living id=4898 type=direwolf pos=59,141,20 hp=1339
living id=4899 type=goblin pos=19,126,20 hp=861
living id=4900 type=goblin pos=164,12,20 hp=962
living id=4901 type=direwolfalpha pos=129,173,20 hp=1578
living id=4902 type=giantspider pos=185,198,20 hp=1038
living id=4903 type=direwolfalpha pos=55,33,20 hp=1636
living id=4904 type=giantspider pos=182,63,20 hp=968
living id=4905 type=redslime pos=150,56,20 hp=993
living id=4906 type=redslime pos=115,59,20 hp=934
living id=4907 type=direwolfalpha pos=30,50,20 hp=1492
living id=4908 type=hobgoblinkaiser pos=52,166,20 hp=1909
living id=4909 type=direwolf pos=184,64,20 hp=1642
living id=4910 type=cyclop pos=11,116,20 hp=2054
living id=4911 type=goblin pos=38,43,20 hp=1032
living id=4912 type=goblin pos=90,17,20 hp=888
living id=4913 type=goblin pos=131,196,20 hp=1046
living id=4914 type=direwolf pos=85,163,20 hp=1535
living id=4915 type=giantspider pos=16,73,20 hp=1010
living id=4916 type=direwolf pos=8,102,20 hp=1643
living id=4917 type=hobgoblin pos=83,192,20 hp=1987
living id=4918 type=goblin pos=88,48,20 hp=1057
living id=4919 type=cyclop pos=79,125,20 hp=2257
living id=4920 type=goblin pos=69,101,20 hp=913
living id=4921 type=cyclop pos=57,142,20 hp=2153
living id=4922 type=direwolf pos=87,4,20 hp=1523
living id=4923 type=goblin pos=115,16,20 hp=1089
living id=4924 type=hobgoblinkaiser pos=115,74,20 hp=2007
living id=4925 type=hobgoblin pos=138,156,20 hp=1628
living id=4926 type=sikuthewolf pos=18,107,20 hp=2719
living id=4927 type=hobgoblin pos=165,40,22 hp=2045
living id=4928 type=snickerblade pos=158,194,22 hp=1795
living id=4929 type=firehead pos=131,193,22 hp=2273
living id=4931 type=hobgoblin pos=57,67,22 hp=1707
living id=4932 type=hobgoblin pos=30,15,22 hp=1947
living id=4933 type=firehead pos=167,171,22 hp=2173
living id=4935 type=evilturtle pos=115,24,22 hp=1738
living id=4936 type=evilturtle pos=116,145,22 hp=2372
living id=4937 type=direwolf pos=164,39,22 hp=1436
living id=4938 type=hobgoblin pos=89,10,22 hp=2180
living id=4939 type=cyclop pos=112,160,22 hp=2540
living id=4940 type=snickerblade pos=4,55,22 hp=1996
living id=4941 type=evilturtle pos=96,33,22 hp=2231
living id=4942 type=direwolfalpha pos=42,110,22 hp=1549
living id=4943 type=blueslime pos=159,41,22 hp=1757
living id=4944 type=evilturtle pos=142,144,22 hp=2029
living id=4945 type=blueslime pos=87,25,22 hp=2102
living id=4946 type=snickerblade pos=184,85,22 hp=2088
living id=4947 type=snickerblade pos=77,175,22 hp=2133
living id=4948 type=blueslime pos=137,61,22 hp=2055
living id=4949 type=firehead pos=144,6,22 hp=2054
living id=4951 type=snickerblade pos=64,108,22 hp=1675
living id=4952 type=blueslime pos=76,30,22 hp=2110
living id=4953 type=snickerblade pos=51,189,22 hp=1776
living id=4954 type=hobgoblinkaiser pos=197,98,22 hp=2076
living id=4955 type=firehead pos=143,55,22 hp=2202
living id=4957 type=direwolf pos=148,5,22 hp=1530
living id=4958 type=blueslime pos=15,59,22 hp=1978
living id=4959 type=cyclop pos=183,21,22 hp=1667
living id=4960 type=blueslime pos=93,17,22 hp=2021
living id=4961 type=direwolfalpha pos=77,115,22 hp=1551
living id=4962 type=hobgoblin pos=85,17,22 hp=1709
living id=4963 type=direwolf pos=126,67,22 hp=1372
living id=4964 type=direwolf pos=97,47,22 hp=1558
living id=4965 type=cyclop pos=64,185,22 hp=2140
living id=4966 type=snickerblade pos=80,133,22 hp=1767
living id=4967 type=evilturtle pos=56,5,22 hp=1792
living id=4968 type=direwolf pos=95,161,22 hp=1540
living id=4969 type=direwolfalpha pos=81,32,22 hp=1546
living id=4970 type=direwolf pos=125,16,22 hp=1492
living id=4971 type=evilturtle pos=57,129,22 hp=2178
living id=4972 type=direwolf pos=59,87,22 hp=1459
living id=4973 type=blueslime pos=83,122,22 hp=1747
living id=4974 type=firehead pos=118,151,22 hp=1742
living id=4976 type=direwolfalpha pos=81,22,22 hp=1661
living id=4977 type=hobgoblin pos=35,121,22 hp=2126
living id=4978 type=firehead pos=181,8,22 hp=1890
living id=4980 type=direwolfalpha pos=40,14,22 hp=1308
living id=4981 type=hobgoblinkaiser pos=46,3,22 hp=2019
living id=4982 type=snickerblade pos=162,180,22 hp=2143
living id=4983 type=cyclop pos=152,75,22 hp=2023
living id=4984 type=direwolfalpha pos=169,39,22 hp=1424
living id=4985 type=cyclop pos=136,1,22 hp=2283
living id=4986 type=cyclop pos=130,37,22 hp=2278
living id=4987 type=direwolfalpha pos=142,150,22 hp=1355
living id=4988 type=hobgoblin pos=10,196,22 hp=1713
living id=4989 type=cyclop pos=114,19,22 hp=2480
living id=4990 type=hobgoblin pos=10,124,22 hp=2042
living id=4991 type=direwolf pos=100,150,22 hp=1667
living id=4992 type=hobgoblin pos=27,162,22 hp=1842
living id=4993 type=blueslime pos=38,129,22 hp=1867
living id=4994 type=direwolfalpha pos=91,27,22 hp=1298
living id=4995 type=hobgoblin pos=88,159,22 hp=2076
living id=4996 type=direwolfalpha pos=187,20,22 hp=1468
living id=4997 type=direwolfalpha pos=38,174,22 hp=1678
living id=4998 type=snickerblade pos=136,5,22 hp=1749
living id=4999 type=direwolfalpha pos=68,50,22 hp=1624
living id=5000 type=hobgoblin pos=52,110,22 hp=1862
living id=5001 type=hobgoblin pos=138,11,22 hp=1814
living id=5002 type=snickerblade pos=148,54,22 hp=1918
living id=5003 type=evilturtle pos=9,139,22 hp=2137
living id=5004 type=direwolfalpha pos=160,87,22 hp=1338
living id=5005 type=snickerblade pos=16,73,22 hp=1851
living id=5006 type=cyclop pos=76,154,22 hp=2301
living id=5007 type=hobgoblin pos=18,128,22 hp=1733
living id=5008 type=cyclop pos=171,179,22 hp=2471
living id=5009 type=hobgoblin pos=2,144,22 hp=1752
living id=5010 type=hobgoblin pos=66,32,22 hp=1713
living id=5011 type=cyclop pos=160,48,22 hp=2338
living id=5012 type=evilturtle pos=78,45,22 hp=2277
living id=5013 type=firehead pos=96,174,22 hp=1885
living id=5015 type=blueslime pos=186,13,22 hp=1723
living id=5016 type=direwolfalpha pos=44,81,22 hp=1566
living id=5017 type=hobgoblinkaiser pos=1,34,22 hp=2023
living id=5018 type=firehead pos=21,135,22 hp=2032
living id=5020 type=firehead pos=35,163,22 hp=2010
living id=5022 type=hobgoblin pos=28,166,22 hp=1936
living id=5023 type=hobgoblin pos=126,162,22 hp=1659
living id=5024 type=hobgoblin pos=10,156,22 hp=1698
living id=5025 type=snickerblade pos=119,15,22 hp=2030
living id=5026 type=evilturtle pos=54,196,22 hp=1741
living id=5027 type=evilturtle pos=128,192,22 hp=2421
living id=5028 type=hobgoblinkaiser pos=176,7,22 hp=1959
living id=5029 type=cyclop pos=13,43,22 hp=1861
living id=5030 type=blueslime pos=57,92,22 hp=2100
living id=5031 type=evilturtle pos=52,115,22 hp=2218
living id=5032 type=hobgoblin pos=188,33,22 hp=1994
living id=5033 type=snickerblade pos=26,48,22 hp=2015
living id=5034 type=hobgoblinkaiser pos=107,6,22 hp=2282
living id=5035 type=hobgoblin pos=37,170,22 hp=1866
living id=5036 type=cyclop pos=6,148,22 hp=2031
living id=5037 type=hobgoblinkaiser pos=108,6,22 hp=1822
living id=5038 type=direwolf pos=81,52,22 hp=1536
living id=5039 type=evilturtle pos=33,74,22 hp=2084
living id=5040 type=direwolf pos=62,198,22 hp=1343
living id=5041 type=direwolf pos=41,191,22 hp=1614
living id=5042 type=direwolf pos=147,45,22 hp=1518
living id=5043 type=snickerblade pos=36,28,22 hp=1786
living id=5044 type=direwolf pos=157,195,22 hp=1476
living id=5045 type=firehead pos=167,58,22 hp=2158
living id=5047 type=snickerblade pos=37,8,22 hp=1734
living id=5048 type=hobgoblinkaiser pos=24,34,22 hp=2007
living id=5049 type=direwolfalpha pos=116,187,22 hp=1410
living id=5050 type=evilturtle pos=108,56,22 hp=2236
living id=5051 type=direwolf pos=102,54,22 hp=1549
living id=5052 type=blueslime pos=80,15,22 hp=1704
living id=5053 type=cyclop pos=75,38,22 hp=1879
living id=5054 type=blueslime pos=58,169,22 hp=1772
living id=5055 type=direwolf pos=118,190,22 hp=1416
living id=5056 type=hobgoblinkaiser pos=148,165,22 hp=2416
living id=5057 type=snickerblade pos=125,25,22 hp=1687
living id=5058 type=evilturtle pos=91,183,22 hp=1857
living id=5059 type=snickerblade pos=80,137,22 hp=1825
living id=5060 type=blueslime pos=186,41,22 hp=1634
living id=5061 type=direwolf pos=80,165,22 hp=1608
living id=5062 type=firehead pos=8,89,22 hp=2281
living id=5064 type=blueslime pos=99,8,22 hp=2133
living id=5065 type=snickerblade pos=89,184,22 hp=2153
living id=5066 type=snickerblade pos=54,125,22 hp=1985
living id=5067 type=evilturtle pos=32,138,22 hp=2156
living id=5068 type=hobgoblinkaiser pos=19,171,22 hp=1930
living id=5069 type=cyclop pos=92,16,22 hp=1670
living id=5070 type=hobgoblin pos=153,72,22 hp=2071
living id=5071 type=hobgoblin pos=124,172,22 hp=2150
living id=5072 type=cyclop pos=32,166,22 hp=1706
living id=5073 type=direwolf pos=172,17,22 hp=1415
living id=5074 type=direwolf pos=91,126,22 hp=1539
living id=5075 type=firehead pos=127,72,22 hp=1740
living id=5077 type=direwolf pos=58,164,22 hp=1507
living id=5078 type=direwolfalpha pos=81,31,22 hp=1321
living id=5079 type=firehead pos=95,70,22 hp=2288
living id=5081 type=direwolf pos=30,150,22 hp=1441
living id=5082 type=blueslime pos=79,178,22 hp=1947
living id=5083 type=firehead pos=6,99,22 hp=2103
living id=5085 type=firehead pos=106,186,22 hp=2272
living id=5087 type=hobgoblinkaiser pos=123,22,22 hp=2283
living id=5088 type=cyclop pos=149,25,22 hp=2034
living id=5089 type=snickerblade pos=25,89,22 hp=1964
living id=5090 type=evilturtle pos=163,55,22 hp=1897
living id=5091 type=cyclop pos=86,90,22 hp=2473
living id=5092 type=direwolf pos=127,74,22 hp=1421
living id=5093 type=snickerblade pos=166,188,22 hp=1940
living id=5094 type=firehead pos=109,183,22 hp=2113
living id=5096 type=direwolfalpha pos=25,167,22 hp=1627
living id=5097 type=evilturtle pos=94,173,22 hp=1789
living id=5098 type=direwolfalpha pos=53,123,22 hp=1683
living id=5099 type=blueslime pos=109,20,22 hp=2064
living id=5100 type=blueslime pos=163,75,22 hp=2078
living id=5101 type=evilturtle pos=142,149,22 hp=1959
living id=5102 type=hobgoblin pos=94,174,22 hp=1901
living id=5103 type=hobgoblinkaiser pos=12,65,22 hp=2193
living id=5104 type=firehead pos=89,129,22 hp=1935
living id=5106 type=direwolf pos=26,13,22 hp=1616
living id=5107 type=cyclop pos=116,6,22 hp=2506
living id=5108 type=direwolfalpha pos=113,69,22 hp=1296
living id=5109 type=hobgoblinkaiser pos=78,44,22 hp=1812
living id=5110 type=snickerblade pos=175,46,22 hp=1929
living id=5111 type=cyclop pos=64,12,22 hp=1664
living id=5112 type=evilturtle pos=59,20,22 hp=1823
living id=5113 type=hobgoblinkaiser pos=146,15,22 hp=2341
living id=5114 type=firehead pos=80,128,22 hp=1835
living id=5116 type=snickerblade pos=14,130,22 hp=2180
living id=5117 type=blueslime pos=1,22,22 hp=2000
living id=5118 type=direwolf pos=144,189,22 hp=1431
living id=5119 type=blueslime pos=52,110,22 hp=2032
living id=5120 type=direwolf pos=150,18,22 hp=1354
living id=5121 type=direwolfalpha pos=114,22,22 hp=1553
living id=5122 type=evilturtle pos=46,61,22 hp=2358
living id=5123 type=direwolf pos=150,5,22 hp=1592
living id=5124 type=blueslime pos=56,132,22 hp=1932
living id=5125 type=direwolf pos=178,193,22 hp=1410
living id=5126 type=firehead pos=88,125,22 hp=1890
living id=5128 type=blueslime pos=149,140,22 hp=2055
living id=5129 type=blueslime pos=157,61,22 hp=1863
living id=5130 type=direwolfalpha pos=28,43,22 hp=1353
living id=5131 type=hobgoblin pos=7,132,22 hp=2051
living id=5132 type=cyclop pos=42,129,22 hp=2043
living id=5133 type=direwolf pos=1,175,22 hp=1504
living id=5134 type=cyclop pos=138,29,22 hp=1825
living id=5135 type=direwolfalpha pos=55,19,22 hp=1593
living id=5136 type=hobgoblin pos=37,53,22 hp=1907
living id=5137 type=firehead pos=85,72,22 hp=1725
living id=5139 type=snickerblade pos=38,13,22 hp=1715
living id=5140 type=evilturtle pos=45,141,22 hp=2361
living id=5141 type=evilturtle pos=63,21,22 hp=2198
living id=5142 type=firehead pos=130,73,22 hp=2072
living id=5144 type=cyclop pos=139,164,22 hp=2095
living id=5145 type=blueslime pos=114,170,22 hp=1858
living id=5146 type=firehead pos=66,194,22 hp=1861
living id=5148 type=firehead pos=163,17,22 hp=2151
living id=5150 type=direwolf pos=34,38,22 hp=1469
living id=5151 type=firehead pos=155,29,22 hp=2056
living id=5153 type=snickerblade pos=77,90,22 hp=2064
living id=5154 type=direwolfalpha pos=66,127,22 hp=1724
living id=5155 type=firehead pos=54,13,22 hp=1751
living id=5157 type=firehead pos=163,180,22 hp=1723
living id=5159 type=firehead pos=149,143,22 hp=1848
living id=5161 type=blueslime pos=184,81,22 hp=2107
living id=5162 type=firehead pos=112,163,22 hp=2214
living id=5164 type=firehead pos=33,130,22 hp=2062
living id=5166 type=cyclop pos=37,121,22 hp=2269
living id=5167 type=direwolf pos=140,147,22 hp=1578
living id=5168 type=blueslime pos=189,44,22 hp=1923
living id=5169 type=evilturtle pos=180,103,22 hp=2041
living id=5170 type=hobgoblin pos=160,85,22 hp=2009
living id=5171 type=hobgoblin pos=79,128,22 hp=1712
living id=5172 type=direwolfalpha pos=1,103,22 hp=1707
living id=5173 type=firehead pos=83,122,22 hp=1701
living id=5175 type=hobgoblin pos=15,75,22 hp=1926
living id=5176 type=direwolfalpha pos=41,54,22 hp=1712
living id=5177 type=firehead pos=157,181,22 hp=2122
living id=5179 type=firehead pos=45,112,22 hp=1818
living id=5181 type=hobgoblinkaiser pos=37,53,22 hp=2358
living id=5182 type=evilturtle pos=87,19,22 hp=1947
living id=5183 type=snickerblade pos=29,136,22 hp=1657
living id=5184 type=snickerblade pos=37,158,22 hp=1677
living id=5185 type=hobgoblin pos=186,34,22 hp=1897
living id=5186 type=evilturtle pos=96,48,22 hp=2257
living id=5187 type=hobgoblin pos=40,79,22 hp=2127
living id=5188 type=direwolf pos=11,141,22 hp=1415
living id=5189 type=direwolfalpha pos=118,76,22 hp=1559
living id=5190 type=direwolf pos=82,163,22 hp=1630
living id=5191 type=cyclop pos=25,173,22 hp=2524
living id=5192 type=hobgoblin pos=134,166,22 hp=1849
living id=5193 type=snickerblade pos=194,84,22 hp=1796
living id=5194 type=evilturtle pos=2,102,22 hp=1868
living id=5195 type=direwolfalpha pos=20,90,22 hp=1676
living id=5196 type=snickerblade pos=67,149,22 hp=1679
living id=5197 type=cyclop pos=173,8,22 hp=1915
living id=5198 type=hobgoblin pos=23,92,22 hp=1664
living id=5199 type=hobgoblin pos=146,46,22 hp=2172
living id=5200 type=hobgoblin pos=165,82,22 hp=2127
living id=5201 type=evilturtle pos=101,4,22 hp=2373
living id=5202 type=cyclop pos=104,154,22 hp=1851
living id=5203 type=evilturtle pos=93,147,22 hp=1771
living id=5204 type=snickerblade pos=138,30,22 hp=1653
living id=5205 type=direwolf pos=171,190,22 hp=1625
living id=5206 type=snickerblade pos=130,68,22 hp=1742
living id=5207 type=hobgoblinkaiser pos=86,59,22 hp=2640
living id=5208 type=direwolfalpha pos=140,178,22 hp=1657
living id=5209 type=hobgoblin pos=71,89,22 hp=1715
living id=5210 type=firehead pos=71,54,22 hp=1893
living id=5212 type=hobgoblin pos=76,79,22 hp=1633
living id=5213 type=firehead pos=145,47,22 hp=2249
living id=5215 type=direwolf pos=54,14,22 hp=1348
living id=5216 type=direwolfalpha pos=92,83,22 hp=1519
living id=5217 type=snickerblade pos=139,65,22 hp=2067
living id=5218 type=direwolf pos=180,183,22 hp=1412
living id=5219 type=direwolfalpha pos=160,162,22 hp=1707
living id=5220 type=hobgoblinkaiser pos=149,143,22 hp=2353
living id=5221 type=direwolf pos=119,196,22 hp=1656
living id=5222 type=firehead pos=76,133,22 hp=1710
living id=5224 type=evilturtle pos=161,31,22 hp=2356
living id=5225 type=snickerblade pos=56,5,22 hp=1757
living id=5226 type=blueslime pos=145,157,22 hp=2008
living id=5227 type=snickerblade pos=36,161,22 hp=1921
living id=5228 type=blueslime pos=75,99,22 hp=2143
living id=5229 type=evilturtle pos=125,61,22 hp=2000
living id=5230 type=snickerblade pos=119,69,22 hp=2152
living id=5231 type=firehead pos=70,89,22 hp=1874
living id=5233 type=evilturtle pos=41,130,22 hp=1947
living id=5234 type=blueslime pos=192,11,22 hp=2108
living id=5235 type=cyclop pos=18,7,22 hp=2503
living id=5236 type=cyclop pos=194,10,22 hp=1951
living id=5237 type=direwolfalpha pos=187,30,22 hp=1391
living id=5238 type=evilturtle pos=76,197,22 hp=1997
living id=5239 type=snickerblade pos=53,115,22 hp=1705
living id=5240 type=firehead pos=192,65,22 hp=2249
living id=5242 type=cyclop pos=95,2,22 hp=2195
living id=5243 type=cyclop pos=65,153,22 hp=2319
living id=5244 type=blueslime pos=183,196,22 hp=1785
living id=5245 type=hobgoblin pos=118,37,22 hp=2111
living id=5246 type=direwolfalpha pos=63,159,22 hp=1393
living id=5247 type=hobgoblin pos=159,45,22 hp=1796
living id=5248 type=hobgoblinkaiser pos=76,98,22 hp=1811
living id=5249 type=hobgoblin pos=58,123,22 hp=1947
living id=5250 type=hobgoblin pos=10,171,22 hp=1771
living id=5251 type=direwolf pos=30,131,22 hp=1675
living id=5252 type=evilturtle pos=181,197,22 hp=2408
living id=5253 type=blueslime pos=124,163,22 hp=1785
living id=5254 type=blueslime pos=94,165,22 hp=1814
living id=5255 type=hobgoblin pos=92,138,22 hp=1940
living id=5256 type=snickerblade pos=102,28,22 hp=1720
living id=5257 type=hobgoblinkaiser pos=138,62,22 hp=2175
living id=5258 type=firehead pos=22,153,22 hp=2273
living id=5260 type=firehead pos=80,119,22 hp=1883
living id=5262 type=cyclop pos=64,99,22 hp=2493
living id=5263 type=firehead pos=82,72,22 hp=2099
living id=5265 type=direwolf pos=142,159,22 hp=1659
living id=5266 type=firehead pos=162,18,22 hp=1781
living id=5268 type=cyclop pos=12,173,22 hp=2054
living id=5269 type=hobgoblin pos=175,172,22 hp=1840
living id=5270 type=direwolf pos=95,163,22 hp=1661
living id=5271 type=cyclop pos=138,151,22 hp=1803
living id=5272 type=direwolf pos=21,180,22 hp=1675
living id=5273 type=hobgoblinkaiser pos=36,9,22 hp=2071
living id=5274 type=firehead pos=28,74,22 hp=2154
living id=5276 type=hobgoblinkaiser pos=30,134,22 hp=2281
living id=5277 type=hobgoblin pos=131,179,22 hp=2121
living id=5278 type=hobgoblinkaiser pos=157,180,22 hp=1765
living id=5279 type=snickerblade pos=186,10,22 hp=1961
living id=5280 type=snickerblade pos=160,5,22 hp=1686
living id=5281 type=evilturtle pos=156,21,22 hp=2043
living id=5282 type=evilturtle pos=175,13,22 hp=2200
living id=5283 type=firehead pos=12,9,22 hp=1932
living id=5285 type=snickerblade pos=4,158,22 hp=1759
living id=5286 type=hobgoblinkaiser pos=24,128,22 hp=2356
living id=5287 type=hobgoblin pos=157,179,22 hp=1698
living id=5288 type=evilturtle pos=126,171,22 hp=2230
living id=5289 type=cyclop pos=12,107,22 hp=2367
living id=5290 type=hobgoblinkaiser pos=156,78,22 hp=2507
living id=5291 type=direwolf pos=176,173,22 hp=1612
living id=5292 type=evilturtle pos=142,77,22 hp=2049
living id=5293 type=snickerblade pos=167,82,22 hp=1662
living id=5294 type=firehead pos=57,40,22 hp=1875
living id=5296 type=hobgoblin pos=9,121,22 hp=1786
living id=5297 type=direwolf pos=169,179,22 hp=1399
living id=5298 type=hobgoblin pos=114,191,22 hp=2002
living id=5299 type=hobgoblin pos=186,31,22 hp=1812
living id=5300 type=blueslime pos=147,16,22 hp=2016
living id=5301 type=cyclop pos=132,72,22 hp=1788
living id=5302 type=cyclop pos=41,144,22 hp=2137
living id=5303 type=firehead pos=37,132,22 hp=1940
living id=5305 type=firehead pos=185,44,22 hp=1790
living id=5307 type=cyclop pos=53,196,22 hp=2436
living id=5308 type=cyclop pos=25,62,22 hp=2314
living id=5309 type=hobgoblin pos=30,93,22 hp=1730
living id=5310 type=hobgoblinkaiser pos=50,165,22 hp=2441
living id=5311 type=blueslime pos=64,108,22 hp=1967
living id=5312 type=firehead pos=115,22,22 hp=1942
living id=5314 type=hobgoblin pos=126,55,22 hp=1666
living id=5315 type=hobgoblin pos=86,9,22 hp=2159
living id=5316 type=hobgoblin pos=159,29,22 hp=1947
living id=5317 type=snickerblade pos=13,91,22 hp=2106
living id=5318 type=hobgoblin pos=153,56,22 hp=1724
living id=5319 type=cyclop pos=198,19,22 hp=2241
living id=5320 type=hobgoblin pos=159,161,22 hp=2008
living id=5321 type=firehead pos=134,62,22 hp=2246
living id=5323 type=hobgoblinkaiser pos=52,114,22 hp=2067
living id=5324 type=direwolfalpha pos=110,57,22 hp=1513
living id=5325 type=snickerblade pos=22,178,22 hp=1643
living id=5326 type=snickerblade pos=142,45,22 hp=1918
living id=5327 type=hobgoblin pos=28,166,22 hp=1754
living id=5328 type=firehead pos=80,142,22 hp=2074
living id=5330 type=firehead pos=5,163,22 hp=1819
living id=5332 type=evilturtle pos=82,122,22 hp=2217
living id=5333 type=hobgoblinkaiser pos=51,35,22 hp=2649
living id=5334 type=evilturtle pos=130,72,22 hp=2157
living id=5335 type=blueslime pos=55,136,22 hp=1784
living id=5336 type=hobgoblinkaiser pos=9,116,22 hp=1777
living id=5337 type=firehead pos=69,27,22 hp=1917
living id=5339 type=evilturtle pos=76,98,22 hp=1922
living id=5340 type=cyclop pos=19,118,22 hp=2145
living id=5341 type=firehead pos=182,9,22 hp=2096
living id=5343 type=cyclop pos=30,5,22 hp=2211
living id=5344 type=evilturtle pos=72,175,22 hp=1755
living id=5345 type=evilturtle pos=32,39,22 hp=1798
living id=5346 type=cyclop pos=161,181,22 hp=2245
living id=5347 type=cyclop pos=172,59,22 hp=2357
living id=5348 type=blueslime pos=33,82,22 hp=1675
living id=5349 type=firehead pos=81,132,22 hp=1889
living id=5351 type=hobgoblinkaiser pos=42,9,22 hp=2422
living id=5352 type=snickerblade pos=39,194,22 hp=1744
living id=5353 type=hobgoblin pos=123,16,22 hp=1852
living id=5354 type=direwolf pos=86,163,22 hp=1429
living id=5355 type=hobgoblin pos=162,47,22 hp=1816
living id=5356 type=firehead pos=39,30,22 hp=1755
living id=5358 type=hobgoblin pos=15,197,22 hp=1921
living id=5359 type=direwolfalpha pos=151,15,22 hp=1298
living id=5360 type=evilturtle pos=56,89,22 hp=2039
living id=5361 type=cyclop pos=19,179,22 hp=2449
living id=5362 type=blueslime pos=61,101,22 hp=2084
living id=5363 type=cyclop pos=53,18,22 hp=2070
living id=5364 type=evilturtle pos=110,60,22 hp=2144
living id=5365 type=cyclop pos=143,72,22 hp=1966
living id=5366 type=direwolf pos=116,39,22 hp=1594
living id=5367 type=evilturtle pos=43,121,22 hp=2254
living id=5368 type=evilturtle pos=186,87,22 hp=2426
living id=5369 type=snickerblade pos=77,83,22 hp=2096
living id=5370 type=hobgoblin pos=104,164,22 hp=2065
living id=5371 type=blueslime pos=47,166,22 hp=1957
living id=5372 type=firehead pos=190,93,22 hp=2193
living id=5374 type=evilturtle pos=78,102,22 hp=1761
living id=5375 type=evilturtle pos=18,193,22 hp=2209
living id=5376 type=hobgoblinkaiser pos=14,11,22 hp=2459
living id=5377 type=snickerblade pos=92,167,22 hp=1949
living id=5378 type=direwolf pos=60,156,22 hp=1547
living id=5379 type=hobgoblinkaiser pos=32,86,22 hp=2407
living id=5380 type=blueslime pos=157,26,22 hp=2152
living id=5381 type=direwolf pos=198,76,22 hp=1394
living id=5382 type=direwolf pos=85,125,22 hp=1403
living id=5383 type=hobgoblinkaiser pos=41,148,22 hp=2153
living id=5384 type=hobgoblin pos=184,88,22 hp=1628
living id=5385 type=evilturtle pos=192,54,22 hp=2367
living id=5386 type=hobgoblinkaiser pos=17,130,22 hp=1948
living id=5387 type=direwolf pos=26,167,22 hp=1616
living id=5388 type=evilturtle pos=32,46,22 hp=2324
living id=5389 type=evilturtle pos=78,173,22 hp=1850
living id=5390 type=direwolf pos=79,5,22 hp=1520
living id=5391 type=hobgoblin pos=80,67,22 hp=1742
living id=5392 type=direwolfalpha pos=22,40,22 hp=1645
living id=5393 type=direwolf pos=166,164,22 hp=1509
living id=5394 type=cyclop pos=184,196,22 hp=2529
living id=5395 type=blueslime pos=55,123,22 hp=1729
living id=5396 type=cyclop pos=65,180,22 hp=1777
living id=5397 type=direwolf pos=105,171,22 hp=1571
living id=5398 type=direwolfalpha pos=65,22,22 hp=1645
living id=5399 type=blueslime pos=90,67,22 hp=1806
living id=5400 type=blueslime pos=53,150,22 hp=1626
living id=5401 type=cyclop pos=159,88,22 hp=2002
living id=5402 type=direwolf pos=167,83,22 hp=1402
living id=5403 type=hobgoblinkaiser pos=188,176,22 hp=2229
living id=5404 type=direwolfalpha pos=104,34,22 hp=1350
living id=5405 type=snickerblade pos=148,49,22 hp=1643
living id=5406 type=direwolf pos=48,50,22 hp=1432
living id=5407 type=firehead pos=32,73,22 hp=1760
living id=5409 type=hobgoblin pos=139,35,22 hp=2131
living id=5410 type=hobgoblin pos=120,150,22 hp=2059
living id=5411 type=direwolf pos=119,70,22 hp=1365
living id=5412 type=firehead pos=112,13,22 hp=2189
living id=5414 type=direwolfalpha pos=119,39,22 hp=1532
living id=5415 type=snickerblade pos=142,197,22 hp=2003
living id=5416 type=cyclop pos=142,46,22 hp=1751
living id=5417 type=direwolf pos=81,23,22 hp=1605
living id=5418 type=hobgoblinkaiser pos=78,102,22 hp=2185
living id=5419 type=direwolfalpha pos=31,68,22 hp=1544
living id=5420 type=direwolfalpha pos=164,198,22 hp=1424
living id=5421 type=direwolfalpha pos=109,72,22 hp=1569
living id=5422 type=cyclop pos=141,43,22 hp=2518
living id=5423 type=hobgoblinkaiser pos=131,161,22 hp=1916
living id=5424 type=blueslime pos=19,6,22 hp=2142
living id=5425 type=snickerblade pos=66,3,22 hp=2064
living id=5426 type=evilturtle pos=176,178,22 hp=2410
living id=5427 type=hobgoblin pos=3,27,22 hp=1744
living id=5428 type=snickerblade pos=19,3,22 hp=1901
living id=5429 type=cyclop pos=58,35,22 hp=1726
living id=5430 type=evilturtle pos=110,183,22 hp=2279
living id=5431 type=evilturtle pos=136,190,22 hp=1808
living id=5432 type=direwolfalpha pos=46,61,22 hp=1635
living id=5433 type=direwolfalpha pos=10,44,22 hp=1440
living id=5434 type=evilturtle pos=178,103,22 hp=1844
living id=5435 type=snickerblade pos=45,99,22 hp=1655
living id=5436 type=direwolfalpha pos=123,164,22 hp=1638
living id=5437 type=firehead pos=40,106,22 hp=2240
living id=5439 type=cyclop pos=46,109,22 hp=2370
living id=5440 type=direwolfalpha pos=1,24,22 hp=1343
living id=5441 type=snickerblade pos=165,93,22 hp=1701
living id=5442 type=hobgoblinkaiser pos=34,183,22 hp=1919
living id=5443 type=cyclop pos=166,181,22 hp=2539
living id=5444 type=cyclop pos=187,194,22 hp=2452
living id=5445 type=firehead pos=182,63,22 hp=2067
living id=5447 type=direwolf pos=78,104,22 hp=1481
living id=5448 type=firehead pos=89,126,22 hp=2243
living id=5450 type=blueslime pos=125,58,22 hp=1739
living id=5451 type=hobgoblinkaiser pos=195,74,22 hp=1846
living id=5452 type=evilturtle pos=96,64,22 hp=2376
living id=5453 type=snickerblade pos=29,184,22 hp=1753
living id=5454 type=hobgoblin pos=160,80,22 hp=2162
living id=5455 type=hobgoblinkaiser pos=157,167,22 hp=2034
living id=5456 type=direwolf pos=194,63,22 hp=1448
living id=5457 type=direwolfalpha pos=175,197,22 hp=1486
living id=5458 type=blueslime pos=82,55,22 hp=1783
living id=5459 type=cyclop pos=30,63,22 hp=2364
living id=5460 type=direwolf pos=186,182,22 hp=1363
living id=5461 type=hobgoblin pos=129,149,22 hp=2141
living id=5462 type=snickerblade pos=88,31,22 hp=1940
living id=5463 type=blueslime pos=160,27,22 hp=1697
living id=5464 type=blueslime pos=94,68,22 hp=2049
living id=5465 type=blueslime pos=43,107,22 hp=1901
living id=5466 type=blueslime pos=3,182,22 hp=2156
living id=5467 type=direwolfalpha pos=194,82,22 hp=1579
living id=5468 type=cyclop pos=99,56,22 hp=1978
living id=5469 type=hobgoblinkaiser pos=45,85,22 hp=2322
living id=5470 type=evilturtle pos=86,132,22 hp=1852
living id=5471 type=hobgoblinkaiser pos=75,175,22 hp=2277
living id=5472 type=evilturtle pos=24,160,22 hp=1786
living id=5473 type=firehead pos=164,47,22 hp=2203
living id=5475 type=firehead pos=92,172,22 hp=2292
living id=5477 type=hobgoblinkaiser pos=132,187,22 hp=2175
living id=5478 type=cyclop pos=104,10,22 hp=2506
living id=5479 type=cyclop pos=120,13,22 hp=2180
living id=5480 type=firehead pos=118,45,22 hp=1871
living id=5482 type=hobgoblinkaiser pos=98,62,22 hp=1992
living id=5483 type=hobgoblin pos=65,53,22 hp=1695
living id=5484 type=blueslime pos=125,146,22 hp=2126
living id=5485 type=evilturtle pos=144,72,22 hp=1782
living id=5486 type=direwolfalpha pos=102,32,22 hp=1288
living id=5487 type=blueslime pos=189,39,22 hp=2098
living id=5488 type=direwolf pos=11,173,22 hp=1368
living id=5489 type=direwolf pos=66,122,22 hp=1355
living id=5490 type=cyclop pos=123,196,22 hp=1683
living id=5491 type=direwolfalpha pos=80,133,22 hp=1315
living id=5492 type=hobgoblin pos=96,188,22 hp=2020
living id=5493 type=cyclop pos=94,48,22 hp=1669
living id=5494 type=firehead pos=39,98,22 hp=2287
living id=5496 type=hobgoblinkaiser pos=83,43,22 hp=2149
living id=5497 type=direwolfalpha pos=160,88,22 hp=1550
living id=5498 type=evilturtle pos=109,1,22 hp=2188
living id=5499 type=hobgoblin pos=150,157,22 hp=1789
living id=5500 type=snickerblade pos=84,139,22 hp=1864
living id=5501 type=direwolfalpha pos=184,13,22 hp=1665
living id=5502 type=hobgoblin pos=19,118,22 hp=1933
living id=5503 type=direwolfalpha pos=13,133,22 hp=1673
living id=5504 type=evilturtle pos=173,166,22 hp=2435
living id=5505 type=direwolfalpha pos=8,124,22 hp=1636
living id=5506 type=firehead pos=82,9,22 hp=1947
living id=5508 type=firehead pos=116,66,22 hp=2135
living id=5510 type=firehead pos=78,108,22 hp=1862
living id=5512 type=cyclop pos=174,182,22 hp=1772
living id=5513 type=direwolfalpha pos=136,149,22 hp=1519
living id=5514 type=cyclop pos=80,106,22 hp=2005
living id=5515 type=cyclop pos=2,145,22 hp=2004
living id=5516 type=blueslime pos=6,187,22 hp=1641
living id=5517 type=cyclop pos=68,91,22 hp=1953
living id=5518 type=snickerblade pos=65,82,22 hp=2008
living id=5519 type=blueslime pos=79,136,22 hp=1688
living id=5520 type=evilturtle pos=154,150,22 hp=2233
living id=5521 type=direwolf pos=156,196,22 hp=1631
living id=5522 type=firehead pos=62,104,22 hp=2040
living id=5524 type=snickerblade pos=11,182,22 hp=1697
living id=5525 type=evilturtle pos=63,195,22 hp=2320
living id=5526 type=direwolf pos=80,51,22 hp=1351
living id=5527 type=direwolf pos=167,64,22 hp=1353
living id=5528 type=snickerblade pos=145,43,22 hp=1801
living id=5529 type=evilturtle pos=127,61,22 hp=1781
living id=5530 type=evilturtle pos=109,63,22 hp=2105
living id=5531 type=direwolf pos=171,62,22 hp=1616
living id=5532 type=hobgoblinkaiser pos=118,45,22 hp=1925
living id=5533 type=firehead pos=112,23,22 hp=2105
living id=5535 type=hobgoblinkaiser pos=41,31,22 hp=1839
living id=5536 type=direwolf pos=26,158,22 hp=1583
living id=5537 type=firehead pos=188,48,22 hp=2109
living id=5539 type=direwolf pos=188,170,22 hp=1365
living id=5540 type=hobgoblin pos=96,47,22 hp=2097
living id=5541 type=direwolf pos=170,18,22 hp=1597
living id=5542 type=snickerblade pos=131,173,22 hp=1653
living id=5543 type=snickerblade pos=187,190,22 hp=1666
living id=5544 type=hobgoblin pos=77,103,22 hp=1874
living id=5545 type=evilturtle pos=42,188,22 hp=2035
living id=5546 type=hobgoblin pos=159,26,22 hp=1927
living id=5547 type=evilturtle pos=89,161,22 hp=2348
living id=5548 type=cyclop pos=43,174,22 hp=1907
living id=5549 type=blueslime pos=104,76,22 hp=1988
living id=5550 type=direwolf pos=126,18,22 hp=1450
living id=5551 type=evilturtle pos=128,193,22 hp=2085
living id=5552 type=hobgoblin pos=196,195,22 hp=2102
living id=5553 type=direwolfalpha pos=140,6,22 hp=1590
living id=5554 type=cyclop pos=170,83,22 hp=2127
living id=5555 type=direwolfalpha pos=13,183,22 hp=1433
living id=5556 type=snickerblade pos=10,107,22 hp=2159
living id=5557 type=snickerblade pos=141,47,22 hp=2143
living id=5558 type=hobgoblin pos=54,3,22 hp=1808
living id=5559 type=cyclop pos=74,156,22 hp=2342
living id=5560 type=direwolf pos=187,76,22 hp=1522
living id=5561 type=hobgoblin pos=41,150,22 hp=1826
living id=5562 type=direwolfalpha pos=78,171,22 hp=1392
living id=5563 type=evilturtle pos=178,72,22 hp=1985
living id=5564 type=firehead pos=152,198,22 hp=2147
living id=5566 type=firehead pos=59,11,22 hp=2152
living id=5568 type=evilturtle pos=107,72,22 hp=2360
living id=5569 type=evilturtle pos=86,90,22 hp=2177
living id=5570 type=direwolf pos=81,2,22 hp=1419
living id=5571 type=hobgoblin pos=8,100,22 hp=1951
living id=5572 type=direwolf pos=64,83,22 hp=1431
living id=5573 type=hobgoblin pos=52,98,22 hp=2016
living id=5574 type=direwolfalpha pos=151,157,22 hp=1357
living id=5575 type=hobgoblin pos=18,178,22 hp=1806
living id=5576 type=snickerblade pos=157,20,22 hp=1881
living id=5577 type=direwolf pos=109,151,22 hp=1671
living id=5578 type=cyclop pos=151,187,22 hp=1984
living id=5579 type=direwolf pos=85,31,22 hp=1494
living id=5580 type=evilturtle pos=96,59,22 hp=1761
living id=5581 type=hobgoblin pos=127,16,22 hp=1857
living id=5582 type=direwolf pos=100,149,22 hp=1536
living id=5583 type=snickerblade pos=90,69,22 hp=1906
living id=5584 type=evilturtle pos=104,161,22 hp=1829
living id=5585 type=snickerblade pos=106,186,22 hp=1974
living id=5586 type=direwolfalpha pos=63,139,22 hp=1705
living id=5587 type=cyclop pos=65,6,22 hp=1944
living id=5588 type=cyclop pos=151,75,22 hp=1665
living id=5589 type=direwolf pos=68,4,22 hp=1661
living id=5590 type=blueslime pos=138,162,22 hp=1709
living id=5591 type=direwolfalpha pos=5,58,22 hp=1308
living id=5592 type=hobgoblin pos=13,37,22 hp=1782
living id=5593 type=firehead pos=82,62,22 hp=1855
living id=5595 type=cyclop pos=32,130,22 hp=2168
living id=5596 type=firehead pos=134,179,22 hp=2213
living id=5598 type=cyclop pos=91,72,22 hp=1702
living id=5599 type=snickerblade pos=31,76,22 hp=1743
living id=5600 type=cyclop pos=119,189,22 hp=2228
living id=5601 type=direwolf pos=83,144,22 hp=1501
living id=5602 type=cyclop pos=60,9,22 hp=2381
living id=5603 type=direwolfalpha pos=69,91,22 hp=1635
living id=5604 type=hobgoblinkaiser pos=129,38,22 hp=2069
living id=5605 type=firehead pos=77,4,22 hp=2106
living id=5607 type=cyclop pos=14,20,22 hp=1714
living id=5608 type=evilturtle pos=39,154,22 hp=2122
living id=5609 type=evilturtle pos=142,176,22 hp=2182
living id=5610 type=hobgoblin pos=125,67,22 hp=1753
living id=5611 type=direwolfalpha pos=187,20,22 hp=1504
living id=5612 type=blueslime pos=192,48,22 hp=1904
living id=5613 type=blueslime pos=140,149,22 hp=2016
living id=5614 type=cyclop pos=158,77,22 hp=2013
living id=5615 type=snickerblade pos=30,58,22 hp=1879
living id=5616 type=direwolfalpha pos=12,112,22 hp=1380
living id=5617 type=snickerblade pos=130,192,22 hp=1726
living id=5618 type=snickerblade pos=26,126,22 hp=1929
living id=5619 type=hobgoblinkaiser pos=197,31,22 hp=2008
living id=5620 type=direwolf pos=35,172,22 hp=1441
living id=5621 type=blueslime pos=117,34,22 hp=1762
living id=5622 type=snickerblade pos=68,27,22 hp=1903
living id=5623 type=direwolf pos=70,54,22 hp=1436
living id=5624 type=hobgoblin pos=166,64,22 hp=2056
living id=5625 type=firehead pos=46,69,22 hp=1857
living id=5627 type=snickerblade pos=94,3,22 hp=2056
living id=5628 type=firehead pos=146,46,22 hp=1876
living id=5630 type=cyclop pos=71,4,22 hp=2361
living id=5631 type=hobgoblin pos=42,142,22 hp=2063
living id=5632 type=snickerblade pos=187,91,22 hp=1679
living id=5633 type=hobgoblinkaiser pos=195,73,22 hp=1845
living id=5634 type=cyclop pos=45,79,22 hp=2275
living id=5635 type=evilturtle pos=185,61,22 hp=2348
living id=5636 type=snickerblade pos=10,158,22 hp=2138
living id=5637 type=evilturtle pos=157,58,22 hp=1741
living id=5638 type=firehead pos=187,58,22 hp=1907
living id=5640 type=firehead pos=115,62,22 hp=1715
living id=5642 type=evilturtle pos=11,166,22 hp=2411
living id=5643 type=blueslime pos=153,79,22 hp=2033
living id=5644 type=blueslime pos=193,6,22 hp=1712
living id=5645 type=evilturtle pos=125,23,22 hp=2260
living id=5646 type=snickerblade pos=92,185,22 hp=1806
living id=5647 type=direwolfalpha pos=95,191,22 hp=1543
living id=5648 type=hobgoblin pos=81,148,22 hp=1767
living id=5649 type=cyclop pos=18,152,22 hp=1969
living id=5650 type=blueslime pos=24,18,22 hp=2165
living id=5651 type=hobgoblin pos=129,192,22 hp=1778
living id=5652 type=snickerblade pos=126,173,22 hp=1954
living id=5653 type=firehead pos=47,28,22 hp=2174
living id=5655 type=snickerblade pos=76,183,22 hp=1737
living id=5656 type=cyclop pos=34,120,22 hp=1959
living id=5657 type=blueslime pos=61,178,22 hp=2160
living id=5658 type=firehead pos=68,124,22 hp=2139
living id=5660 type=snickerblade pos=122,195,22 hp=1911
living id=5661 type=blueslime pos=128,165,22 hp=1905
living id=5662 type=direwolfalpha pos=120,153,22 hp=1622
living id=5663 type=hobgoblinkaiser pos=69,20,22 hp=2247
living id=5664 type=direwolfalpha pos=81,122,22 hp=1648
living id=5665 type=direwolfalpha pos=165,197,22 hp=1681
living id=5666 type=firehead pos=58,100,22 hp=1816
living id=5668 type=firehead pos=132,164,22 hp=2166
living id=5670 type=firehead pos=189,185,22 hp=1836
living id=5672 type=cyclop pos=2,91,22 hp=1941
living id=5673 type=hobgoblin pos=166,173,22 hp=2145
living id=5674 type=snickerblade pos=30,54,22 hp=2125
living id=5675 type=snickerblade pos=66,30,22 hp=1792
living id=5676 type=hobgoblinkaiser pos=91,69,22 hp=2379
living id=5677 type=blueslime pos=184,81,22 hp=1737
living id=5678 type=hobgoblinkaiser pos=20,27,22 hp=2385
living id=5679 type=hobgoblinkaiser pos=193,187,22 hp=1897
living id=5680 type=hobgoblin pos=96,53,22 hp=1839
living id=5681 type=snickerblade pos=153,169,22 hp=2054
living id=5682 type=snickerblade pos=80,141,22 hp=2129
living id=5683 type=firehead pos=38,175,22 hp=2091
living id=5685 type=snickerblade pos=117,6,22 hp=1796
living id=5686 type=hobgoblinkaiser pos=55,3,22 hp=2094
living id=5687 type=hobgoblin pos=179,55,22 hp=2137
living id=5688 type=cyclop pos=55,195,22 hp=1761
living id=5689 type=hobgoblinkaiser pos=129,65,22 hp=2139
living id=5690 type=firehead pos=38,53,22 hp=1982
living id=5692 type=evilturtle pos=31,113,22 hp=2186
living id=5693 type=direwolf pos=39,108,22 hp=1466
living id=5694 type=direwolf pos=123,71,22 hp=1673
living id=5695 type=hobgoblin pos=119,70,22 hp=2105
living id=5696 type=firehead pos=5,84,22 hp=2212
living id=5698 type=blueslime pos=84,55,22 hp=1946
living id=5699 type=hobgoblin pos=11,69,22 hp=1998
living id=5700 type=cyclop pos=68,52,22 hp=2442
living id=5701 type=hobgoblinkaiser pos=80,39,22 hp=2470
living id=5702 type=hobgoblinkaiser pos=33,121,22 hp=2062
living id=5703 type=blueslime pos=68,149,22 hp=1926
living id=5704 type=hobgoblinkaiser pos=34,155,22 hp=1940
living id=5705 type=firehead pos=98,178,22 hp=1847
living id=5707 type=direwolfalpha pos=97,32,22 hp=1626
living id=5708 type=blueslime pos=163,85,22 hp=2002
living id=5709 type=blueslime pos=103,179,22 hp=1863
living id=5710 type=hobgoblin pos=176,63,22 hp=1966
living id=5711 type=snickerblade pos=76,189,22 hp=1630
living id=5712 type=hobgoblinkaiser pos=30,68,22 hp=2440
living id=5713 type=blueslime pos=106,178,22 hp=1840
living id=5714 type=hobgoblin pos=79,130,22 hp=1856
living id=5715 type=snickerblade pos=32,187,22 hp=1965
living id=5716 type=snickerblade pos=165,198,22 hp=1687
living id=5717 type=blueslime pos=35,186,22 hp=1933
living id=5718 type=hobgoblinkaiser pos=11,89,22 hp=1832
living id=5719 type=direwolf pos=141,40,22 hp=1632
living id=5720 type=cyclop pos=182,84,22 hp=2045
living id=5721 type=firehead pos=150,163,22 hp=1807
living id=5723 type=firehead pos=118,152,22 hp=1804
living id=5725 type=direwolfalpha pos=178,13,22 hp=1710
living id=5726 type=firehead pos=82,19,22 hp=2019
living id=5728 type=firehead pos=37,12,22 hp=1762
living id=5730 type=firehead pos=183,19,22 hp=1882
living id=5732 type=blueslime pos=44,72,22 hp=1622
living id=5733 type=snickerblade pos=118,47,22 hp=1882
living id=5734 type=snickerblade pos=60,160,22 hp=1699
living id=5735 type=direwolf pos=20,27,22 hp=1376
living id=5736 type=blueslime pos=168,198,22 hp=1627
living id=5737 type=evilturtle pos=73,101,22 hp=1784
living id=5738 type=firehead pos=6,114,22 hp=2003
living id=5740 type=blueslime pos=100,181,22 hp=2069
living id=5741 type=firehead pos=8,187,22 hp=2214
living id=5743 type=firehead pos=111,59,22 hp=2095
living id=5745 type=cyclop pos=11,114,22 hp=2150
living id=5746 type=snickerblade pos=121,194,22 hp=1636
living id=5747 type=evilturtle pos=186,105,22 hp=1907
living id=5748 type=direwolf pos=78,163,22 hp=1603
living id=5749 type=cyclop pos=70,20,22 hp=1770
living id=5750 type=hobgoblinkaiser pos=36,4,22 hp=1946
living id=5751 type=blueslime pos=92,178,22 hp=1867
living id=5752 type=hobgoblin pos=74,59,22 hp=1768
living id=5753 type=cyclop pos=150,58,22 hp=1789
living id=5754 type=snickerblade pos=97,34,22 hp=1746
living id=5755 type=snickerblade pos=17,170,22 hp=2171
living id=5756 type=firehead pos=105,161,22 hp=1808
living id=5758 type=direwolfalpha pos=30,11,22 hp=1279
living id=5759 type=hobgoblinkaiser pos=148,50,22 hp=1796
living id=5760 type=hobgoblinkaiser pos=63,60,22 hp=2420
living id=5761 type=direwolfalpha pos=94,165,22 hp=1466
living id=5762 type=blueslime pos=113,30,22 hp=1672
living id=5763 type=hobgoblin pos=12,63,22 hp=2180
living id=5764 type=cyclop pos=135,177,22 hp=1752
living id=5765 type=hobgoblin pos=125,18,22 hp=1643
living id=5766 type=direwolf pos=120,173,22 hp=1361
living id=5767 type=direwolfalpha pos=79,101,22 hp=1313
living id=5768 type=hobgoblinkaiser pos=185,19,22 hp=2597
living id=5769 type=snickerblade pos=120,2,22 hp=2174
living id=5770 type=blueslime pos=192,72,22 hp=2015
living id=5771 type=hobgoblin pos=174,40,22 hp=2172
living id=5772 type=direwolfalpha pos=40,173,22 hp=1285
living id=5773 type=snickerblade pos=151,172,22 hp=2029
living id=5774 type=hobgoblin pos=150,151,22 hp=1700
living id=5775 type=blueslime pos=184,92,22 hp=1944
living id=5776 type=evilturtle pos=32,18,22 hp=2092
living id=5777 type=direwolf pos=24,157,22 hp=1542
living id=5778 type=cyclop pos=117,12,22 hp=2379
living id=5779 type=hobgoblinkaiser pos=88,159,22 hp=1944
living id=5780 type=cyclop pos=146,48,22 hp=2431
living id=5781 type=firehead pos=167,185,22 hp=2281
living id=5783 type=direwolfalpha pos=57,137,22 hp=1362
living id=5784 type=evilturtle pos=56,50,22 hp=2314
living id=5785 type=direwolf pos=176,17,22 hp=1369
living id=5786 type=evilturtle pos=80,50,22 hp=1726
living id=5787 type=hobgoblinkaiser pos=187,169,22 hp=2456
living id=5788 type=blueslime pos=152,172,22 hp=1931
living id=5789 type=direwolfalpha pos=5,134,22 hp=1443
living id=5790 type=blueslime pos=70,131,22 hp=1806
living id=5791 type=cyclop pos=43,54,22 hp=2468
living id=5792 type=firehead pos=28,63,22 hp=2068
living id=5794 type=hobgoblinkaiser pos=129,161,22 hp=2611
living id=5795 type=snickerblade pos=128,161,22 hp=2080
living id=5796 type=hobgoblin pos=7,91,22 hp=1956
living id=5797 type=evilturtle pos=183,8,22 hp=1718
living id=5798 type=hobgoblinkaiser pos=166,2,22 hp=1953
living id=5799 type=hobgoblin pos=72,27,22 hp=2128
living id=5800 type=evilturtle pos=34,86,22 hp=2229
living id=5801 type=direwolfalpha pos=7,91,22 hp=1554
living id=5802 type=hobgoblin pos=18,130,22 hp=2146
living id=5803 type=hobgoblinkaiser pos=82,64,22 hp=1827
living id=5804 type=hobgoblin pos=96,160,22 hp=1929
living id=5805 type=cyclop pos=158,185,22 hp=2422
living id=5806 type=snickerblade pos=85,20,22 hp=2092
living id=5807 type=direwolfalpha pos=3,166,22 hp=1610
living id=5808 type=cyclop pos=183,3,22 hp=2493
living id=5809 type=direwolf pos=185,21,22 hp=1555
living id=5810 type=evilturtle pos=154,182,22 hp=2229
living id=5811 type=blueslime pos=56,103,22 hp=2168
living id=5812 type=direwolfalpha pos=194,179,22 hp=1471
living id=5813 type=firehead pos=79,173,22 hp=1933
living id=5815 type=direwolf pos=155,58,22 hp=1451
living id=5816 type=blueslime pos=27,35,22 hp=1768
living id=5817 type=blueslime pos=198,61,22 hp=1755
living id=5818 type=evilturtle pos=62,191,22 hp=2285
living id=5819 type=hobgoblin pos=97,180,22 hp=2024
living id=5820 type=cyclop pos=36,179,22 hp=2123
living id=5821 type=direwolf pos=24,1,22 hp=1443
living id=5822 type=firehead pos=191,198,22 hp=1762
living id=5824 type=firehead pos=147,157,22 hp=2251
living id=5826 type=snickerblade pos=39,192,22 hp=2016
living id=5827 type=blueslime pos=33,42,22 hp=2053
living id=5828 type=blueslime pos=74,163,22 hp=1821
living id=5829 type=nexythesnickeredge pos=71,183,22 hp=2284
living id=5830 type=cavetroll pos=68,159,22 hp=3099
living id=5831 type=cavetroll pos=50,42,22 hp=2937
living id=5832 type=cavetroll pos=37,180,22 hp=3108
living id=5833 type=direwolf pos=57,32,24 hp=1452
living id=5834 type=zombie pos=82,49,24 hp=2455
living id=5835 type=cavetroll pos=35,60,24 hp=2814
living id=5836 type=werewolf pos=31,124,24 hp=1711
living id=5837 type=evilturtle pos=79,79,24 hp=2062
living id=5838 type=direwolf pos=31,98,24 hp=1330
living id=5839 type=werewolf pos=69,151,24 hp=1755
living id=5840 type=infectedzombie pos=16,94,24 hp=2288
living id=5841 type=direwolfalpha pos=163,50,24 hp=1279
living id=5842 type=direwolf pos=47,144,24 hp=1574
living id=5843 type=direwolf pos=177,88,24 hp=1580
living id=5844 type=zombie pos=151,31,24 hp=2566
living id=5845 type=firehead pos=77,37,24 hp=1894
living id=5847 type=zombie pos=169,29,24 hp=2494
living id=5848 type=direwolf pos=195,45,24 hp=1424
living id=5849 type=blueslime pos=187,197,24 hp=1830
living id=5850 type=werewolf pos=170,26,24 hp=1603
living id=5851 type=werewolf pos=193,104,24 hp=1475
living id=5852 type=infectedzombie pos=9,38,24 hp=2389
living id=5853 type=blueslime pos=58,90,24 hp=1882
living id=5854 type=direwolf pos=146,4,24 hp=1431
living id=5855 type=infectedzombie pos=14,3,24 hp=2341
living id=5856 type=cavetroll pos=187,172,24 hp=2960
living id=5857 type=snickerblade pos=21,169,24 hp=1878
living id=5858 type=zombie pos=122,186,24 hp=2837
living id=5859 type=werewolf pos=119,24,24 hp=1694
living id=5860 type=firehead pos=134,164,24 hp=2185
living id=5862 type=zombie pos=101,159,24 hp=3553
living id=5863 type=direwolfalpha pos=86,131,24 hp=1393
living id=5864 type=evilturtle pos=25,148,24 hp=2266
living id=5865 type=cavetroll pos=23,125,24 hp=3259
living id=5866 type=blueslime pos=56,97,24 hp=1978
living id=5867 type=evilturtle pos=136,189,24 hp=2423
living id=5868 type=zombie pos=139,157,24 hp=3646
living id=5869 type=firehead pos=174,68,24 hp=2091
living id=5871 type=cavetroll pos=158,31,24 hp=2962
living id=5872 type=infectedzombie pos=118,186,24 hp=2883
living id=5873 type=direwolfalpha pos=12,7,24 hp=1582
living id=5874 type=snickerblade pos=78,77,24 hp=1906
living id=5875 type=blueslime pos=180,29,24 hp=2043
living id=5876 type=evilturtle pos=120,73,24 hp=2112
living id=5877 type=firehead pos=118,194,24 hp=2060
living id=5879 type=cavetroll pos=142,54,24 hp=2785
living id=5880 type=snickerblade pos=93,152,24 hp=1952
living id=5881 type=direwolf pos=180,195,24 hp=1356
living id=5882 type=firehead pos=98,14,24 hp=2110
living id=5884 type=zombie pos=121,188,24 hp=2635
living id=5885 type=blueslime pos=20,58,24 hp=1625
living id=5886 type=direwolfalpha pos=82,67,24 hp=1346
living id=5887 type=direwolfalpha pos=46,149,24 hp=1391
living id=5888 type=zombie pos=85,178,24 hp=2775
living id=5889 type=direwolfalpha pos=193,102,24 hp=1710
living id=5890 type=cavetroll pos=80,151,24 hp=3128
living id=5891 type=firehead pos=131,17,24 hp=1774
living id=5893 type=snickerbladewizard pos=159,77,24 hp=3396
living id=5894 type=cavetroll pos=21,93,24 hp=3135
living id=5895 type=werewolf pos=52,173,24 hp=1559
living id=5896 type=snickerblade pos=194,88,24 hp=1686
living id=5897 type=zombie pos=51,194,24 hp=2422
living id=5898 type=snickerbladewizard pos=193,103,24 hp=3297
living id=5899 type=werewolf pos=182,195,24 hp=1835
living id=5900 type=snickerblade pos=196,26,24 hp=2042
living id=5901 type=snickerblade pos=45,156,24 hp=1760
living id=5902 type=blueslime pos=140,51,24 hp=1889
living id=5903 type=infectedzombie pos=67,162,24 hp=2577
living id=5904 type=cavetroll pos=151,190,24 hp=2709
living id=5905 type=firehead pos=167,168,24 hp=2115
living id=5907 type=werewolf pos=137,56,24 hp=1390
living id=5908 type=blueslime pos=186,194,24 hp=1921
living id=5909 type=infectedzombie pos=19,25,24 hp=2485
living id=5910 type=snickerblade pos=164,70,24 hp=1663
living id=5911 type=direwolf pos=136,187,24 hp=1511
living id=5912 type=zombie pos=103,156,24 hp=2896
living id=5913 type=cavetroll pos=136,181,24 hp=3291
living id=5914 type=direwolf pos=168,185,24 hp=1677
living id=5915 type=zombie pos=15,16,24 hp=3580
living id=5916 type=infectedzombie pos=58,102,24 hp=2306
living id=5917 type=infectedzombie pos=171,48,24 hp=2897
living id=5918 type=zombie pos=87,133,24 hp=2784
living id=5919 type=firehead pos=80,145,24 hp=2022
living id=5921 type=evilturtle pos=69,12,24 hp=1830
living id=5922 type=blueslime pos=103,158,24 hp=1796
living id=5923 type=snickerbladewizard pos=77,48,24 hp=3376
living id=5924 type=zombie pos=83,151,24 hp=3547
living id=5925 type=zombie pos=137,76,24 hp=2649
living id=5926 type=snickerbladewizard pos=71,34,24 hp=3321
living id=5927 type=werewolf pos=17,26,24 hp=1655
living id=5928 type=evilturtle pos=37,99,24 hp=2358
living id=5929 type=direwolf pos=48,145,24 hp=1633
living id=5930 type=zombie pos=176,20,24 hp=2877
living id=5931 type=cavetroll pos=115,192,24 hp=2924
living id=5932 type=firehead pos=56,134,24 hp=1711
living id=5934 type=werewolf pos=110,40,24 hp=1437
living id=5935 type=infectedzombie pos=69,102,24 hp=2210
living id=5936 type=firehead pos=125,17,24 hp=2106
living id=5938 type=zombie pos=10,40,24 hp=3337
living id=5939 type=direwolf pos=84,87,24 hp=1587
living id=5940 type=zombie pos=167,68,24 hp=2537
living id=5941 type=snickerbladewizard pos=168,63,24 hp=3321
living id=5942 type=firehead pos=59,90,24 hp=1973
living id=5944 type=blueslime pos=89,78,24 hp=2176
living id=5945 type=blueslime pos=161,81,24 hp=2168
living id=5946 type=direwolfalpha pos=179,2,24 hp=1460
living id=5947 type=direwolfalpha pos=70,12,24 hp=1547
living id=5948 type=werewolf pos=148,68,24 hp=1669
living id=5949 type=firehead pos=67,143,24 hp=1863
living id=5951 type=werewolf pos=80,35,24 hp=1794
living id=5952 type=snickerbladewizard pos=161,185,24 hp=3345
living id=5953 type=infectedzombie pos=89,56,24 hp=2185
living id=5954 type=direwolfalpha pos=78,195,24 hp=1563
living id=5955 type=evilturtle pos=94,59,24 hp=2137
living id=5956 type=direwolfalpha pos=85,138,24 hp=1640
living id=5957 type=snickerbladewizard pos=159,82,24 hp=3332
living id=5958 type=snickerblade pos=192,72,24 hp=1868
living id=5959 type=cavetroll pos=95,15,24 hp=3172
living id=5960 type=blueslime pos=81,26,24 hp=2166
living id=5961 type=firehead pos=139,159,24 hp=1833
living id=5963 type=direwolf pos=105,79,24 hp=1555
living id=5964 type=firehead pos=162,32,24 hp=2244
living id=5966 type=direwolf pos=195,44,24 hp=1518
living id=5967 type=blueslime pos=105,25,24 hp=1913
living id=5968 type=direwolf pos=134,194,24 hp=1621
living id=5969 type=blueslime pos=88,56,24 hp=1638
living id=5970 type=snickerbladewizard pos=24,110,24 hp=3395
living id=5971 type=evilturtle pos=49,172,24 hp=2026
living id=5972 type=zombie pos=177,107,24 hp=3047
living id=5973 type=infectedzombie pos=82,174,24 hp=2229
living id=5974 type=direwolf pos=152,41,24 hp=1510
living id=5975 type=snickerbladewizard pos=143,58,24 hp=3391
living id=5976 type=firehead pos=54,28,24 hp=1907
living id=5978 type=evilturtle pos=18,26,24 hp=2355
living id=5979 type=werewolf pos=137,186,24 hp=1648
living id=5980 type=werewolf pos=89,173,24 hp=1845
living id=5981 type=werewolf pos=23,62,24 hp=1790
living id=5982 type=snickerblade pos=56,96,24 hp=1639
living id=5983 type=evilturtle pos=197,49,24 hp=2116
living id=5984 type=zombie pos=86,163,24 hp=2887
living id=5985 type=direwolfalpha pos=46,116,24 hp=1647
living id=5986 type=cavetroll pos=22,62,24 hp=3249
living id=5987 type=werewolf pos=105,30,24 hp=1626
living id=5988 type=snickerbladewizard pos=68,135,24 hp=3304
living id=5989 type=direwolfalpha pos=31,134,24 hp=1660
living id=5990 type=snickerblade pos=45,156,24 hp=2090
living id=5991 type=infectedzombie pos=40,122,24 hp=2901
living id=5992 type=firehead pos=133,57,24 hp=1794
living id=5994 type=firehead pos=57,19,24 hp=2097
living id=5996 type=infectedzombie pos=53,197,24 hp=2569
living id=5997 type=zombie pos=45,160,24 hp=3498
living id=5998 type=zombie pos=16,98,24 hp=3342
living id=5999 type=snickerblade pos=104,23,24 hp=1802
living id=6000 type=direwolfalpha pos=14,40,24 hp=1473
living id=6001 type=cavetroll pos=38,16,24 hp=2856
living id=6002 type=direwolf pos=34,169,24 hp=1448
living id=6003 type=blueslime pos=69,159,24 hp=1780
living id=6004 type=snickerblade pos=47,146,24 hp=2114
living id=6005 type=cavetroll pos=125,150,24 hp=3019
living id=6006 type=snickerblade pos=141,3,24 hp=1797
living id=6007 type=blueslime pos=84,91,24 hp=2043
living id=6008 type=zombie pos=153,26,24 hp=3281
living id=6009 type=firehead pos=107,32,24 hp=2201
living id=6011 type=infectedzombie pos=70,165,24 hp=2909
living id=6012 type=werewolf pos=6,36,24 hp=1577
living id=6013 type=infectedzombie pos=15,39,24 hp=2289
living id=6014 type=direwolf pos=123,152,24 hp=1370
living id=6015 type=direwolfalpha pos=165,62,24 hp=1395
living id=6016 type=direwolfalpha pos=84,42,24 hp=1409
living id=6017 type=direwolfalpha pos=57,34,24 hp=1397
living id=6018 type=snickerblade pos=127,164,24 hp=1729
living id=6019 type=snickerblade pos=64,164,24 hp=1875
living id=6020 type=blueslime pos=106,186,24 hp=2095
living id=6021 type=snickerbladewizard pos=73,163,24 hp=3288
living id=6022 type=blueslime pos=180,105,24 hp=1713
living id=6023 type=zombie pos=192,23,24 hp=2626
living id=6024 type=werewolf pos=81,73,24 hp=1484
living id=6025 type=infectedzombie pos=124,151,24 hp=2467
living id=6026 type=direwolf pos=47,142,24 hp=1463
living id=6027 type=blueslime pos=142,29,24 hp=1769
living id=6028 type=snickerblade pos=96,60,24 hp=2022
living id=6029 type=zombie pos=83,46,24 hp=2973
living id=6030 type=blueslime pos=118,152,24 hp=1831
living id=6031 type=snickerblade pos=18,25,24 hp=2049
living id=6032 type=cavetroll pos=51,34,24 hp=3114
living id=6033 type=evilturtle pos=88,149,24 hp=2385
living id=6034 type=direwolfalpha pos=144,30,24 hp=1347
living id=6035 type=firehead pos=9,40,24 hp=1982
living id=6037 type=zombie pos=30,129,24 hp=3007
living id=6038 type=werewolf pos=141,29,24 hp=1619
living id=6039 type=blueslime pos=50,170,24 hp=1853
living id=6040 type=direwolf pos=151,164,24 hp=1337
living id=6041 type=firehead pos=194,27,24 hp=1728
living id=6043 type=direwolfalpha pos=76,26,24 hp=1328
living id=6044 type=direwolfalpha pos=136,52,24 hp=1570
living id=6045 type=werewolf pos=99,154,24 hp=1524
living id=6046 type=snickerblade pos=51,197,24 hp=1796
living id=6047 type=direwolf pos=173,49,24 hp=1676
living id=6048 type=cavetroll pos=86,43,24 hp=3168
living id=6049 type=snickerblade pos=108,30,24 hp=1959
living id=6050 type=snickerblade pos=158,74,24 hp=1973
living id=6051 type=zombie pos=138,72,24 hp=2505
living id=6052 type=direwolf pos=47,50,24 hp=1404
living id=6053 type=zombie pos=23,128,24 hp=3273
living id=6054 type=blueslime pos=151,170,24 hp=2022
living id=6055 type=direwolf pos=100,26,24 hp=1367
living id=6056 type=firehead pos=10,38,24 hp=2122
living id=6058 type=blueslime pos=118,150,24 hp=2082
living id=6059 type=firehead pos=22,169,24 hp=2291
living id=6061 type=werewolf pos=42,152,24 hp=1798
living id=6062 type=blueslime pos=70,157,24 hp=2127
living id=6063 type=firehead pos=60,91,24 hp=1821
living id=6065 type=cavetroll pos=73,162,24 hp=3282
living id=6066 type=snickerbladewizard pos=166,3,24 hp=3262
living id=6067 type=zombie pos=165,64,24 hp=3313
living id=6068 type=werewolf pos=10,34,24 hp=1713
living id=6069 type=evilturtle pos=73,103,24 hp=2293
living id=6070 type=infectedzombie pos=120,151,24 hp=2381
living id=6071 type=zombie pos=52,74,24 hp=2410
living id=6072 type=snickerblade pos=167,172,24 hp=1837
living id=6073 type=evilturtle pos=51,169,24 hp=1895
living id=6074 type=zombie pos=73,97,24 hp=2796
living id=6075 type=cavetroll pos=85,26,24 hp=2801
living id=6076 type=evilturtle pos=31,20,24 hp=1843
living id=6077 type=firehead pos=114,41,24 hp=1856
living id=6079 type=direwolf pos=190,79,24 hp=1363
living id=6080 type=snickerblade pos=36,57,24 hp=2144
living id=6081 type=evilturtle pos=162,25,24 hp=1762
living id=6082 type=infectedzombie pos=179,79,24 hp=2239
living id=6083 type=direwolf pos=162,31,24 hp=1394
living id=6084 type=cavetroll pos=42,118,24 hp=2720
living id=6085 type=werewolf pos=95,59,24 hp=1552
living id=6086 type=infectedzombie pos=119,44,24 hp=2471
living id=6087 type=werewolf pos=83,156,24 hp=1848
living id=6088 type=blueslime pos=85,176,24 hp=1819
living id=6089 type=werewolf pos=22,148,24 hp=1510
living id=6090 type=cavetroll pos=126,166,24 hp=2961
living id=6091 type=werewolf pos=173,108,24 hp=1367
living id=6092 type=direwolf pos=187,187,24 hp=1324
living id=6093 type=zombie pos=98,9,24 hp=3100
living id=6094 type=snickerblade pos=174,0,24 hp=1944
living id=6095 type=snickerblade pos=102,186,24 hp=1709
living id=6096 type=snickerblade pos=176,8,24 hp=1828
living id=6097 type=direwolfalpha pos=75,50,24 hp=1415
living id=6098 type=direwolfalpha pos=98,9,24 hp=1416
living id=6099 type=cavetroll pos=151,32,24 hp=3075
living id=6100 type=snickerblade pos=108,25,24 hp=2138
living id=6101 type=zombie pos=113,43,24 hp=3161
living id=6102 type=direwolfalpha pos=72,28,24 hp=1587
living id=6103 type=zombie pos=154,152,24 hp=3276
living id=6104 type=blueslime pos=120,66,24 hp=1680
living id=6105 type=zombie pos=59,96,24 hp=2923
living id=6106 type=firehead pos=170,26,24 hp=2229
living id=6108 type=snickerblade pos=179,76,24 hp=1740
living id=6109 type=firehead pos=145,21,24 hp=1825
living id=6111 type=snickerblade pos=42,118,24 hp=1730
living id=6112 type=zombie pos=84,39,24 hp=3163
living id=6113 type=werewolf pos=192,79,24 hp=1870
living id=6114 type=evilturtle pos=101,192,24 hp=1789
living id=6115 type=cavetroll pos=117,42,24 hp=2958
living id=6116 type=werewolf pos=50,145,24 hp=1712
living id=6117 type=zombie pos=152,38,24 hp=2522
living id=6118 type=snickerblade pos=34,74,24 hp=2135
living id=6119 type=infectedzombie pos=116,153,24 hp=2359
living id=6120 type=snickerbladewizard pos=169,182,24 hp=3336
living id=6121 type=evilturtle pos=31,125,24 hp=1832
living id=6122 type=cavetroll pos=58,95,24 hp=2723
living id=6123 type=evilturtle pos=79,33,24 hp=2091
living id=6124 type=snickerblade pos=138,160,24 hp=1627
living id=6125 type=cavetroll pos=119,197,24 hp=3133
living id=6126 type=snickerbladewizard pos=43,133,24 hp=3342
living id=6127 type=infectedzombie pos=149,189,24 hp=2418
living id=6128 type=evilturtle pos=86,89,24 hp=1728
living id=6129 type=blueslime pos=88,172,24 hp=1764
living id=6130 type=snickerbladewizard pos=19,59,24 hp=3311
living id=6131 type=direwolf pos=153,183,24 hp=1661
living id=6132 type=direwolfalpha pos=94,151,24 hp=1665
living id=6133 type=firehead pos=80,144,24 hp=2011
living id=6135 type=werewolf pos=177,105,24 hp=1815
living id=6136 type=evilturtle pos=108,150,24 hp=2319
living id=6137 type=blueslime pos=123,24,24 hp=2086
living id=6138 type=evilturtle pos=28,126,24 hp=1772
living id=6139 type=blueslime pos=157,151,24 hp=1625
living id=6140 type=direwolfalpha pos=58,109,24 hp=1594
living id=6141 type=cavetroll pos=63,148,24 hp=2701
living id=6142 type=direwolf pos=149,152,24 hp=1549
living id=6143 type=werewolf pos=125,20,24 hp=1448
living id=6144 type=cavetroll pos=179,104,24 hp=2845
living id=6145 type=snickerbladewizard pos=68,158,24 hp=3359
living id=6146 type=snickerblade pos=146,153,24 hp=1876
living id=6147 type=direwolf pos=156,81,24 hp=1429
living id=6148 type=cavetroll pos=82,64,24 hp=3278
living id=6149 type=snickerblade pos=74,58,24 hp=1746
living id=6150 type=werewolf pos=118,194,24 hp=1519
living id=6151 type=snickerbladewizard pos=126,166,24 hp=3378
living id=6152 type=werewolf pos=82,135,24 hp=1342
living id=6153 type=blueslime pos=26,148,24 hp=2178
living id=6154 type=direwolf pos=131,58,24 hp=1334
living id=6155 type=snickerbladewizard pos=48,54,24 hp=3296
living id=6156 type=cavetroll pos=48,48,24 hp=3027
living id=6157 type=blueslime pos=177,78,24 hp=1950
living id=6158 type=cavetroll pos=129,21,24 hp=3007
living id=6159 type=blueslime pos=148,151,24 hp=1882
living id=6160 type=blueslime pos=163,50,24 hp=1749
living id=6161 type=werewolf pos=91,11,24 hp=1533
living id=6162 type=firehead pos=96,5,24 hp=1937
living id=6164 type=infectedzombie pos=176,5,24 hp=2364
living id=6165 type=direwolf pos=193,107,24 hp=1548
living id=6166 type=infectedzombie pos=65,11,24 hp=2362
living id=6167 type=cavetroll pos=48,71,24 hp=3132
living id=6168 type=direwolf pos=72,19,24 hp=1359
living id=6169 type=werewolf pos=76,195,24 hp=1663
living id=6170 type=werewolf pos=70,108,24 hp=1617
living id=6171 type=werewolf pos=190,172,24 hp=1672
living id=6172 type=werewolf pos=142,51,24 hp=1565
living id=6173 type=firehead pos=34,27,24 hp=1919
living id=6175 type=cavetroll pos=45,122,24 hp=3279
living id=6176 type=blueslime pos=41,152,24 hp=2035
living id=6177 type=snickerblade pos=16,32,24 hp=1765
living id=6178 type=evilturtle pos=46,131,24 hp=2425
living id=6179 type=direwolf pos=157,52,24 hp=1542
living id=6180 type=snickerblade pos=85,26,24 hp=2043
living id=6181 type=snickerblade pos=136,47,24 hp=1658
living id=6182 type=snickerblade pos=45,148,24 hp=1687
living id=6183 type=firehead pos=97,4,24 hp=1813
living id=6185 type=direwolfalpha pos=135,190,24 hp=1292
living id=6186 type=snickerblade pos=152,187,24 hp=1744
living id=6187 type=firehead pos=93,153,24 hp=1748
living id=6189 type=blueslime pos=25,108,24 hp=2046
living id=6190 type=cavetroll pos=99,4,24 hp=3256
living id=6191 type=firehead pos=161,76,24 hp=2272
living id=6193 type=infectedzombie pos=165,3,24 hp=2827
living id=6194 type=snickerblade pos=152,79,24 hp=2029
living id=6195 type=infectedzombie pos=41,165,24 hp=2796
living id=6196 type=snickerbladewizard pos=28,131,24 hp=3314
living id=6197 type=firehead pos=42,152,24 hp=1776
living id=6199 type=direwolfalpha pos=132,194,24 hp=1278
living id=6200 type=snickerbladewizard pos=56,184,24 hp=3362
living id=6201 type=evilturtle pos=115,56,24 hp=1892
living id=6202 type=infectedzombie pos=143,53,24 hp=2348
living id=6203 type=snickerbladewizard pos=111,145,24 hp=3395
living id=6204 type=direwolfalpha pos=102,195,24 hp=1663
living id=6205 type=snickerblade pos=135,74,24 hp=1937
living id=6206 type=direwolfalpha pos=136,184,24 hp=1598
living id=6207 type=infectedzombie pos=75,10,24 hp=2250
living id=6208 type=snickerblade pos=121,196,24 hp=1887
living id=6209 type=blueslime pos=80,42,24 hp=2056
living id=6210 type=direwolf pos=54,55,24 hp=1514
living id=6211 type=direwolfalpha pos=50,172,24 hp=1698
living id=6212 type=direwolf pos=123,197,24 hp=1665
living id=6213 type=blueslime pos=125,29,24 hp=1639
living id=6214 type=evilturtle pos=57,90,24 hp=2388
living id=6215 type=zombie pos=72,50,24 hp=2939
living id=6216 type=direwolfalpha pos=83,26,24 hp=1447
living id=6217 type=snickerblade pos=96,13,24 hp=1735
living id=6218 type=firehead pos=19,62,24 hp=1948
living id=6220 type=cavetroll pos=21,95,24 hp=3076
living id=6221 type=snickerblade pos=97,58,24 hp=1655
living id=6222 type=infectedzombie pos=55,9,24 hp=2609
living id=6223 type=infectedzombie pos=18,56,24 hp=2194
living id=6224 type=snickerbladewizard pos=158,65,24 hp=3260
living id=6225 type=firehead pos=47,54,24 hp=1781
living id=6227 type=blueslime pos=123,190,24 hp=1693
living id=6228 type=evilturtle pos=178,196,24 hp=1977
living id=6229 type=evilturtle pos=32,57,24 hp=2087
living id=6230 type=direwolf pos=40,146,24 hp=1583
living id=6231 type=firehead pos=51,33,24 hp=2148
living id=6233 type=evilturtle pos=43,172,24 hp=1906
living id=6234 type=infectedzombie pos=76,28,24 hp=2185
living id=6235 type=direwolfalpha pos=75,157,24 hp=1539
living id=6236 type=evilturtle pos=48,194,24 hp=2252
living id=6237 type=evilturtle pos=79,27,24 hp=1777
living id=6238 type=direwolfalpha pos=25,170,24 hp=1613
living id=6239 type=infectedzombie pos=192,104,24 hp=2628
living id=6240 type=werewolf pos=90,89,24 hp=1768
living id=6241 type=direwolf pos=72,24,24 hp=1414
living id=6242 type=infectedzombie pos=82,164,24 hp=2598
living id=6243 type=werewolf pos=38,23,24 hp=1570
living id=6244 type=zombie pos=24,130,24 hp=2990
living id=6245 type=snickerbladewizard pos=61,160,24 hp=3349
living id=6246 type=evilturtle pos=43,59,24 hp=2255
living id=6247 type=cavetroll pos=11,41,24 hp=2851
living id=6248 type=blueslime pos=86,41,24 hp=2180
living id=6249 type=direwolf pos=137,51,24 hp=1570
living id=6250 type=evilturtle pos=192,70,24 hp=2392
living id=6251 type=werewolf pos=63,11,24 hp=1344
living id=6252 type=snickerblade pos=72,10,24 hp=1840
living id=6253 type=direwolfalpha pos=40,115,24 hp=1376
living id=6254 type=werewolf pos=149,161,24 hp=1658
living id=6255 type=direwolfalpha pos=141,58,24 hp=1678
living id=6256 type=cavetroll pos=123,152,24 hp=2762
living id=6257 type=werewolf pos=69,12,24 hp=1693
living id=6258 type=direwolfalpha pos=55,20,24 hp=1308
living id=6259 type=werewolf pos=61,143,24 hp=1521
living id=6260 type=infectedzombie pos=20,58,24 hp=2674
living id=6261 type=evilturtle pos=64,157,24 hp=2077
living id=6262 type=direwolfalpha pos=132,53,24 hp=1592
living id=6263 type=direwolf pos=184,192,24 hp=1520
living id=6264 type=zombie pos=134,58,24 hp=2754
living id=6265 type=snickerbladewizard pos=63,166,24 hp=3283
living id=6266 type=firehead pos=32,164,24 hp=1893
living id=6268 type=werewolf pos=36,15,24 hp=1443
living id=6269 type=blueslime pos=7,41,24 hp=2005
living id=6270 type=blueslime pos=151,186,24 hp=1843
living id=6271 type=firehead pos=103,196,24 hp=2011
living id=6273 type=werewolf pos=19,20,24 hp=1781
living id=6274 type=snickerbladewizard pos=18,39,24 hp=3263
living id=6275 type=direwolfalpha pos=40,123,24 hp=1551
living id=6276 type=direwolf pos=103,160,24 hp=1669
living id=6277 type=snickerbladewizard pos=70,167,24 hp=3296
living id=6278 type=direwolfalpha pos=105,33,24 hp=1630
living id=6279 type=evilturtle pos=194,77,24 hp=2273
living id=6280 type=zombie pos=157,80,24 hp=2434
living id=6281 type=zombie pos=168,92,24 hp=3211
living id=6282 type=zombie pos=120,65,24 hp=3235
living id=6283 type=direwolf pos=77,143,24 hp=1647
living id=6284 type=zombie pos=102,158,24 hp=3532
living id=6285 type=werewolf pos=48,144,24 hp=1750
living id=6286 type=snickerbladewizard pos=24,18,24 hp=3388
living id=6287 type=snickerbladewizard pos=58,185,24 hp=3280
living id=6288 type=snickerblade pos=56,28,24 hp=1822
living id=6289 type=werewolf pos=91,56,24 hp=1471
living id=6290 type=direwolfalpha pos=61,181,24 hp=1462
living id=6291 type=snickerblade pos=148,61,24 hp=1817
living id=6292 type=blueslime pos=129,24,24 hp=1962
living id=6293 type=werewolf pos=33,97,24 hp=1703
living id=6294 type=cavetroll pos=182,189,24 hp=3281
living id=6295 type=infectedzombie pos=85,43,24 hp=2346
living id=6296 type=snickerblade pos=28,125,24 hp=1648
living id=6297 type=snickerblade pos=115,60,24 hp=2162
living id=6298 type=snickerblade pos=107,22,24 hp=1924
living id=6299 type=direwolfalpha pos=178,78,24 hp=1380
living id=6300 type=snickerbladewizard pos=157,79,24 hp=3374
living id=6301 type=werewolf pos=161,85,24 hp=1470
living id=6302 type=cavetroll pos=194,79,24 hp=2805
living id=6303 type=firehead pos=23,110,24 hp=2157
living id=6305 type=infectedzombie pos=75,49,24 hp=2615
living id=6306 type=cavetroll pos=22,61,24 hp=2765
living id=6307 type=firehead pos=108,43,24 hp=1754
living id=6309 type=snickerbladewizard pos=196,20,24 hp=3300
living id=6310 type=zombie pos=106,147,24 hp=2748
living id=6311 type=infectedzombie pos=155,82,24 hp=2568
living id=6312 type=werewolf pos=104,175,24 hp=1699
living id=6313 type=evilturtle pos=142,30,24 hp=1992
living id=6314 type=snickerblade pos=192,168,24 hp=1762
living id=6315 type=infectedzombie pos=47,176,24 hp=2932
living id=6316 type=zombie pos=56,16,24 hp=2974
living id=6317 type=snickerbladewizard pos=84,97,24 hp=3353
living id=6318 type=zombie pos=74,161,24 hp=2468
living id=6319 type=direwolfalpha pos=34,54,24 hp=1640
living id=6320 type=firehead pos=193,53,24 hp=1775
living id=6322 type=evilturtle pos=36,55,24 hp=1991
living id=6323 type=snickerblade pos=152,183,24 hp=1745
living id=6324 type=zombie pos=146,152,24 hp=2412
living id=6325 type=infectedzombie pos=37,24,24 hp=2461
living id=6326 type=snickerbladewizard pos=164,69,24 hp=3307
living id=6327 type=zombie pos=39,96,24 hp=2367
living id=6328 type=direwolf pos=145,7,24 hp=1470
living id=6329 type=evilturtle pos=154,159,24 hp=2333
living id=6330 type=snickerblade pos=101,162,24 hp=1773
living id=6331 type=snickerbladewizard pos=33,28,24 hp=3399
living id=6332 type=snickerblade pos=53,189,24 hp=2143
living id=6333 type=direwolfalpha pos=176,12,24 hp=1382
living id=6334 type=firehead pos=126,150,24 hp=1974
living id=6336 type=firehead pos=47,192,24 hp=1765
living id=6338 type=direwolf pos=25,150,24 hp=1346
living id=6339 type=direwolf pos=98,9,24 hp=1469
living id=6340 type=direwolfalpha pos=168,111,24 hp=1323
living id=6341 type=direwolf pos=42,173,24 hp=1464
living id=6342 type=evilturtle pos=150,72,24 hp=2113
living id=6343 type=snickerblade pos=140,161,24 hp=1637
living id=6344 type=snickerblade pos=47,76,24 hp=1977
living id=6345 type=cavetroll pos=52,74,24 hp=2881
living id=6346 type=infectedzombie pos=177,66,24 hp=2410
living id=6347 type=infectedzombie pos=104,171,24 hp=2334
living id=6348 type=snickerblade pos=146,160,24 hp=1813
living id=6349 type=werewolf pos=191,173,24 hp=1660
living id=6350 type=evilturtle pos=74,110,24 hp=1994
living id=6351 type=direwolf pos=41,20,24 hp=1437
living id=6352 type=zombie pos=161,52,24 hp=3507
living id=6353 type=snickerblade pos=148,0,24 hp=1720
living id=6354 type=zombie pos=72,13,24 hp=2398
living id=6355 type=infectedzombie pos=90,85,24 hp=2400
living id=6356 type=direwolf pos=67,143,24 hp=1613
living id=6357 type=blueslime pos=168,186,24 hp=1672
living id=6358 type=infectedzombie pos=99,9,24 hp=2336
living id=6359 type=firehead pos=60,135,24 hp=1897
living id=6361 type=evilturtle pos=134,51,24 hp=2168
living id=6362 type=firehead pos=78,38,24 hp=2213
living id=6364 type=werewolf pos=40,54,24 hp=1871
living id=6365 type=werewolf pos=147,186,24 hp=1532
living id=6366 type=firehead pos=136,53,24 hp=2149
living id=6368 type=snickerblade pos=172,30,24 hp=2007
living id=6369 type=zombie pos=56,21,24 hp=3523
living id=6370 type=infectedzombie pos=86,42,24 hp=2581
living id=6371 type=direwolfalpha pos=38,36,24 hp=1420
living id=6372 type=snickerblade pos=127,153,24 hp=2172
living id=6373 type=cavetroll pos=131,18,24 hp=2987
living id=6374 type=snickerblade pos=75,43,24 hp=2027
living id=6375 type=infectedzombie pos=91,60,24 hp=2195
living id=6376 type=blueslime pos=155,81,24 hp=2145
living id=6377 type=evilturtle pos=148,0,24 hp=1788
living id=6378 type=firehead pos=68,151,24 hp=1965
living id=6380 type=cavetroll pos=141,49,24 hp=2926
living id=6381 type=snickerblade pos=74,78,24 hp=2073
living id=6382 type=evilturtle pos=149,160,24 hp=1966
living id=6383 type=cavetroll pos=175,4,24 hp=2799
living id=6384 type=zombie pos=48,144,24 hp=3485
living id=6385 type=evilturtle pos=84,193,24 hp=2484
living id=6386 type=direwolf pos=192,78,24 hp=1371
living id=6387 type=direwolfalpha pos=180,66,24 hp=1444
living id=6388 type=blueslime pos=19,29,24 hp=1998
living id=6389 type=firehead pos=27,110,24 hp=2007
living id=6391 type=firehead pos=191,79,24 hp=2236
living id=6393 type=blueslime pos=21,63,24 hp=2140
living id=6394 type=snickerblade pos=71,12,24 hp=1881
living id=6395 type=direwolf pos=112,146,24 hp=1490
living id=6396 type=evilturtle pos=123,152,24 hp=2120
living id=6397 type=firehead pos=9,31,24 hp=2194
living id=6399 type=infectedzombie pos=104,57,24 hp=2384
living id=6400 type=werewolf pos=164,71,24 hp=1774
living id=6401 type=firehead pos=74,165,24 hp=1808
living id=6403 type=werewolf pos=127,194,24 hp=1521
living id=6404 type=snickerbladewizard pos=80,50,24 hp=3400
living id=6405 type=direwolf pos=127,168,24 hp=1670
living id=6406 type=direwolf pos=53,174,24 hp=1434
living id=6407 type=werewolf pos=75,142,24 hp=1408
living id=6408 type=snickerbladewizard pos=179,66,24 hp=3361
living id=6409 type=blueslime pos=103,190,24 hp=2002
living id=6410 type=firehead pos=167,88,24 hp=1721
living id=6412 type=direwolfalpha pos=74,43,24 hp=1565
living id=6413 type=zombie pos=152,63,24 hp=3638
living id=6414 type=blueslime pos=108,151,24 hp=2179
living id=6415 type=evilturtle pos=49,151,24 hp=2076
living id=6416 type=blueslime pos=124,185,24 hp=2164
living id=6417 type=firehead pos=26,97,24 hp=1911
living id=6419 type=werewolf pos=46,196,24 hp=1791
living id=6420 type=snickerbladewizard pos=159,27,24 hp=3338
living id=6421 type=infectedzombie pos=192,56,24 hp=2389
living id=6422 type=snickerblade pos=156,86,24 hp=1666
living id=6423 type=infectedzombie pos=42,123,24 hp=2275
living id=6424 type=snickerblade pos=156,161,24 hp=1765
living id=6425 type=direwolf pos=156,86,24 hp=1454
living id=6426 type=evilturtle pos=133,57,24 hp=2459
living id=6427 type=direwolf pos=156,79,24 hp=1586
living id=6428 type=snickerbladewizard pos=126,198,24 hp=3343
living id=6429 type=infectedzombie pos=32,129,24 hp=2620
living id=6430 type=cavetroll pos=110,32,24 hp=3273
living id=6431 type=firehead pos=7,41,24 hp=1866
living id=6433 type=snickerblade pos=16,46,24 hp=2091
living id=6434 type=firehead pos=71,79,24 hp=2253
living id=6436 type=werewolf pos=23,121,24 hp=1574
living id=6437 type=zombie pos=79,26,24 hp=2923
living id=6438 type=infectedzombie pos=122,153,24 hp=2842
living id=6439 type=evilturtle pos=190,172,24 hp=1845
living id=6440 type=cavetroll pos=160,32,24 hp=2981
living id=6441 type=firehead pos=42,23,24 hp=2131
living id=6443 type=werewolf pos=111,79,24 hp=1487
living id=6444 type=direwolf pos=76,27,24 hp=1551
living id=6445 type=direwolfalpha pos=138,59,24 hp=1276
living id=6446 type=evilturtle pos=20,62,24 hp=2031
living id=6447 type=cavetroll pos=173,30,24 hp=3239
living id=6448 type=blueslime pos=30,60,24 hp=2127
living id=6449 type=werewolf pos=31,135,24 hp=1324
living id=6450 type=evilturtle pos=48,152,24 hp=1923
living id=6451 type=evilturtle pos=120,60,24 hp=2136
living id=6452 type=werewolf pos=138,46,24 hp=1735
living id=6453 type=infectedzombie pos=163,87,24 hp=2717
living id=6454 type=blueslime pos=132,60,24 hp=1664
living id=6455 type=snickerbladewizard pos=29,10,24 hp=3254
living id=6456 type=werewolf pos=54,37,24 hp=1635
living id=6457 type=snickerbladewizard pos=124,185,24 hp=3343
living id=6458 type=werewolf pos=152,30,24 hp=1624
living id=6459 type=werewolf pos=160,29,24 hp=1573
living id=6460 type=werewolf pos=140,29,24 hp=1339
living id=6461 type=werewolf pos=104,158,24 hp=1726
living id=6462 type=blueslime pos=104,57,24 hp=1822
living id=6463 type=snickerbladewizard pos=120,74,24 hp=3389
living id=6464 type=direwolf pos=92,44,24 hp=1454
living id=6465 type=infectedzombie pos=158,52,24 hp=2381
living id=6466 type=infectedzombie pos=43,169,24 hp=2589
living id=6467 type=zombie pos=138,54,24 hp=2480
living id=6468 type=zombie pos=52,191,24 hp=3085
living id=6469 type=cavetroll pos=87,59,24 hp=3026
living id=6470 type=direwolf pos=84,165,24 hp=1485
living id=6471 type=snickerbladewizard pos=80,77,24 hp=3387
living id=6472 type=snickerblade pos=49,55,24 hp=1832
living id=6473 type=evilturtle pos=72,164,24 hp=2350
living id=6474 type=direwolf pos=108,31,24 hp=1475
living id=6475 type=werewolf pos=94,55,24 hp=1690
living id=6476 type=infectedzombie pos=122,195,24 hp=2415
living id=6477 type=evilturtle pos=120,58,24 hp=1871
living id=6478 type=infectedzombie pos=79,69,24 hp=2661
living id=6479 type=werewolf pos=47,197,24 hp=1833
living id=6480 type=firehead pos=125,186,24 hp=1842
living id=6482 type=direwolfalpha pos=38,54,24 hp=1325
living id=6483 type=snickerblade pos=17,35,24 hp=2179
living id=6484 type=zombie pos=53,79,24 hp=3043
living id=6485 type=zombie pos=60,183,24 hp=3195
living id=6486 type=direwolfalpha pos=194,18,24 hp=1577
living id=6487 type=zombie pos=52,52,24 hp=3180
living id=6488 type=firehead pos=22,170,24 hp=1711
living id=6490 type=infectedzombie pos=30,11,24 hp=2704
living id=6491 type=snickerblade pos=41,54,24 hp=1973
living id=6492 type=blueslime pos=44,132,24 hp=1889
living id=6493 type=direwolf pos=134,187,24 hp=1502
living id=6494 type=evilturtle pos=117,154,24 hp=2450
living id=6495 type=werewolf pos=13,13,24 hp=1799
living id=6496 type=firehead pos=36,95,24 hp=1721
living id=6498 type=direwolf pos=45,124,24 hp=1347
living id=6499 type=snickerbladewizard pos=23,139,24 hp=3371
living id=6500 type=infectedzombie pos=133,193,24 hp=2417
living id=6501 type=blueslime pos=33,61,24 hp=1687
living id=6502 type=cavetroll pos=123,193,24 hp=2785
living id=6503 type=werewolf pos=147,30,24 hp=1688
living id=6504 type=infectedzombie pos=88,173,24 hp=2695
living id=6505 type=blueslime pos=82,160,24 hp=1708
living id=6506 type=firehead pos=164,180,24 hp=2156
living id=6508 type=blueslime pos=155,64,24 hp=1970
living id=6509 type=infectedzombie pos=110,150,24 hp=2306
living id=6510 type=blueslime pos=12,38,24 hp=2057
living id=6511 type=werewolf pos=79,78,24 hp=1791
living id=6512 type=firehead pos=77,43,24 hp=2078
living id=6514 type=firehead pos=192,24,24 hp=1979
living id=6516 type=direwolf pos=116,59,24 hp=1635
living id=6517 type=blueslime pos=74,143,24 hp=2106
living id=6518 type=snickerbladewizard pos=28,136,24 hp=3293
living id=6519 type=direwolfalpha pos=172,26,24 hp=1720
living id=6520 type=snickerbladewizard pos=58,20,24 hp=3269
living id=6521 type=evilturtle pos=119,42,24 hp=2444
living id=6522 type=infectedzombie pos=47,151,24 hp=2926
living id=6523 type=werewolf pos=132,185,24 hp=1455
living id=6524 type=zombie pos=74,163,24 hp=3545
living id=6525 type=direwolfalpha pos=50,142,24 hp=1684
living id=6526 type=infectedzombie pos=134,58,24 hp=2863
living id=6527 type=blueslime pos=192,101,24 hp=1864
living id=6528 type=infectedzombie pos=30,128,24 hp=2489
living id=6529 type=direwolf pos=31,15,24 hp=1516
living id=6530 type=infectedzombie pos=89,77,24 hp=2475
living id=6531 type=firehead pos=50,145,24 hp=1761
living id=6533 type=evilturtle pos=126,154,24 hp=2233
living id=6534 type=zombie pos=131,24,24 hp=3084
living id=6535 type=zombie pos=63,150,24 hp=3038
living id=6536 type=direwolf pos=104,166,24 hp=1547
living id=6537 type=snickerbladewizard pos=154,64,24 hp=3269
living id=6538 type=infectedzombie pos=79,88,24 hp=2677
living id=6539 type=werewolf pos=178,185,24 hp=1487
living id=6540 type=evilturtle pos=155,71,24 hp=2455
living id=6541 type=werewolf pos=31,20,24 hp=1825
living id=6542 type=firehead pos=54,30,24 hp=2253
living id=6544 type=infectedzombie pos=77,35,24 hp=2254
living id=6545 type=cavetroll pos=164,29,24 hp=2969
living id=6546 type=werewolf pos=137,51,24 hp=1606
living id=6547 type=blueslime pos=182,187,24 hp=2037
living id=6548 type=blueslime pos=105,188,24 hp=2105
living id=6549 type=infectedzombie pos=80,34,24 hp=2443
living id=6550 type=cavetroll pos=110,24,24 hp=3021
living id=6551 type=zombie pos=152,73,24 hp=3033
living id=6552 type=infectedzombie pos=12,15,24 hp=2716
living id=6553 type=evilturtle pos=48,52,24 hp=2226
living id=6554 type=snickerbladewizard pos=127,152,24 hp=3363
living id=6555 type=snickerbladewizard pos=180,104,24 hp=3291
living id=6556 type=snickerbladewizard pos=49,96,24 hp=3306
living id=6557 type=cavetroll pos=98,11,24 hp=2958
living id=6558 type=direwolf pos=151,26,24 hp=1364
living id=6559 type=firehead pos=184,194,24 hp=1881
living id=6561 type=cavetroll pos=176,108,24 hp=2870
living id=6562 type=snickerblade pos=72,164,24 hp=2082
living id=6563 type=evilturtle pos=48,46,24 hp=1905
living id=6564 type=werewolf pos=179,192,24 hp=1853
living id=6565 type=firehead pos=100,160,24 hp=2053
living id=6567 type=zombie pos=157,76,24 hp=2511
living id=6568 type=snickerblade pos=60,134,24 hp=1645
living id=6569 type=werewolf pos=47,180,24 hp=1493
living id=6570 type=werewolf pos=40,117,24 hp=1442
living id=6571 type=firehead pos=46,116,24 hp=2195
living id=6573 type=werewolf pos=84,92,24 hp=1840
living id=6574 type=direwolfalpha pos=53,48,24 hp=1478
living id=6575 type=direwolfalpha pos=195,54,24 hp=1303
living id=6576 type=direwolfalpha pos=58,100,24 hp=1383
living id=6577 type=zombie pos=45,171,24 hp=2580
living id=6578 type=snickerblade pos=80,158,24 hp=1843
living id=6579 type=zombie pos=36,12,24 hp=2696
living id=6580 type=snickerblade pos=39,137,24 hp=1757
living id=6581 type=evilturtle pos=73,26,24 hp=1772
living id=6582 type=infectedzombie pos=41,151,24 hp=2812
living id=6583 type=firehead pos=136,50,24 hp=2274
living id=6585 type=infectedzombie pos=51,53,24 hp=2747
living id=6586 type=snickerblade pos=96,8,24 hp=1819
living id=6587 type=snickerbladewizard pos=14,77,24 hp=3319
living id=6588 type=cavetroll pos=44,174,24 hp=2724
living id=6589 type=direwolfalpha pos=49,189,24 hp=1369
living id=6590 type=snickerbladewizard pos=34,24,24 hp=3351
living id=6591 type=zombie pos=173,106,24 hp=3362
living id=6592 type=cavetroll pos=125,192,24 hp=3072
living id=6593 type=direwolf pos=106,40,24 hp=1370
living id=6594 type=werewolf pos=161,25,24 hp=1499
living id=6595 type=direwolfalpha pos=123,49,24 hp=1463
living id=6596 type=zombie pos=106,150,24 hp=2947
living id=6597 type=werewolf pos=161,79,24 hp=1392
living id=6598 type=blueslime pos=192,57,24 hp=1943
living id=6599 type=direwolfalpha pos=41,136,24 hp=1567
living id=6600 type=snickerbladewizard pos=111,25,24 hp=3282
living id=6601 type=werewolf pos=11,40,24 hp=1438
living id=6602 type=snickerbladewizard pos=164,29,24 hp=3264
living id=6603 type=blueslime pos=33,20,24 hp=2063
living id=6604 type=zombie pos=193,50,24 hp=3614
living id=6605 type=direwolfalpha pos=96,14,24 hp=1540
living id=6606 type=evilturtle pos=63,166,24 hp=2097
living id=6607 type=evilturtle pos=37,169,24 hp=2358
living id=6608 type=zombie pos=182,70,24 hp=3400
living id=6609 type=infectedzombie pos=61,143,24 hp=2910
living id=6610 type=blueslime pos=104,196,24 hp=1840
living id=6611 type=firehead pos=188,171,24 hp=1728
living id=6613 type=direwolf pos=48,131,24 hp=1483
living id=6614 type=snickerblade pos=131,28,24 hp=1984
living id=6615 type=cavetroll pos=35,96,24 hp=3010
living id=6616 type=firehead pos=57,152,24 hp=2039
living id=6618 type=blueslime pos=169,49,24 hp=1770
living id=6619 type=direwolf pos=42,22,24 hp=1506
living id=6620 type=direwolfalpha pos=129,29,24 hp=1533
living id=6621 type=zombie pos=85,181,24 hp=3060
living id=6622 type=direwolf pos=83,81,24 hp=1641
living id=6623 type=snickerblade pos=104,26,24 hp=2011
living id=6624 type=blueslime pos=45,150,24 hp=2060
living id=6625 type=direwolfalpha pos=23,148,24 hp=1513
living id=6626 type=cavetroll pos=57,30,24 hp=3286
living id=6627 type=direwolf pos=45,160,24 hp=1454
living id=6628 type=cavetroll pos=56,100,24 hp=2847
living id=6629 type=werewolf pos=52,69,24 hp=1457
living id=6630 type=infectedzombie pos=41,142,24 hp=2327
living id=6631 type=zombie pos=165,182,24 hp=2847
living id=6632 type=cavetroll pos=77,28,24 hp=3005
living id=6633 type=zombie pos=77,78,24 hp=3090
living id=6634 type=infectedzombie pos=143,54,24 hp=2624
living id=6635 type=firehead pos=82,133,24 hp=1751
living id=6637 type=direwolfalpha pos=95,44,24 hp=1353
living id=6638 type=direwolfalpha pos=190,80,24 hp=1320
living id=6639 type=cavetroll pos=80,37,24 hp=2730
living id=6640 type=zombie pos=93,154,24 hp=2646
living id=6641 type=werewolf pos=102,79,24 hp=1353
living id=6642 type=werewolf pos=171,50,24 hp=1386
living id=6643 type=infectedzombie pos=131,47,24 hp=2930
living id=6644 type=direwolfalpha pos=165,75,24 hp=1429
living id=6645 type=direwolf pos=149,3,24 hp=1370
living id=6646 type=snickerblade pos=138,58,24 hp=2130
living id=6647 type=snickerblade pos=51,193,24 hp=1684
living id=6648 type=blueslime pos=158,76,24 hp=1722
living id=6649 type=blueslime pos=122,194,24 hp=1693
living id=6650 type=snickerbladewizard pos=18,29,24 hp=3325
living id=6651 type=werewolf pos=47,146,24 hp=1480
living id=6652 type=evilturtle pos=109,20,24 hp=1856
living id=6653 type=werewolf pos=102,190,24 hp=1528
living id=6654 type=snickerblade pos=169,187,24 hp=2136
living id=6655 type=blueslime pos=16,13,24 hp=1809
living id=6656 type=zombie pos=31,26,24 hp=2525
living id=6657 type=infectedzombie pos=66,163,24 hp=2771
living id=6658 type=werewolf pos=194,47,24 hp=1850
living id=6659 type=firehead pos=172,28,24 hp=1847
living id=6661 type=blueslime pos=38,33,24 hp=1874
living id=6662 type=firehead pos=115,156,24 hp=2189
living id=6664 type=zombie pos=85,138,24 hp=3234
living id=6665 type=zombie pos=149,4,24 hp=3012
living id=6666 type=direwolfalpha pos=57,186,24 hp=1469
living id=6667 type=firehead pos=74,40,24 hp=1839
living id=6669 type=cavetroll pos=9,32,24 hp=2967
living id=6670 type=evilturtle pos=136,190,24 hp=2481
living id=6671 type=firehead pos=66,162,24 hp=1734
living id=6673 type=cavetroll pos=104,179,24 hp=2834
living id=6674 type=zombie pos=20,21,24 hp=2701
living id=6675 type=zombie pos=99,4,24 hp=3025
living id=6676 type=werewolf pos=120,188,24 hp=1796
living id=6677 type=snickerblade pos=51,131,24 hp=1645
living id=6678 type=infectedzombie pos=95,54,24 hp=2492
living id=6679 type=cavetroll pos=40,148,24 hp=2752
living id=6680 type=evilturtle pos=129,191,24 hp=2264
living id=6681 type=werewolf pos=195,45,24 hp=1647
living id=6682 type=blueslime pos=169,51,24 hp=2144
living id=6683 type=zombie pos=46,167,24 hp=3090
living id=6684 type=direwolfalpha pos=104,79,24 hp=1292
living id=6685 type=blueslime pos=176,110,24 hp=2072
living id=6686 type=direwolfalpha pos=152,55,24 hp=1513
living id=6687 type=evilturtle pos=189,52,24 hp=2100
living id=6688 type=direwolf pos=28,114,24 hp=1588
living id=6689 type=cavetroll pos=44,115,24 hp=3179
living id=6690 type=evilturtle pos=38,51,24 hp=1855
living id=6691 type=infectedzombie pos=176,6,24 hp=2173
living id=6692 type=evilturtle pos=82,42,24 hp=2112
living id=6693 type=direwolfalpha pos=106,190,24 hp=1646
living id=6694 type=cavetroll pos=73,33,24 hp=3249
living id=6695 type=infectedzombie pos=90,81,24 hp=2835
living id=6696 type=zombie pos=135,186,24 hp=2528
living id=6697 type=direwolfalpha pos=151,68,24 hp=1295
living id=6698 type=firehead pos=194,46,24 hp=2103
living id=6700 type=evilturtle pos=193,92,24 hp=2155
living id=6701 type=infectedzombie pos=32,164,24 hp=2437
living id=6702 type=direwolf pos=152,55,24 hp=1620
living id=6703 type=snickerblade pos=77,35,24 hp=1723
living id=6704 type=zombie pos=195,47,24 hp=2770
living id=6705 type=snickerbladewizard pos=42,116,24 hp=3380
living id=6706 type=zombie pos=105,44,24 hp=2744
living id=6707 type=zombie pos=171,25,24 hp=2978
living id=6708 type=snickerblade pos=37,17,24 hp=1998
living id=6709 type=toponovichthezombie pos=115,152,24 hp=4763
living id=6710 type=spiderqueen pos=176,83,26 hp=1543
living id=6711 type=infectedzombie pos=181,194,26 hp=2241
living id=6712 type=berserkertroll pos=75,107,26 hp=4292
living id=6713 type=sneakyghoul pos=49,80,26 hp=4470
living id=6714 type=vampire pos=149,22,26 hp=1139
living id=6715 type=firehead pos=3,138,26 hp=2136
living id=6717 type=spiderqueen pos=102,77,26 hp=1775
living id=6718 type=direwolf pos=161,175,26 hp=1674
living id=6719 type=cavetroll pos=192,92,26 hp=2847
living id=6720 type=sikuthewolf pos=40,15,26 hp=2807
living id=6721 type=direwolfalpha pos=108,47,26 hp=1711
living id=6722 type=nexythesnickeredge pos=17,180,26 hp=3017
living id=6723 type=berserkertroll pos=27,166,26 hp=3904
living id=6724 type=zombie pos=23,59,26 hp=2342
living id=6725 type=nexythesnickeredge pos=69,120,26 hp=2223
living id=6726 type=ghoul pos=41,33,26 hp=1096
living id=6727 type=sikuthewolf pos=87,9,26 hp=2358
living id=6728 type=evilturtle pos=55,116,26 hp=1781
living id=6729 type=humethealmightyogre pos=73,114,26 hp=5877
living id=6730 type=sikuthewolf pos=34,68,26 hp=2438
living id=6731 type=direwolf pos=111,22,26 hp=1528
living id=6732 type=nusepthegoblinking pos=198,189,26 hp=2121
living id=6733 type=snickerblade pos=108,164,26 hp=1787
living id=6734 type=sikuthewolf pos=14,57,26 hp=2701
living id=6735 type=evilturtle pos=95,153,26 hp=2174
living id=6736 type=vampire pos=14,70,26 hp=1287
living id=6737 type=blueslime pos=16,55,26 hp=2147
living id=6738 type=zombie pos=136,25,26 hp=2971
living id=6739 type=toponovichthezombie pos=105,44,26 hp=4122
living id=6740 type=berserkertroll pos=98,62,26 hp=4426
living id=6741 type=humethealmightyogre pos=153,87,26 hp=6283
living id=6742 type=firehead pos=18,53,26 hp=2222
living id=6744 type=firehead pos=152,175,26 hp=2147
living id=6746 type=toponovichthezombie pos=38,180,26 hp=4931
living id=6747 type=nexythesnickeredge pos=194,186,26 hp=1878
living id=6748 type=spiderqueen pos=89,150,26 hp=1735
living id=6749 type=nexythesnickeredge pos=65,54,26 hp=2585
living id=6750 type=werewolf pos=141,155,26 hp=1716
living id=6751 type=gaskonetheghoul pos=122,182,26 hp=1731
living id=6752 type=snickerbladewizard pos=172,25,26 hp=3265
living id=6753 type=snickerbladewizard pos=85,189,26 hp=3333
living id=6754 type=firehead pos=39,67,26 hp=2109
living id=6756 type=snickerbladewizard pos=91,150,26 hp=3363
living id=6757 type=wolfy pos=76,182,26 hp=2057
living id=6758 type=spiderqueen pos=85,195,26 hp=1395
living id=6759 type=berserkertroll pos=40,27,26 hp=4127
living id=6760 type=direwolf pos=68,145,26 hp=1560
living id=6761 type=infectedzombie pos=31,64,26 hp=2929
living id=6762 type=evilturtle pos=154,185,26 hp=2095
living id=6763 type=sikuthewolf pos=138,54,26 hp=2760
living id=6764 type=toponovichthezombie pos=177,184,26 hp=4090
living id=6765 type=direwolfalpha pos=27,90,26 hp=1531
living id=6766 type=firehead pos=189,94,26 hp=2235
living id=6768 type=nexythesnickeredge pos=168,115,26 hp=2632
living id=6769 type=vampire pos=187,92,26 hp=1189
living id=6770 type=draukthehobgoblinking pos=149,51,26 hp=4395
living id=6771 type=snickerblade pos=177,72,26 hp=1708
living id=6772 type=nusepthegoblinking pos=58,112,26 hp=1981
living id=6773 type=direwolf pos=69,56,26 hp=1619
living id=6774 type=cavetroll pos=147,153,26 hp=3098
living id=6775 type=firehead pos=154,84,26 hp=2033
living id=6777 type=draukthehobgoblinking pos=148,47,26 hp=3141
living id=6778 type=vampire pos=82,178,26 hp=1317
living id=6779 type=snickerblade pos=155,150,26 hp=1960
living id=6780 type=zombie pos=16,55,26 hp=2646
living id=6781 type=toponovichthezombie pos=71,187,26 hp=4789
living id=6782 type=humethealmightyogre pos=22,29,26 hp=5915
living id=6783 type=berserkertroll pos=15,9,26 hp=4511
living id=6784 type=stonegolem pos=101,78,26 hp=7440
living id=6785 type=blueslime pos=92,14,26 hp=1726
living id=6786 type=gaskonetheghoul pos=16,35,26 hp=1731
living id=6787 type=cavetroll pos=82,77,26 hp=2802
living id=6788 type=zombie pos=49,91,26 hp=3143
living id=6789 type=nusepthegoblinking pos=197,185,26 hp=2058
living id=6790 type=werewolf pos=164,68,26 hp=1320
living id=6791 type=sneakyghoul pos=83,150,26 hp=4364
living id=6792 type=vampire pos=159,154,26 hp=1290
living id=6793 type=draukthehobgoblinking pos=14,120,26 hp=3202
living id=6794 type=zombie pos=84,13,26 hp=2816
living id=6795 type=nexythesnickeredge pos=84,6,26 hp=2702
living id=6796 type=nexythesnickeredge pos=179,86,26 hp=3104
living id=6797 type=cavetroll pos=49,13,26 hp=2966
living id=6798 type=wolfy pos=110,188,26 hp=1683
living id=6799 type=zombie pos=117,178,26 hp=2699
living id=6800 type=vampire pos=154,150,26 hp=1213
living id=6801 type=berserkertroll pos=187,46,26 hp=4885
living id=6802 type=snickerbladewizard pos=144,27,26 hp=3341
living id=6803 type=gaskonetheghoul pos=101,52,26 hp=1974
living id=6804 type=direwolf pos=87,9,26 hp=1471
living id=6805 type=werewolf pos=18,15,26 hp=1615
living id=6806 type=direwolfalpha pos=85,48,26 hp=1342
living id=6807 type=nexythesnickeredge pos=147,26,26 hp=2958
living id=6808 type=evilturtle pos=86,183,26 hp=1998
living id=6809 type=toponovichthezombie pos=83,174,26 hp=4960
living id=6810 type=direwolf pos=46,80,26 hp=1640
living id=6811 type=berserkertroll pos=112,164,26 hp=4207
living id=6812 type=sikuthewolf pos=183,27,26 hp=3299
living id=6813 type=snickerblade pos=176,80,26 hp=1922
living id=6814 type=infectedzombie pos=127,177,26 hp=2324
living id=6815 type=nusepthegoblinking pos=78,88,26 hp=2517
living id=6816 type=direwolf pos=53,53,26 hp=1511
living id=6817 type=direwolfalpha pos=40,27,26 hp=1329
living id=6818 type=cavetroll pos=58,115,26 hp=3293
living id=6819 type=humethealmightyogre pos=14,121,26 hp=6259
living id=6820 type=direwolfalpha pos=39,79,26 hp=1674
living id=6821 type=humethealmightyogre pos=72,190,26 hp=5189
living id=6822 type=cavetroll pos=95,189,26 hp=2937
living id=6823 type=humethealmightyogre pos=42,81,26 hp=6700
living id=6824 type=blueslime pos=49,99,26 hp=1802
living id=6825 type=humethealmightyogre pos=153,83,26 hp=5733
living id=6826 type=snickerbladewizard pos=145,154,26 hp=3279
living id=6827 type=stonegolem pos=22,136,26 hp=6479
living id=6828 type=werewolf pos=100,45,26 hp=1407
living id=6829 type=direwolfalpha pos=89,5,26 hp=1336
living id=6830 type=sikuthewolf pos=43,13,26 hp=3141
living id=6831 type=toponovichthezombie pos=22,157,26 hp=4441
living id=6832 type=blueslime pos=112,165,26 hp=2146
living id=6833 type=draukthehobgoblinking pos=177,196,26 hp=3960
living id=6834 type=zombie pos=168,115,26 hp=2793
living id=6835 type=sikuthewolf pos=85,191,26 hp=3219
living id=6836 type=sikuthewolf pos=175,112,26 hp=3316
living id=6837 type=infectedzombie pos=73,174,26 hp=2638
living id=6838 type=sikuthewolf pos=16,115,26 hp=3261
living id=6839 type=sikuthewolf pos=42,28,26 hp=2806
living id=6840 type=direwolf pos=163,85,26 hp=1402
living id=6841 type=evilturtle pos=175,86,26 hp=1988
living id=6842 type=direwolfalpha pos=41,180,26 hp=1473
living id=6843 type=draukthehobgoblinking pos=17,138,26 hp=2954
living id=6844 type=sneakyghoul pos=177,185,26 hp=4461
living id=6845 type=sikuthewolf pos=185,24,26 hp=3276
living id=6846 type=blueslime pos=161,155,26 hp=2182
living id=6847 type=blueslime pos=96,23,26 hp=2164
living id=6848 type=snickerbladewizard pos=5,131,26 hp=3267
living id=6849 type=blueslime pos=152,171,26 hp=1701
living id=6850 type=zombie pos=111,185,26 hp=3135
living id=6851 type=werewolf pos=109,160,26 hp=1759
living id=6852 type=berserkertroll pos=110,25,26 hp=4688
living id=6853 type=vampire pos=62,143,26 hp=1312
living id=6854 type=blueslime pos=187,60,26 hp=2003
living id=6855 type=zombie pos=73,55,26 hp=3193
living id=6856 type=stonegolem pos=68,127,26 hp=6455
living id=6857 type=spiderqueen pos=113,183,26 hp=1405
living id=6858 type=sneakyghoul pos=73,176,26 hp=4385
living id=6859 type=vampire pos=148,192,26 hp=1266
living id=6860 type=sikuthewolf pos=186,20,26 hp=2504
living id=6861 type=spiderqueen pos=78,106,26 hp=1731
living id=6862 type=gaskonetheghoul pos=14,70,26 hp=1908
living id=6863 type=spiderqueen pos=16,48,26 hp=1825
living id=6864 type=snickerbladewizard pos=178,78,26 hp=3319
living id=6865 type=toponovichthezombie pos=91,14,26 hp=5028
living id=6866 type=gaskonetheghoul pos=69,105,26 hp=2224
living id=6867 type=vampire pos=19,133,26 hp=1053
living id=6868 type=zombie pos=107,45,26 hp=2694
living id=6869 type=sikuthewolf pos=114,63,26 hp=2859
living id=6870 type=evilturtle pos=22,178,26 hp=2418
living id=6871 type=berserkertroll pos=146,149,26 hp=3979
living id=6872 type=firehead pos=138,46,26 hp=2264
living id=6874 type=infectedzombie pos=96,194,26 hp=2171
living id=6875 type=snickerbladewizard pos=17,56,26 hp=3310
living id=6876 type=berserkertroll pos=63,108,26 hp=5124
living id=6877 type=evilturtle pos=82,60,26 hp=1976
living id=6878 type=snickerblade pos=95,45,26 hp=2091
living id=6879 type=nexythesnickeredge pos=148,185,26 hp=1888
living id=6880 type=blueslime pos=156,174,26 hp=2074
living id=6881 type=cavetroll pos=69,113,26 hp=3054
living id=6882 type=direwolfalpha pos=44,112,26 hp=1412
living id=6883 type=nusepthegoblinking pos=144,20,26 hp=1870
living id=6884 type=zombie pos=84,88,26 hp=2364
living id=6885 type=werewolf pos=76,104,26 hp=1348
living id=6886 type=stonegolem pos=18,84,26 hp=7914
living id=6887 type=blueslime pos=170,44,26 hp=1822
living id=6888 type=stonegolem pos=89,177,26 hp=8121
living id=6889 type=nexythesnickeredge pos=189,80,26 hp=2507
living id=6890 type=ghoul pos=177,186,26 hp=1101
living id=6891 type=stonegolem pos=183,174,26 hp=6411
living id=6892 type=vampire pos=90,88,26 hp=1235
living id=6893 type=vampire pos=100,155,26 hp=1250
living id=6894 type=blueslime pos=117,172,26 hp=1635
living id=6895 type=vampire pos=90,55,26 hp=1178
living id=6896 type=sikuthewolf pos=102,75,26 hp=2907
living id=6897 type=toponovichthezombie pos=15,92,26 hp=4806
living id=6898 type=wolfy pos=23,157,26 hp=1536
living id=6899 type=sikuthewolf pos=164,63,26 hp=2428
living id=6900 type=firehead pos=94,193,26 hp=1936
living id=6902 type=snickerbladewizard pos=27,80,26 hp=3302
living id=6903 type=sneakyghoul pos=186,63,26 hp=4379
living id=6904 type=firehead pos=93,190,26 hp=2130
living id=6906 type=cavetroll pos=94,57,26 hp=2773
living id=6907 type=direwolfalpha pos=142,54,26 hp=1307
living id=6908 type=wolfy pos=18,180,26 hp=1584
living id=6909 type=firehead pos=72,169,26 hp=2280
living id=6911 type=snickerblade pos=107,153,26 hp=1740
living id=6912 type=spiderqueen pos=79,113,26 hp=1609
living id=6913 type=berserkertroll pos=173,27,26 hp=5008
living id=6914 type=snickerbladewizard pos=113,154,26 hp=3290
living id=6915 type=evilturtle pos=178,63,26 hp=1815
living id=6916 type=nexythesnickeredge pos=98,45,26 hp=3054
living id=6917 type=zombie pos=145,194,26 hp=3556
living id=6918 type=zombie pos=182,83,26 hp=3306
living id=6919 type=wolfy pos=189,65,26 hp=1675
living id=6920 type=werewolf pos=151,189,26 hp=1679
living id=6921 type=gaskonetheghoul pos=52,51,26 hp=2205
living id=6922 type=nusepthegoblinking pos=89,91,26 hp=2192
living id=6923 type=direwolfalpha pos=60,116,26 hp=1384
living id=6924 type=stonegolem pos=141,190,26 hp=8035
living id=6925 type=evilturtle pos=171,50,26 hp=2202
living id=6926 type=ghoul pos=36,63,26 hp=1225
living id=6927 type=nexythesnickeredge pos=36,147,26 hp=1880
living id=6928 type=sikuthewolf pos=4,136,26 hp=2812
living id=6929 type=vampire pos=107,159,26 hp=1190
living id=6930 type=sneakyghoul pos=157,79,26 hp=4391
living id=6931 type=snickerbladewizard pos=38,28,26 hp=3362
living id=6932 type=werewolf pos=53,180,26 hp=1622
living id=6933 type=gaskonetheghoul pos=185,61,26 hp=1714
living id=6934 type=berserkertroll pos=44,65,26 hp=4205
living id=6935 type=blueslime pos=67,141,26 hp=2041
living id=6936 type=werewolf pos=141,46,26 hp=1450
living id=6937 type=cavetroll pos=169,67,26 hp=3267
living id=6938 type=spiderqueen pos=145,78,26 hp=1769
living id=6939 type=evilturtle pos=90,15,26 hp=2342
living id=6940 type=wolfy pos=151,172,26 hp=1966
living id=6941 type=firehead pos=28,61,26 hp=2287
living id=6943 type=berserkertroll pos=81,50,26 hp=4975
living id=6944 type=ghoul pos=151,183,26 hp=918
living id=6945 type=ghoul pos=146,57,26 hp=802
living id=6946 type=stonegolem pos=58,179,26 hp=5823
living id=6947 type=berserkertroll pos=118,171,26 hp=4783
living id=6948 type=wolfy pos=184,63,26 hp=1599
living id=6949 type=ghoul pos=172,29,26 hp=1390
living id=6950 type=snickerbladewizard pos=173,91,26 hp=3324
living id=6951 type=stonegolem pos=47,114,26 hp=7872
living id=6952 type=nexythesnickeredge pos=48,14,26 hp=2070
living id=6953 type=draukthehobgoblinking pos=93,164,26 hp=2727
living id=6954 type=zombie pos=191,93,26 hp=3151
living id=6955 type=evilturtle pos=13,9,26 hp=1935
living id=6956 type=cavetroll pos=74,55,26 hp=2705
living id=6957 type=direwolf pos=94,162,26 hp=1464
living id=6958 type=spiderqueen pos=145,54,26 hp=1570
living id=6959 type=cavetroll pos=154,51,26 hp=3030
living id=6960 type=spiderqueen pos=72,45,26 hp=1653
living id=6961 type=berserkertroll pos=116,25,26 hp=5066
living id=6962 type=wolfy pos=105,141,26 hp=1922
living id=6963 type=berserkertroll pos=17,114,26 hp=3999
living id=6964 type=nexythesnickeredge pos=153,152,26 hp=2183
living id=6965 type=sikuthewolf pos=83,64,26 hp=2918
living id=6966 type=evilturtle pos=73,171,26 hp=2145
living id=6967 type=toponovichthezombie pos=73,120,26 hp=5324
living id=6968 type=nexythesnickeredge pos=26,98,26 hp=2808
living id=6969 type=spiderqueen pos=143,56,26 hp=1611
living id=6970 type=gaskonetheghoul pos=89,195,26 hp=1864
living id=6971 type=vampire pos=13,71,26 hp=1116
living id=6972 type=gaskonetheghoul pos=52,100,26 hp=2253
living id=6973 type=firehead pos=56,49,26 hp=1785
living id=6975 type=humethealmightyogre pos=142,24,26 hp=5078
living id=6976 type=vampire pos=20,182,26 hp=1114
living id=6977 type=ghoul pos=174,96,26 hp=1435
living id=6978 type=nusepthegoblinking pos=89,191,26 hp=1935
living id=6979 type=zombie pos=147,19,26 hp=2988
living id=6980 type=firehead pos=125,172,26 hp=1713
living id=6982 type=stonegolem pos=143,146,26 hp=7736
living id=6983 type=snickerbladewizard pos=20,28,26 hp=3382
living id=6984 type=direwolf pos=123,182,26 hp=1356
living id=6985 type=evilturtle pos=98,79,26 hp=2231
living id=6986 type=snickerblade pos=39,28,26 hp=2046
living id=6987 type=nexythesnickeredge pos=78,21,26 hp=2398
living id=6988 type=sikuthewolf pos=53,44,26 hp=2807
living id=6989 type=infectedzombie pos=25,179,26 hp=2212
living id=6990 type=stonegolem pos=57,116,26 hp=6678
living id=6991 type=zombie pos=153,170,26 hp=2865
living id=6992 type=stonegolem pos=176,82,26 hp=6313
living id=6993 type=direwolfalpha pos=115,161,26 hp=1513
living id=6994 type=cavetroll pos=75,61,26 hp=2986
living id=6995 type=direwolfalpha pos=43,61,26 hp=1419
living id=6996 type=snickerblade pos=74,182,26 hp=1892
living id=6997 type=nexythesnickeredge pos=41,13,26 hp=2397
living id=6998 type=nusepthegoblinking pos=27,29,26 hp=2384
living id=6999 type=ghoul pos=147,138,26 hp=1150
living id=7000 type=ghoul pos=90,13,26 hp=829
living id=7001 type=gaskonetheghoul pos=192,186,26 hp=1717
living id=7002 type=snickerbladewizard pos=98,164,26 hp=3265
living id=7003 type=werewolf pos=65,53,26 hp=1874
living id=7004 type=evilturtle pos=171,101,26 hp=2268
living id=7005 type=nusepthegoblinking pos=90,150,26 hp=1799
living id=7006 type=berserkertroll pos=13,54,26 hp=4367
living id=7007 type=blueslime pos=86,6,26 hp=2077
living id=7008 type=draukthehobgoblinking pos=171,94,26 hp=4358
living id=7009 type=stonegolem pos=85,124,26 hp=6762
living id=7010 type=direwolf pos=41,81,26 hp=1415
living id=7011 type=nusepthegoblinking pos=60,114,26 hp=2114
living id=7012 type=wolfy pos=21,114,26 hp=2059
living id=7013 type=direwolfalpha pos=84,85,26 hp=1551
living id=7014 type=nexythesnickeredge pos=154,87,26 hp=1877
living id=7015 type=wolfy pos=187,43,26 hp=1542
living id=7016 type=sikuthewolf pos=22,164,26 hp=2435
living id=7017 type=wolfy pos=33,145,26 hp=1935
living id=7018 type=gaskonetheghoul pos=79,11,26 hp=1808
living id=7019 type=direwolf pos=104,141,26 hp=1550
living id=7020 type=ghoul pos=17,161,26 hp=961
living id=7021 type=infectedzombie pos=104,81,26 hp=2916
living id=7022 type=snickerbladewizard pos=171,112,26 hp=3359
living id=7023 type=nexythesnickeredge pos=55,32,26 hp=2785
living id=7024 type=stonegolem pos=30,65,26 hp=5961
living id=7025 type=draukthehobgoblinking pos=183,18,26 hp=4392
living id=7026 type=stonegolem pos=199,191,26 hp=6463
living id=7027 type=berserkertroll pos=178,78,26 hp=4569
living id=7028 type=sneakyghoul pos=171,62,26 hp=4256
living id=7029 type=wolfy pos=33,117,26 hp=1662
living id=7030 type=stonegolem pos=26,159,26 hp=5924
living id=7031 type=berserkertroll pos=158,22,26 hp=4310
living id=7032 type=gaskonetheghoul pos=185,175,26 hp=2229
living id=7033 type=draukthehobgoblinking pos=44,71,26 hp=3122
living id=7034 type=stonegolem pos=99,156,26 hp=6279
living id=7035 type=berserkertroll pos=55,41,26 hp=4465
living id=7036 type=nusepthegoblinking pos=75,45,26 hp=1933
living id=7037 type=vampire pos=21,112,26 hp=1307
living id=7038 type=berserkertroll pos=86,15,26 hp=4204
living id=7039 type=blueslime pos=126,185,26 hp=1672
living id=7040 type=gaskonetheghoul pos=12,120,26 hp=2086
living id=7041 type=humethealmightyogre pos=59,183,26 hp=5920
living id=7042 type=nusepthegoblinking pos=128,190,26 hp=2578
living id=7043 type=cavetroll pos=50,15,26 hp=2760
living id=7044 type=blueslime pos=78,80,26 hp=1732
living id=7045 type=direwolfalpha pos=13,57,26 hp=1356
living id=7046 type=werewolf pos=11,58,26 hp=1622
living id=7047 type=direwolfalpha pos=40,13,26 hp=1494
living id=7048 type=direwolf pos=151,87,26 hp=1342
living id=7049 type=snickerbladewizard pos=19,30,26 hp=3375
living id=7050 type=vampire pos=180,101,26 hp=1203
living id=7051 type=direwolfalpha pos=164,193,26 hp=1609
living id=7052 type=infectedzombie pos=91,132,26 hp=2517
living id=7053 type=blueslime pos=37,136,26 hp=1642
living id=7054 type=direwolf pos=150,190,26 hp=1567
living id=7055 type=blueslime pos=81,22,26 hp=1784
living id=7056 type=humethealmightyogre pos=187,36,26 hp=4991
living id=7057 type=vampire pos=72,188,26 hp=1141
living id=7058 type=ghoul pos=45,95,26 hp=1318
living id=7059 type=snickerblade pos=155,148,26 hp=1892
living id=7060 type=zombie pos=21,56,26 hp=2898
living id=7061 type=draukthehobgoblinking pos=87,63,26 hp=2773
living id=7062 type=ghoul pos=189,75,26 hp=1194
living id=7063 type=toponovichthezombie pos=30,98,26 hp=3786
living id=7064 type=werewolf pos=37,28,26 hp=1579
living id=7065 type=snickerblade pos=111,185,26 hp=2153
living id=7066 type=wolfy pos=96,165,26 hp=1774
living id=7067 type=snickerblade pos=20,133,26 hp=1811
living id=7068 type=sikuthewolf pos=167,103,26 hp=3553
living id=7069 type=humethealmightyogre pos=189,83,26 hp=5897
living id=7070 type=direwolf pos=25,180,26 hp=1366
living id=7071 type=infectedzombie pos=72,112,26 hp=2364
living id=7072 type=werewolf pos=179,189,26 hp=1514
living id=7073 type=infectedzombie pos=49,91,26 hp=2205
living id=7074 type=zombie pos=112,141,26 hp=2613
living id=7075 type=direwolf pos=85,86,26 hp=1488
living id=7076 type=spiderqueen pos=157,85,26 hp=1500
living id=7077 type=vampire pos=187,194,26 hp=1336
living id=7078 type=werewolf pos=178,197,26 hp=1355
living id=7079 type=direwolfalpha pos=113,196,26 hp=1529
living id=7080 type=nexythesnickeredge pos=95,86,26 hp=2291
living id=7081 type=werewolf pos=164,51,26 hp=1535
living id=7082 type=direwolf pos=119,177,26 hp=1624
living id=7083 type=toponovichthezombie pos=36,35,26 hp=4025
living id=7084 type=zombie pos=106,81,26 hp=3083
living id=7085 type=ghoul pos=36,71,26 hp=1166
living id=7086 type=ghoul pos=53,63,26 hp=1195
living id=7087 type=nexythesnickeredge pos=40,32,26 hp=2876
living id=7088 type=draukthehobgoblinking pos=87,22,26 hp=4252
living id=7089 type=berserkertroll pos=80,64,26 hp=4340
living id=7090 type=direwolf pos=145,19,26 hp=1354
living id=7091 type=nexythesnickeredge pos=195,185,26 hp=2769
living id=7092 type=toponovichthezombie pos=22,166,26 hp=4970
living id=7093 type=vampire pos=114,47,26 hp=1084
living id=7094 type=nexythesnickeredge pos=13,57,26 hp=2060
living id=7095 type=direwolfalpha pos=150,190,26 hp=1355
living id=7096 type=nexythesnickeredge pos=164,85,26 hp=3013
living id=7097 type=sneakyghoul pos=16,115,26 hp=4269
living id=7098 type=ghoul pos=13,137,26 hp=1260
living id=7099 type=toponovichthezombie pos=26,58,26 hp=3984
living id=7100 type=nexythesnickeredge pos=113,60,26 hp=2982
living id=7101 type=gaskonetheghoul pos=46,76,26 hp=1894
living id=7102 type=werewolf pos=24,162,26 hp=1427
living id=7103 type=evilturtle pos=120,168,26 hp=1910
living id=7104 type=nexythesnickeredge pos=14,134,26 hp=2707
living id=7105 type=direwolfalpha pos=23,65,26 hp=1362
living id=7106 type=snickerblade pos=30,58,26 hp=1939
living id=7107 type=sikuthewolf pos=42,139,26 hp=3159
living id=7108 type=humethealmightyogre pos=66,118,26 hp=5571
living id=7109 type=evilturtle pos=45,145,26 hp=1728
living id=7110 type=nexythesnickeredge pos=199,195,26 hp=2108
living id=7111 type=snickerbladewizard pos=84,193,26 hp=3269
living id=7112 type=sneakyghoul pos=174,79,26 hp=4311
living id=7113 type=nexythesnickeredge pos=121,175,26 hp=1887
living id=7114 type=stonegolem pos=97,164,26 hp=7018
living id=7115 type=sneakyghoul pos=64,141,26 hp=4487
living id=7116 type=draukthehobgoblinking pos=18,9,26 hp=3738
living id=7117 type=blueslime pos=53,43,26 hp=2104
living id=7118 type=gaskonetheghoul pos=74,64,26 hp=2147
living id=7119 type=firehead pos=69,121,26 hp=1866
living id=7121 type=zombie pos=148,27,26 hp=3243
living id=7122 type=snickerblade pos=172,48,26 hp=2173
living id=7123 type=stonegolem pos=95,88,26 hp=5870
living id=7124 type=berserkertroll pos=88,84,26 hp=4399
living id=7125 type=sikuthewolf pos=6,136,26 hp=3284
living id=7126 type=sneakyghoul pos=175,110,26 hp=4438
living id=7127 type=snickerbladewizard pos=178,82,26 hp=3277
living id=7128 type=wolfy pos=24,117,26 hp=1975
living id=7129 type=zombie pos=124,55,26 hp=3195
living id=7130 type=snickerbladewizard pos=183,175,26 hp=3375
living id=7131 type=firehead pos=132,150,26 hp=2200
living id=7133 type=snickerblade pos=45,117,26 hp=1924
living id=7134 type=sikuthewolf pos=109,139,26 hp=3561
living id=7135 type=humethealmightyogre pos=58,92,26 hp=5079
living id=7136 type=humethealmightyogre pos=109,142,26 hp=5700
living id=7137 type=nexythesnickeredge pos=185,18,26 hp=2750
living id=7138 type=blueslime pos=86,149,26 hp=1765
living id=7139 type=firehead pos=70,182,26 hp=2162
living id=7141 type=vampire pos=189,83,26 hp=1234
living id=7142 type=nusepthegoblinking pos=54,14,26 hp=2590
living id=7143 type=firehead pos=147,186,26 hp=1818
living id=7145 type=infectedzombie pos=145,20,26 hp=2843
living id=7146 type=snickerbladewizard pos=18,157,26 hp=3271
living id=7147 type=ghoul pos=14,69,26 hp=843
living id=7148 type=infectedzombie pos=94,162,26 hp=2347
living id=7149 type=nexythesnickeredge pos=66,148,26 hp=1971
living id=7150 type=nusepthegoblinking pos=74,62,26 hp=2189
living id=7151 type=wolfy pos=127,173,26 hp=1658
living id=7152 type=toponovichthezombie pos=67,48,26 hp=4982
living id=7153 type=wolfy pos=169,93,26 hp=1901
living id=7154 type=nusepthegoblinking pos=53,39,26 hp=2161
living id=7155 type=vampire pos=147,190,26 hp=1058
living id=7156 type=vampire pos=89,150,26 hp=1187
living id=7157 type=wolfy pos=172,30,26 hp=1587
living id=7158 type=direwolf pos=78,76,26 hp=1463
living id=7159 type=stonegolem pos=62,121,26 hp=7277
living id=7160 type=direwolfalpha pos=89,189,26 hp=1468
living id=7161 type=cavetroll pos=57,99,26 hp=2759
living id=7162 type=evilturtle pos=39,63,26 hp=2024
living id=7163 type=snickerbladewizard pos=115,196,26 hp=3287
living id=7164 type=nexythesnickeredge pos=120,167,26 hp=2244
living id=7165 type=draukthehobgoblinking pos=90,122,26 hp=3281
living id=7166 type=gaskonetheghoul pos=41,117,26 hp=2181
living id=7167 type=stonegolem pos=109,186,26 hp=8018
living id=7168 type=toponovichthezombie pos=140,22,26 hp=4622
living id=7169 type=vampire pos=85,122,26 hp=1117
living id=7170 type=evilturtle pos=159,155,26 hp=2204
living id=7171 type=zombie pos=19,158,26 hp=2581
living id=7172 type=snickerblade pos=50,98,26 hp=1724
living id=7173 type=snickerblade pos=100,163,26 hp=1688
living id=7174 type=zombie pos=158,190,26 hp=3561
living id=7175 type=blueslime pos=191,97,26 hp=2072
living id=7176 type=gaskonetheghoul pos=86,195,26 hp=2150
living id=7177 type=firehead pos=37,114,26 hp=2063
living id=7179 type=draukthehobgoblinking pos=13,117,26 hp=2686
living id=7180 type=ghoul pos=28,157,26 hp=1065
living id=7181 type=gaskonetheghoul pos=63,112,26 hp=1997
living id=7182 type=cavetroll pos=22,163,26 hp=3030
living id=7183 type=blueslime pos=41,14,26 hp=2043
living id=7184 type=wolfy pos=157,155,26 hp=2058
living id=7185 type=stonegolem pos=172,111,26 hp=6910
living id=7186 type=cavetroll pos=19,113,26 hp=2884
living id=7187 type=sikuthewolf pos=113,162,26 hp=3038
living id=7188 type=blueslime pos=28,163,26 hp=1617
living id=7189 type=sikuthewolf pos=92,89,26 hp=2512
living id=7190 type=evilturtle pos=158,151,26 hp=1987
living id=7191 type=direwolfalpha pos=34,115,26 hp=1692
living id=7192 type=infectedzombie pos=67,48,26 hp=2212
living id=7193 type=vampire pos=77,105,26 hp=1241
living id=7194 type=berserkertroll pos=71,125,26 hp=4117
living id=7195 type=firehead pos=109,163,26 hp=1980
living id=7197 type=vampire pos=71,46,26 hp=1142
living id=7198 type=evilturtle pos=23,118,26 hp=2144
living id=7199 type=ghoul pos=71,168,26 hp=1018
living id=7200 type=zombie pos=26,94,26 hp=2521
living id=7201 type=berserkertroll pos=96,45,26 hp=4195
living id=7202 type=snickerbladewizard pos=42,137,26 hp=3328
living id=7203 type=wolfy pos=85,22,26 hp=1922
living id=7204 type=direwolf pos=97,86,26 hp=1654
living id=7205 type=sneakyghoul pos=187,94,26 hp=4361
living id=7206 type=snickerbladewizard pos=58,172,26 hp=3331
living id=7207 type=humethealmightyogre pos=74,181,26 hp=5523
living id=7208 type=evilturtle pos=89,186,26 hp=1845
living id=7209 type=draukthehobgoblinking pos=177,67,26 hp=2936
living id=7210 type=sneakyghoul pos=69,190,26 hp=4358
living id=7211 type=ghoul pos=16,57,26 hp=1463
living id=7212 type=snickerbladewizard pos=178,97,26 hp=3350
living id=7213 type=stonegolem pos=175,175,26 hp=6615
living id=7214 type=snickerbladewizard pos=49,98,26 hp=3350
living id=7215 type=humethealmightyogre pos=58,93,26 hp=5904
living id=7216 type=zombie pos=12,84,26 hp=3567
living id=7217 type=direwolfalpha pos=87,159,26 hp=1293
living id=7218 type=direwolf pos=37,16,26 hp=1618
living id=7219 type=infectedzombie pos=191,191,26 hp=2794
living id=7220 type=direwolf pos=146,82,26 hp=1473
living id=7221 type=nusepthegoblinking pos=155,155,26 hp=2018
living id=7222 type=firehead pos=85,54,26 hp=2297
living id=7224 type=vampire pos=17,119,26 hp=1253
living id=7225 type=snickerbladewizard pos=57,172,26 hp=3302
living id=7226 type=sneakyghoul pos=70,144,26 hp=4358
living id=7227 type=ghoul pos=18,135,26 hp=1275
living id=7228 type=berserkertroll pos=17,118,26 hp=3887
living id=7229 type=evilturtle pos=173,79,26 hp=1893
living id=7230 type=cavetroll pos=6,139,26 hp=3180
living id=7231 type=snickerblade pos=36,29,26 hp=1706
living id=7232 type=toponovichthezombie pos=110,155,26 hp=4271
living id=7233 type=sikuthewolf pos=195,190,26 hp=3626
living id=7234 type=gaskonetheghoul pos=109,191,26 hp=2213
living id=7235 type=snickerbladewizard pos=42,62,26 hp=3384
living id=7236 type=nusepthegoblinking pos=176,91,26 hp=2362
living id=7237 type=vampire pos=177,84,26 hp=1290
living id=7238 type=blueslime pos=137,79,26 hp=2026
living id=7239 type=spiderqueen pos=187,189,26 hp=1709
living id=7240 type=spiderqueen pos=161,22,26 hp=1771
living id=7241 type=vampire pos=64,11,26 hp=1277
living id=7242 type=evilturtle pos=83,23,26 hp=2356
living id=7243 type=vampire pos=182,196,26 hp=1144
living id=7244 type=direwolf pos=188,190,26 hp=1427
living id=7245 type=werewolf pos=27,67,26 hp=1606
living id=7246 type=werewolf pos=180,85,26 hp=1611
living id=7247 type=evilturtle pos=17,114,26 hp=2152
living id=7248 type=firehead pos=36,32,26 hp=1736
living id=7250 type=ghoul pos=91,45,26 hp=1353
living id=7251 type=cavetroll pos=147,175,26 hp=3275
living id=7252 type=stonegolem pos=122,59,26 hp=6435
living id=7253 type=evilturtle pos=111,163,26 hp=2393
living id=7254 type=direwolf pos=123,177,26 hp=1674
living id=7255 type=infectedzombie pos=111,186,26 hp=2760
living id=7256 type=cavetroll pos=54,49,26 hp=2772
living id=7257 type=werewolf pos=24,64,26 hp=1387
living id=7258 type=direwolf pos=92,194,26 hp=1625
living id=7259 type=toponovichthezombie pos=183,84,26 hp=4324
living id=7260 type=gaskonetheghoul pos=93,145,26 hp=1982
living id=7261 type=zombie pos=34,135,26 hp=2539
living id=7262 type=zombie pos=171,113,26 hp=2714
living id=7263 type=spiderqueen pos=178,191,26 hp=1829
living id=7264 type=draukthehobgoblinking pos=38,34,26 hp=3127
living id=7265 type=nusepthegoblinking pos=87,16,26 hp=1835
living id=7266 type=wolfy pos=83,75,26 hp=1922
living id=7267 type=spiderqueen pos=43,113,26 hp=1637
living id=7268 type=vampire pos=37,142,26 hp=1344
living id=7269 type=wolfy pos=156,193,26 hp=1832
living id=7270 type=firehead pos=141,29,26 hp=2039
living id=7272 type=wolfy pos=122,171,26 hp=1586
living id=7273 type=snickerbladewizard pos=55,29,26 hp=3257
living id=7274 type=stonegolem pos=24,117,26 hp=6848
living id=7275 type=gaskonetheghoul pos=140,152,26 hp=2277
living id=7276 type=berserkertroll pos=14,95,26 hp=4055
living id=7277 type=snickerbladewizard pos=166,96,26 hp=3338
living id=7278 type=werewolf pos=177,62,26 hp=1615
living id=7279 type=draukthehobgoblinking pos=179,79,26 hp=4389
living id=7280 type=werewolf pos=98,55,26 hp=1679
living id=7281 type=vampire pos=59,112,26 hp=1206
living id=7282 type=werewolf pos=115,176,26 hp=1797
living id=7283 type=wolfy pos=184,46,26 hp=1995
living id=7284 type=werewolf pos=63,144,26 hp=1543
living id=7285 type=infectedzombie pos=176,98,26 hp=2838
living id=7286 type=ghoul pos=146,153,26 hp=1178
living id=7287 type=zombie pos=15,6,26 hp=3443
living id=7288 type=spiderqueen pos=74,178,26 hp=1703
living id=7289 type=zombie pos=152,79,26 hp=2755
living id=7290 type=snickerbladewizard pos=158,147,26 hp=3291
living id=7291 type=humethealmightyogre pos=178,92,26 hp=5109
living id=7292 type=snickerblade pos=182,79,26 hp=2084
living id=7293 type=gaskonetheghoul pos=185,172,26 hp=2244
living id=7294 type=direwolfalpha pos=109,158,26 hp=1489
living id=7295 type=werewolf pos=62,110,26 hp=1696
living id=7296 type=sikuthewolf pos=16,119,26 hp=2975
living id=7297 type=direwolfalpha pos=69,47,26 hp=1517
living id=7298 type=cavetroll pos=183,179,26 hp=3087
living id=7299 type=gaskonetheghoul pos=124,171,26 hp=2289
living id=7300 type=stonegolem pos=61,111,26 hp=8006
living id=7301 type=nexythesnickeredge pos=190,23,26 hp=2523
living id=7302 type=gaskonetheghoul pos=59,175,26 hp=1865
living id=7303 type=snickerbladewizard pos=43,164,26 hp=3370
living id=7304 type=snickerbladewizard pos=66,120,26 hp=3282
living id=7305 type=nusepthegoblinking pos=52,39,26 hp=2485
living id=7306 type=direwolf pos=103,62,26 hp=1514
living id=7307 type=infectedzombie pos=149,186,26 hp=2900
living id=7308 type=direwolf pos=14,134,26 hp=1611
living id=7309 type=snickerbladewizard pos=174,47,26 hp=3370
living id=7310 type=evilturtle pos=117,47,26 hp=1899
living id=7311 type=snickerbladewizard pos=180,179,26 hp=3398
living id=7312 type=toponovichthezombie pos=191,94,26 hp=3692
living id=7313 type=gaskonetheghoul pos=171,52,26 hp=2141
living id=7314 type=vampire pos=125,173,26 hp=1141
living id=7315 type=snickerblade pos=35,71,26 hp=1640
living id=7316 type=berserkertroll pos=66,53,26 hp=4605
living id=7317 type=zombie pos=53,41,26 hp=3402
living id=7318 type=direwolfalpha pos=110,194,26 hp=1522
living id=7319 type=berserkertroll pos=15,57,26 hp=3954
living id=7320 type=gaskonetheghoul pos=88,8,26 hp=2039
living id=7321 type=berserkertroll pos=144,138,26 hp=4483
living id=7322 type=nexythesnickeredge pos=150,52,26 hp=2403
living id=7323 type=snickerbladewizard pos=57,168,26 hp=3344
living id=7324 type=berserkertroll pos=55,11,26 hp=4589
living id=7325 type=infectedzombie pos=12,133,26 hp=2460
living id=7326 type=evilturtle pos=87,151,26 hp=2271
living id=7327 type=humethealmightyogre pos=171,16,26 hp=6458
living id=7328 type=sikuthewolf pos=169,103,26 hp=2504
living id=7329 type=nexythesnickeredge pos=40,136,26 hp=2179
living id=7330 type=snickerblade pos=181,190,26 hp=2112
living id=7331 type=draukthehobgoblinking pos=37,116,26 hp=2967
living id=7332 type=firehead pos=145,54,26 hp=2204
living id=7334 type=nexythesnickeredge pos=163,90,26 hp=2043
living id=7335 type=cavetroll pos=56,91,26 hp=3143
living id=7336 type=blueslime pos=69,47,26 hp=1786
living id=7337 type=snickerbladewizard pos=178,190,26 hp=3258
living id=7338 type=nexythesnickeredge pos=111,151,26 hp=2796
living id=7339 type=infectedzombie pos=150,173,26 hp=2899
living id=7340 type=snickerblade pos=103,48,26 hp=1932
living id=7341 type=sneakyghoul pos=82,146,26 hp=4427
living id=7342 type=evilturtle pos=35,115,26 hp=2008
living id=7343 type=infectedzombie pos=40,68,26 hp=2829
living id=7344 type=direwolfalpha pos=89,5,26 hp=1661
living id=7345 type=blueslime pos=189,62,26 hp=1853
living id=7346 type=ghoul pos=101,45,26 hp=1120
living id=7347 type=ghoul pos=109,164,26 hp=858
living id=7348 type=nusepthegoblinking pos=37,79,26 hp=1906
living id=7349 type=gaskonetheghoul pos=168,114,26 hp=1733
living id=7350 type=direwolfalpha pos=43,64,26 hp=1354
living id=7351 type=werewolf pos=15,67,26 hp=1461
living id=7352 type=nusepthegoblinking pos=184,76,26 hp=1873
living id=7353 type=firehead pos=49,10,26 hp=2186
living id=7355 type=stonegolem pos=159,91,26 hp=6374
living id=7356 type=blueslime pos=13,54,26 hp=1754
living id=7357 type=werewolf pos=148,137,26 hp=1465
living id=7358 type=draukthehobgoblinking pos=97,154,26 hp=2892
living id=7359 type=infectedzombie pos=66,148,26 hp=2224
living id=7360 type=evilturtle pos=154,51,26 hp=2419
living id=7361 type=werewolf pos=36,112,26 hp=1551
living id=7362 type=draukthehobgoblinking pos=6,132,26 hp=3341
living id=7363 type=blueslime pos=87,173,26 hp=1815
living id=7364 type=infectedzombie pos=64,146,26 hp=2735
living id=7365 type=gaskonetheghoul pos=66,107,26 hp=2164
living id=7366 type=nexythesnickeredge pos=154,189,26 hp=2317
living id=7367 type=infectedzombie pos=88,178,26 hp=2584
living id=7368 type=sneakyghoul pos=65,144,26 hp=4536
living id=7369 type=firehead pos=148,23,26 hp=1737
living id=7371 type=snickerbladewizard pos=56,95,26 hp=3386
living id=7372 type=nexythesnickeredge pos=94,45,26 hp=2062
living id=7373 type=vampire pos=80,106,26 hp=1200
living id=7374 type=wolfy pos=91,178,26 hp=1608
living id=7375 type=direwolf pos=12,72,26 hp=1572
living id=7376 type=ghoul pos=74,56,26 hp=738
living id=7377 type=gaskonetheghoul pos=125,152,26 hp=2292
living id=7378 type=berserkertroll pos=24,112,26 hp=4023
living id=7379 type=snickerblade pos=40,31,26 hp=1896
living id=7380 type=infectedzombie pos=101,76,26 hp=2404
living id=7381 type=sikuthewolf pos=28,64,26 hp=3048
living id=7382 type=direwolfalpha pos=87,165,26 hp=1680
living id=7383 type=cavetroll pos=53,52,26 hp=3219
living id=7384 type=snickerblade pos=39,34,26 hp=1717
living id=7385 type=vampire pos=167,67,26 hp=1084
living id=7386 type=ghoul pos=71,114,26 hp=1392
living id=7387 type=infectedzombie pos=14,120,26 hp=2289
living id=7388 type=stonegolem pos=39,60,26 hp=7709
living id=7389 type=zombie pos=172,38,26 hp=2926
living id=7390 type=blueslime pos=151,146,26 hp=1671
living id=7391 type=sneakyghoul pos=186,61,26 hp=4536
living id=7392 type=humethealmightyogre pos=101,73,26 hp=5728
living id=7393 type=direwolfalpha pos=18,11,26 hp=1612
living id=7394 type=snickerbladewizard pos=88,86,26 hp=3261
living id=7395 type=sikuthewolf pos=147,154,26 hp=2650
living id=7396 type=wolfy pos=35,69,26 hp=1707
living id=7397 type=direwolf pos=163,193,26 hp=1486
living id=7398 type=firehead pos=90,46,26 hp=1714
living id=7400 type=wolfy pos=105,49,26 hp=1737
living id=7401 type=gaskonetheghoul pos=144,147,26 hp=1776
living id=7402 type=berserkertroll pos=176,193,26 hp=4326
living id=7403 type=direwolfalpha pos=115,140,26 hp=1453
living id=7404 type=direwolf pos=74,60,26 hp=1529
living id=7405 type=zombie pos=70,191,26 hp=2393
living id=7406 type=wolfy pos=51,44,26 hp=2025
living id=7407 type=sneakyghoul pos=76,104,26 hp=4406
living id=7408 type=snickerbladewizard pos=66,45,26 hp=3265
living id=7409 type=evilturtle pos=86,22,26 hp=2223
living id=7410 type=gaskonetheghoul pos=187,48,26 hp=1738
living id=7411 type=toponovichthezombie pos=57,100,26 hp=4062
living id=7412 type=blueslime pos=28,11,26 hp=2184
living id=7413 type=berserkertroll pos=72,112,26 hp=4820
living id=7414 type=vampire pos=42,64,26 hp=1129
living id=7415 type=toponovichthezombie pos=62,164,26 hp=4395
living id=7416 type=firehead pos=139,51,26 hp=2127
living id=7418 type=sikuthewolf pos=187,34,26 hp=2561
living id=7419 type=infectedzombie pos=115,166,26 hp=2318
living id=7420 type=direwolfalpha pos=76,24,26 hp=1501
living id=7421 type=direwolf pos=91,131,26 hp=1498
living id=7422 type=firehead pos=34,35,26 hp=1933
living id=7424 type=evilturtle pos=147,174,26 hp=2366
living id=7425 type=snickerbladewizard pos=111,47,26 hp=3389
living id=7426 type=werewolf pos=183,178,26 hp=1672
living id=7427 type=vampire pos=156,190,26 hp=1138
living id=7428 type=nusepthegoblinking pos=38,78,26 hp=2169
living id=7429 type=vampire pos=73,47,26 hp=1330
living id=7430 type=vampire pos=66,149,26 hp=1240
living id=7431 type=blueslime pos=76,61,26 hp=2054
living id=7432 type=toponovichthezombie pos=170,22,26 hp=4776
living id=7433 type=nusepthegoblinking pos=99,176,26 hp=1989
living id=7434 type=infectedzombie pos=22,179,26 hp=2685
living id=7435 type=nexythesnickeredge pos=110,24,26 hp=2066
living id=7436 type=spiderqueen pos=51,92,26 hp=1392
living id=7437 type=nexythesnickeredge pos=27,82,26 hp=2574
living id=7438 type=direwolf pos=56,95,26 hp=1626
living id=7439 type=evilturtle pos=104,49,26 hp=2081
living id=7440 type=sneakyghoul pos=103,43,26 hp=4381
living id=7441 type=spiderqueen pos=184,74,26 hp=1478
living id=7442 type=stonegolem pos=59,172,26 hp=7778
living id=7443 type=direwolfalpha pos=113,192,26 hp=1397
living id=7444 type=berserkertroll pos=124,151,26 hp=4539
living id=7445 type=nexythesnickeredge pos=50,180,26 hp=1894
living id=7446 type=infectedzombie pos=172,108,26 hp=2290
living id=7447 type=humethealmightyogre pos=156,171,26 hp=5153
living id=7448 type=firehead pos=69,51,26 hp=2183
living id=7450 type=berserkertroll pos=93,47,26 hp=4251
living id=7451 type=zombie pos=124,55,26 hp=3114
living id=7452 type=cavetroll pos=115,196,26 hp=2775
living id=7453 type=gaskonetheghoul pos=56,168,26 hp=2172
living id=7454 type=direwolfalpha pos=144,150,26 hp=1496
living id=7455 type=werewolf pos=167,64,26 hp=1681
living id=7456 type=sneakyghoul pos=144,27,26 hp=4497
living id=7457 type=draukthehobgoblinking pos=42,68,26 hp=2760
living id=7458 type=nexythesnickeredge pos=39,50,26 hp=2019
living id=7459 type=snickerblade pos=120,177,26 hp=2105
living id=7460 type=draukthehobgoblinking pos=131,150,26 hp=3575
living id=7461 type=blueslime pos=82,39,26 hp=2181
living id=7462 type=berserkertroll pos=97,189,26 hp=4605
living id=7463 type=stonegolem pos=154,146,26 hp=7860
living id=7464 type=evilturtle pos=146,140,26 hp=2172
living id=7465 type=berserkertroll pos=173,27,26 hp=4738
living id=7466 type=blueslime pos=124,177,26 hp=2145
living id=7467 type=ghoul pos=107,43,26 hp=1013
living id=7468 type=werewolf pos=123,147,26 hp=1490
living id=7469 type=ghoul pos=18,13,26 hp=1180
living id=7470 type=stonegolem pos=174,53,26 hp=8183
living id=7471 type=toponovichthezombie pos=187,57,26 hp=3720
living id=7472 type=blueslime pos=68,147,26 hp=2037
living id=7473 type=wolfy pos=89,54,26 hp=1584
living id=7474 type=ghoul pos=63,116,26 hp=1277
living id=7475 type=cavetroll pos=108,81,26 hp=2707
living id=7476 type=wolfy pos=104,81,26 hp=1693
living id=7477 type=gaskonetheghoul pos=123,79,26 hp=1737
living id=7478 type=snickerbladewizard pos=147,23,26 hp=3372
living id=7479 type=berserkertroll pos=184,51,26 hp=4586
living id=7480 type=berserkertroll pos=30,29,26 hp=3877
living id=7481 type=gaskonetheghoul pos=91,8,26 hp=2092
living id=7482 type=wolfy pos=172,29,26 hp=1549
living id=7483 type=nusepthegoblinking pos=17,163,26 hp=2065
living id=7484 type=gaskonetheghoul pos=104,48,26 hp=1707
living id=7485 type=evilturtle pos=168,108,26 hp=1996
living id=7486 type=gaskonetheghoul pos=99,154,26 hp=1896
living id=7487 type=werewolf pos=143,20,26 hp=1616
living id=7488 type=direwolfalpha pos=145,138,26 hp=1590
living id=7489 type=sneakyghoul pos=174,68,26 hp=4282
living id=7490 type=sikuthewolf pos=175,83,26 hp=2714
living id=7491 type=nusepthegoblinking pos=187,89,26 hp=2099
living id=7492 type=spiderqueen pos=84,16,26 hp=1580
living id=7493 type=blueslime pos=185,47,26 hp=1801
living id=7494 type=vampire pos=97,186,26 hp=1284
living id=7495 type=werewolf pos=55,80,26 hp=1456
living id=7496 type=draukthehobgoblinking pos=187,19,26 hp=3413
living id=7497 type=direwolfalpha pos=171,95,26 hp=1426
living id=7498 type=sneakyghoul pos=89,91,26 hp=4543
living id=7499 type=cavetroll pos=101,82,26 hp=2919
living id=7500 type=toponovichthezombie pos=42,145,26 hp=4841
living id=7501 type=ghoul pos=145,26,26 hp=1303
living id=7502 type=direwolf pos=13,89,26 hp=1441
living id=7503 type=nusepthegoblinking pos=22,183,26 hp=2148
living id=7504 type=direwolf pos=72,122,26 hp=1325
living id=7505 type=firehead pos=154,175,26 hp=2098
living id=7507 type=stonegolem pos=90,89,26 hp=7394
living id=7508 type=infectedzombie pos=144,26,26 hp=2331
living id=7509 type=humethealmightyogre pos=50,93,26 hp=5281
living id=7510 type=sneakyghoul pos=92,186,26 hp=4482
living id=7511 type=firehead pos=76,25,26 hp=1959
living id=7513 type=ghoul pos=71,164,26 hp=1201
living id=7514 type=sneakyghoul pos=156,179,26 hp=4529
living id=7515 type=ghoul pos=65,57,26 hp=1034
living id=7516 type=humethealmightyogre pos=29,88,26 hp=5428
living id=7517 type=vampire pos=107,49,26 hp=1063
living id=7518 type=snickerblade pos=21,56,26 hp=2132
living id=7519 type=spiderqueen pos=149,174,26 hp=1657
living id=7520 type=draukthehobgoblinking pos=68,55,26 hp=3251
living id=7521 type=nexythesnickeredge pos=158,147,26 hp=2943
living id=7522 type=evilturtle pos=148,171,26 hp=1743
living id=7523 type=nexythesnickeredge pos=183,48,26 hp=3041
living id=7524 type=direwolf pos=187,85,26 hp=1426
living id=7525 type=zombie pos=79,108,26 hp=2372
living id=7526 type=berserkertroll pos=84,87,26 hp=4294
living id=7527 type=ghoul pos=35,26,26 hp=1094
living id=7528 type=nexythesnickeredge pos=15,133,26 hp=2546
living id=7529 type=humethealmightyogre pos=143,50,26 hp=6436
living id=7530 type=blueslime pos=36,143,26 hp=1636
living id=7531 type=vampire pos=172,18,26 hp=1094
living id=7532 type=werewolf pos=88,185,26 hp=1713
living id=7533 type=vampire pos=62,10,26 hp=1181
living id=7534 type=infectedzombie pos=139,26,26 hp=2182
living id=7535 type=gaskonetheghoul pos=181,78,26 hp=1787
living id=7536 type=firehead pos=44,69,26 hp=2141
living id=7538 type=direwolfalpha pos=148,187,26 hp=1483
living id=7539 type=wolfy pos=15,165,26 hp=1529
living id=7540 type=snickerbladewizard pos=59,94,26 hp=3361
living id=7541 type=direwolfalpha pos=39,140,26 hp=1437
living id=7542 type=gaskonetheghoul pos=93,10,26 hp=1916
living id=7543 type=irongolem pos=121,182,28 hp=7804
living id=7544 type=lustyogre pos=162,154,28 hp=5916
living id=7545 type=vampire pos=103,169,28 hp=1219
living id=7546 type=ogre pos=170,173,28 hp=5551
living id=7547 type=irongolem pos=9,59,28 hp=8412
living id=7548 type=theburningpet pos=59,138,28 hp=8610
living id=7550 type=snickerblade pos=61,75,28 hp=2170
living id=7551 type=ogre pos=178,185,28 hp=5164
living id=7552 type=cavetroll pos=94,32,28 hp=3254
living id=7553 type=sikuthewolf pos=118,153,28 hp=2734
living id=7554 type=toponovichthezombie pos=66,44,28 hp=5042
living id=7555 type=vampire pos=128,198,28 hp=1205
living id=7556 type=berserkertroll pos=74,36,28 hp=4924
living id=7557 type=lustyogre pos=4,30,28 hp=6281
living id=7558 type=humethealmightyogre pos=90,7,28 hp=5105
living id=7559 type=ogre pos=188,64,28 hp=6023
living id=7560 type=weretiger pos=61,157,28 hp=5588
living id=7561 type=berserkertroll pos=63,97,28 hp=4307
living id=7562 type=weretiger pos=112,79,28 hp=6121
living id=7563 type=cavetroll pos=57,73,28 hp=2837
living id=7564 type=theburningpet pos=3,177,28 hp=8901
living id=7566 type=wolfy pos=112,69,28 hp=1561
living id=7567 type=zombie pos=193,60,28 hp=2771
living id=7568 type=stonegolem pos=53,10,28 hp=6150
living id=7569 type=snickerbladewizard pos=102,64,28 hp=3349
living id=7570 type=spiderqueen pos=4,168,28 hp=1697
living id=7571 type=humethealmightyogre pos=176,40,28 hp=6726
living id=7572 type=humethealmightyogre pos=65,7,28 hp=5391
living id=7573 type=nexythesnickeredge pos=59,79,28 hp=1887
living id=7574 type=cavetroll pos=1,147,28 hp=2927
living id=7575 type=firehead pos=157,83,28 hp=1904
living id=7577 type=stonegolem pos=23,1,28 hp=5835
living id=7578 type=cavetroll pos=17,90,28 hp=3260
living id=7579 type=firehead pos=100,50,28 hp=1942
living id=7581 type=zombie pos=28,20,28 hp=3555
living id=7582 type=blueslime pos=162,35,28 hp=1619
living id=7583 type=firehead pos=174,167,28 hp=2163
living id=7585 type=toponovichthezombie pos=10,64,28 hp=3776
living id=7586 type=sneakyghoul pos=29,85,28 hp=4291
living id=7587 type=nusepthegoblinking pos=180,32,28 hp=2419
living id=7588 type=evilturtle pos=11,76,28 hp=1729
living id=7589 type=vampire pos=3,88,28 hp=1100
living id=7590 type=firehead pos=48,51,28 hp=1997
living id=7592 type=lustyogre pos=104,193,28 hp=6380
living id=7593 type=nexythesnickeredge pos=85,178,28 hp=2675
living id=7594 type=theburningpet pos=171,89,28 hp=9268
living id=7596 type=spiderqueen pos=95,36,28 hp=1387
living id=7597 type=stonegolem pos=12,173,28 hp=7350
living id=7598 type=stonetroll pos=153,153,28 hp=6342
living id=7600 type=theburningpet pos=191,34,28 hp=7853
living id=7602 type=werewolf pos=29,129,28 hp=1672
living id=7603 type=theburningpet pos=56,66,28 hp=8352
living id=7605 type=vampire pos=6,137,28 hp=1157
living id=7606 type=theburningpet pos=161,39,28 hp=9439
living id=7608 type=ogre pos=150,32,28 hp=4846
living id=7609 type=werewolf pos=34,159,28 hp=1627
living id=7610 type=evilturtle pos=9,59,28 hp=1911
living id=7611 type=evilturtle pos=117,18,28 hp=2244
living id=7612 type=snickerbladewizard pos=129,27,28 hp=3259
living id=7613 type=spiderqueen pos=176,34,28 hp=1434
living id=7614 type=humethealmightyogre pos=14,90,28 hp=5529
living id=7615 type=berserkertroll pos=23,146,28 hp=3935
living id=7616 type=berserkertroll pos=172,89,28 hp=4184
living id=7617 type=zombie pos=95,71,28 hp=3050
living id=7618 type=humethealmightyogre pos=25,126,28 hp=6621
living id=7619 type=spiderqueen pos=97,190,28 hp=1653
living id=7620 type=werewolf pos=42,26,28 hp=1537
living id=7621 type=berserkertroll pos=11,88,28 hp=3936
living id=7622 type=cavetroll pos=50,195,28 hp=2707
living id=7623 type=firehead pos=189,176,28 hp=2214
living id=7625 type=snickerbladewizard pos=66,132,28 hp=3281
living id=7626 type=sneakyghoul pos=32,21,28 hp=4543
living id=7627 type=nexythesnickeredge pos=132,171,28 hp=3028
living id=7628 type=lustyogre pos=109,54,28 hp=6155
living id=7629 type=firehead pos=53,160,28 hp=1957
living id=7631 type=draukthehobgoblinking pos=158,147,28 hp=3347
living id=7632 type=nexythesnickeredge pos=36,165,28 hp=2080
living id=7633 type=toponovichthezombie pos=67,164,28 hp=4448
living id=7634 type=stonegolem pos=187,68,28 hp=6349
living id=7635 type=sikuthewolf pos=44,190,28 hp=2747
living id=7636 type=vampire pos=144,54,28 hp=1069
living id=7637 type=theburningpet pos=58,25,28 hp=8647
living id=7639 type=firehead pos=48,185,28 hp=1844
living id=7641 type=blueslime pos=144,154,28 hp=2155
living id=7642 type=snickerbladewizard pos=49,81,28 hp=3392
living id=7643 type=spiderqueen pos=59,190,28 hp=1442
living id=7644 type=vampire pos=48,166,28 hp=1309
living id=7645 type=werewolf pos=176,37,28 hp=1734
living id=7646 type=werewolf pos=73,188,28 hp=1486
living id=7647 type=spiderqueen pos=161,59,28 hp=1477
living id=7648 type=werewolf pos=183,197,28 hp=1640
living id=7649 type=infectedzombie pos=8,155,28 hp=2398
living id=7650 type=irongolem pos=66,87,28 hp=8212
living id=7651 type=lustyogre pos=79,10,28 hp=5344
living id=7652 type=evilturtle pos=87,12,28 hp=1912
living id=7653 type=weretiger pos=25,40,28 hp=5339
living id=7654 type=spiderqueen pos=3,50,28 hp=1549
living id=7655 type=sneakyghoul pos=38,49,28 hp=4428
living id=7656 type=vampire pos=139,57,28 hp=1248
living id=7657 type=irongolem pos=172,116,28 hp=8631
living id=7658 type=vampire pos=18,43,28 hp=1250
living id=7659 type=gaskonetheghoul pos=38,17,28 hp=1765
living id=7660 type=ghoul pos=91,118,28 hp=1400
living id=7661 type=gaskonetheghoul pos=31,98,28 hp=2124
living id=7662 type=spiderqueen pos=79,186,28 hp=1401
living id=7663 type=theburningpet pos=94,79,28 hp=9439
living id=7665 type=snickerblade pos=19,182,28 hp=1939
living id=7666 type=lustyogre pos=20,127,28 hp=6039
living id=7667 type=zombie pos=104,42,28 hp=3641
living id=7668 type=sneakyghoul pos=163,121,28 hp=4293
living id=7669 type=theburningpet pos=139,14,28 hp=8163
living id=7671 type=werewolf pos=24,17,28 hp=1338
living id=7672 type=snickerblade pos=3,168,28 hp=1924
living id=7673 type=theburningpet pos=39,75,28 hp=9090
living id=7675 type=blueslime pos=181,70,28 hp=1647
living id=7676 type=stonetroll pos=69,41,28 hp=5866
living id=7678 type=gaskonetheghoul pos=195,81,28 hp=1730
living id=7679 type=gaskonetheghoul pos=6,48,28 hp=1846
living id=7680 type=sikuthewolf pos=142,42,28 hp=3495
living id=7681 type=infectedzombie pos=59,7,28 hp=2449
living id=7682 type=berserkertroll pos=91,140,28 hp=4221
living id=7683 type=ogre pos=58,120,28 hp=5744
living id=7684 type=blueslime pos=33,3,28 hp=1754
living id=7685 type=werewolf pos=86,194,28 hp=1318
living id=7686 type=weretiger pos=87,182,28 hp=6953
living id=7687 type=infectedzombie pos=144,195,28 hp=2566
living id=7688 type=stonetroll pos=86,38,28 hp=6572
living id=7690 type=zombie pos=104,191,28 hp=2907
living id=7691 type=lustyogre pos=5,16,28 hp=5635
living id=7692 type=humethealmightyogre pos=9,54,28 hp=6043
living id=7693 type=lustyogre pos=163,54,28 hp=6385
living id=7694 type=vampire pos=29,47,28 hp=1218
living id=7695 type=toponovichthezombie pos=189,76,28 hp=3922
living id=7696 type=blueslime pos=66,69,28 hp=2014
living id=7697 type=vampire pos=35,142,28 hp=1095
living id=7698 type=ghoul pos=180,77,28 hp=774
living id=7699 type=zombie pos=109,172,28 hp=2456
living id=7700 type=cavetroll pos=33,183,28 hp=2807
living id=7701 type=berserkertroll pos=100,64,28 hp=4355
living id=7702 type=sikuthewolf pos=170,60,28 hp=2805
living id=7703 type=blueslime pos=184,34,28 hp=1968
living id=7704 type=spiderqueen pos=20,4,28 hp=1457
living id=7705 type=evilturtle pos=188,174,28 hp=1818
living id=7706 type=stonegolem pos=120,7,28 hp=6953
living id=7707 type=snickerblade pos=63,131,28 hp=1659
living id=7708 type=stonegolem pos=66,133,28 hp=5824
living id=7709 type=firehead pos=18,158,28 hp=1784
living id=7711 type=infectedzombie pos=48,9,28 hp=2220
living id=7712 type=infectedzombie pos=62,54,28 hp=2556
living id=7713 type=zombie pos=107,171,28 hp=3270
living id=7714 type=theburningpet pos=2,79,28 hp=10087
living id=7716 type=weretiger pos=48,61,28 hp=6542
living id=7717 type=stonegolem pos=134,28,28 hp=7506
living id=7718 type=evilturtle pos=82,45,28 hp=2195
living id=7719 type=lustyogre pos=16,93,28 hp=6479
living id=7720 type=evilturtle pos=45,92,28 hp=2205
living id=7721 type=werewolf pos=92,170,28 hp=1370
living id=7722 type=vampire pos=183,44,28 hp=1162
living id=7723 type=ghoul pos=15,86,28 hp=1265
living id=7724 type=stonegolem pos=161,7,28 hp=6027
living id=7725 type=zombie pos=52,5,28 hp=3369
living id=7726 type=lustyogre pos=157,60,28 hp=5361
living id=7727 type=vampire pos=184,88,28 hp=1289
living id=7728 type=infectedzombie pos=10,84,28 hp=2296
living id=7729 type=firehead pos=79,161,28 hp=1943
living id=7731 type=blueslime pos=117,163,28 hp=1768
living id=7732 type=infectedzombie pos=89,145,28 hp=2317
living id=7733 type=infectedzombie pos=35,161,28 hp=2383
living id=7734 type=cavetroll pos=79,158,28 hp=2736
living id=7735 type=gaskonetheghoul pos=95,187,28 hp=2210
living id=7736 type=vampire pos=3,137,28 hp=1276
living id=7737 type=cavetroll pos=98,81,28 hp=3246
living id=7738 type=gaskonetheghoul pos=104,68,28 hp=2186
living id=7739 type=sikuthewolf pos=96,43,28 hp=2581
living id=7740 type=blueslime pos=53,192,28 hp=1674
living id=7741 type=ghoul pos=97,138,28 hp=1009
living id=7742 type=nexythesnickeredge pos=180,185,28 hp=2281
living id=7743 type=vampire pos=86,144,28 hp=1117
living id=7744 type=stonegolem pos=132,21,28 hp=7098
living id=7745 type=gaskonetheghoul pos=116,197,28 hp=1969
living id=7746 type=ghoul pos=138,73,28 hp=1089
living id=7747 type=nexythesnickeredge pos=149,148,28 hp=2380
living id=7748 type=berserkertroll pos=52,171,28 hp=5086
living id=7749 type=wolfy pos=45,141,28 hp=1642
living id=7750 type=ogre pos=141,55,28 hp=4694
living id=7751 type=weretiger pos=14,15,28 hp=5679
living id=7752 type=sneakyghoul pos=112,33,28 hp=4443
living id=7753 type=snickerblade pos=12,87,28 hp=2168
living id=7754 type=berserkertroll pos=99,167,28 hp=4712
living id=7755 type=werewolf pos=180,191,28 hp=1354
living id=7756 type=nexythesnickeredge pos=112,185,28 hp=3122
living id=7757 type=cavetroll pos=79,92,28 hp=2834
living id=7758 type=draukthehobgoblinking pos=84,134,28 hp=3415
living id=7759 type=stonetroll pos=40,188,28 hp=6740
living id=7761 type=ogre pos=175,97,28 hp=5832
living id=7762 type=evilturtle pos=43,132,28 hp=2466
living id=7763 type=gaskonetheghoul pos=189,56,28 hp=2103
living id=7764 type=zombie pos=90,143,28 hp=3395
living id=7765 type=ghoul pos=50,35,28 hp=1438
living id=7766 type=sneakyghoul pos=179,189,28 hp=4446
living id=7767 type=sneakyghoul pos=40,144,28 hp=4269
living id=7768 type=draukthehobgoblinking pos=116,57,28 hp=2872
living id=7769 type=wolfy pos=156,6,28 hp=1840
living id=7770 type=werewolf pos=30,47,28 hp=1442
living id=7771 type=nusepthegoblinking pos=159,61,28 hp=2360
living id=7772 type=stonetroll pos=135,69,28 hp=5552
living id=7774 type=cavetroll pos=155,27,28 hp=3197
living id=7775 type=evilturtle pos=131,18,28 hp=2336
living id=7776 type=stonetroll pos=194,47,28 hp=6042
living id=7778 type=evilturtle pos=157,86,28 hp=1865
living id=7779 type=lustyogre pos=93,1,28 hp=5896
living id=7780 type=ogre pos=28,154,28 hp=4873
living id=7781 type=gaskonetheghoul pos=174,102,28 hp=2071
living id=7782 type=weretiger pos=18,146,28 hp=5867
living id=7783 type=lustyogre pos=41,181,28 hp=5612
living id=7784 type=sneakyghoul pos=73,27,28 hp=4341
living id=7785 type=stonetroll pos=182,80,28 hp=6716
living id=7787 type=stonetroll pos=16,189,28 hp=6085
living id=7789 type=spiderqueen pos=141,49,28 hp=1489
living id=7790 type=toponovichthezombie pos=17,30,28 hp=5079
living id=7791 type=blueslime pos=25,150,28 hp=2000
living id=7792 type=irongolem pos=10,80,28 hp=7312
living id=7793 type=theburningpet pos=131,34,28 hp=8883
living id=7795 type=stonetroll pos=158,87,28 hp=6675
living id=7797 type=firehead pos=72,76,28 hp=1767
living id=7799 type=toponovichthezombie pos=114,185,28 hp=3980
living id=7800 type=toponovichthezombie pos=90,18,28 hp=3811
living id=7801 type=vampire pos=153,188,28 hp=1334
living id=7802 type=nusepthegoblinking pos=195,186,28 hp=2173
living id=7803 type=sneakyghoul pos=165,157,28 hp=4309
living id=7804 type=stonegolem pos=66,165,28 hp=7499
living id=7805 type=gaskonetheghoul pos=102,77,28 hp=2200
living id=7806 type=spiderqueen pos=172,105,28 hp=1751
living id=7807 type=nexythesnickeredge pos=127,145,28 hp=2399
living id=7808 type=spiderqueen pos=104,77,28 hp=1768
living id=7809 type=sneakyghoul pos=151,33,28 hp=4341
living id=7810 type=wolfy pos=32,18,28 hp=1585
living id=7811 type=cavetroll pos=31,153,28 hp=2877
living id=7812 type=draukthehobgoblinking pos=113,67,28 hp=4144
living id=7813 type=snickerbladewizard pos=63,28,28 hp=3274
living id=7814 type=draukthehobgoblinking pos=104,169,28 hp=3367
living id=7815 type=irongolem pos=72,156,28 hp=7613
living id=7816 type=theburningpet pos=72,148,28 hp=8315
living id=7818 type=blueslime pos=13,160,28 hp=1788
living id=7819 type=snickerbladewizard pos=94,68,28 hp=3312
living id=7820 type=irongolem pos=64,198,28 hp=9062
living id=7821 type=gaskonetheghoul pos=163,35,28 hp=1742
living id=7822 type=snickerbladewizard pos=26,116,28 hp=3335
living id=7823 type=zombie pos=128,155,28 hp=2577
living id=7824 type=toponovichthezombie pos=45,99,28 hp=5148
living id=7825 type=stonegolem pos=179,77,28 hp=7429
living id=7826 type=snickerbladewizard pos=157,125,28 hp=3366
living id=7827 type=sneakyghoul pos=9,100,28 hp=4416
living id=7828 type=sneakyghoul pos=84,96,28 hp=4455
living id=7829 type=weretiger pos=129,169,28 hp=6460
living id=7830 type=wolfy pos=61,167,28 hp=1735
living id=7831 type=gaskonetheghoul pos=107,197,28 hp=1829
living id=7832 type=ghoul pos=104,47,28 hp=1185
living id=7833 type=spiderqueen pos=182,87,28 hp=1798
living id=7834 type=blueslime pos=136,183,28 hp=1872
living id=7835 type=firehead pos=75,86,28 hp=2092
living id=7837 type=snickerbladewizard pos=55,178,28 hp=3323
living id=7838 type=evilturtle pos=43,15,28 hp=2084
living id=7839 type=sikuthewolf pos=34,187,28 hp=3488
living id=7840 type=theburningpet pos=180,85,28 hp=9927
living id=7842 type=spiderqueen pos=11,74,28 hp=1432
living id=7843 type=sikuthewolf pos=189,55,28 hp=2529
living id=7844 type=stonegolem pos=126,191,28 hp=6405
living id=7845 type=humethealmightyogre pos=194,46,28 hp=6458
living id=7846 type=firehead pos=89,119,28 hp=2004
living id=7848 type=irongolem pos=98,88,28 hp=8794
living id=7849 type=evilturtle pos=188,94,28 hp=2342
living id=7850 type=sikuthewolf pos=165,10,28 hp=3627
living id=7851 type=snickerblade pos=49,147,28 hp=2152
living id=7852 type=snickerblade pos=24,135,28 hp=1984
living id=7853 type=blueslime pos=123,155,28 hp=1689
living id=7854 type=ogre pos=14,14,28 hp=5462
living id=7855 type=ghoul pos=172,115,28 hp=884
living id=7856 type=lustyogre pos=41,191,28 hp=6280
living id=7857 type=firehead pos=12,57,28 hp=1869
living id=7859 type=lustyogre pos=93,56,28 hp=6389
living id=7860 type=ogre pos=118,59,28 hp=5700
living id=7861 type=theburningpet pos=14,184,28 hp=9275
living id=7863 type=blueslime pos=159,168,28 hp=1868
living id=7864 type=stonegolem pos=172,6,28 hp=6989
living id=7865 type=spiderqueen pos=56,55,28 hp=1653
living id=7866 type=ogre pos=147,134,28 hp=6256
living id=7867 type=werewolf pos=3,160,28 hp=1684
living id=7868 type=weretiger pos=85,159,28 hp=5838
living id=7869 type=spiderqueen pos=138,12,28 hp=1505
living id=7870 type=theburningpet pos=83,132,28 hp=10290
living id=7872 type=stonegolem pos=153,189,28 hp=6972
living id=7873 type=lustyogre pos=31,96,28 hp=5305
living id=7874 type=werewolf pos=195,189,28 hp=1665
living id=7875 type=ghoul pos=75,184,28 hp=1100
living id=7876 type=stonegolem pos=191,180,28 hp=8093
living id=7877 type=draukthehobgoblinking pos=80,6,28 hp=3760
living id=7878 type=gaskonetheghoul pos=7,150,28 hp=2253
living id=7879 type=theburningpet pos=44,53,28 hp=7801
living id=7881 type=wolfy pos=132,20,28 hp=2032
living id=7882 type=werewolf pos=71,34,28 hp=1453
living id=7883 type=firehead pos=10,80,28 hp=2181
living id=7885 type=spiderqueen pos=192,61,28 hp=1559
living id=7886 type=draukthehobgoblinking pos=5,17,28 hp=3536
living id=7887 type=werewolf pos=53,28,28 hp=1328
living id=7888 type=ogre pos=2,162,28 hp=5428
living id=7889 type=theburningpet pos=182,60,28 hp=9009
living id=7891 type=zombie pos=115,67,28 hp=2912
living id=7892 type=werewolf pos=182,77,28 hp=1517
living id=7893 type=ogre pos=11,65,28 hp=5573
living id=7894 type=wolfy pos=188,14,28 hp=1918
living id=7895 type=snickerbladewizard pos=124,11,28 hp=3374
living id=7896 type=infectedzombie pos=47,165,28 hp=2606
living id=7897 type=ogre pos=192,87,28 hp=6109
living id=7898 type=ogre pos=83,94,28 hp=5916
living id=7899 type=cavetroll pos=48,124,28 hp=2797
living id=7900 type=snickerblade pos=150,164,28 hp=1620
living id=7901 type=snickerblade pos=49,197,28 hp=1752
living id=7902 type=sneakyghoul pos=101,141,28 hp=4316
living id=7903 type=theburningpet pos=86,74,28 hp=9410
living id=7905 type=sikuthewolf pos=97,46,28 hp=3174
living id=7906 type=firehead pos=123,37,28 hp=1726
living id=7908 type=spiderqueen pos=44,191,28 hp=1758
living id=7909 type=cavetroll pos=50,50,28 hp=3081
living id=7910 type=humethealmightyogre pos=8,51,28 hp=6148
living id=7911 type=nusepthegoblinking pos=96,1,28 hp=2451
living id=7912 type=zombie pos=110,182,28 hp=3176
living id=7913 type=stonetroll pos=29,53,28 hp=5964
living id=7915 type=theburningpet pos=189,109,28 hp=7671
living id=7917 type=weretiger pos=155,163,28 hp=6532
living id=7918 type=infectedzombie pos=52,167,28 hp=2211
living id=7919 type=lustyogre pos=121,74,28 hp=5455
living id=7920 type=lustyogre pos=117,191,28 hp=6008
living id=7921 type=toponovichthezombie pos=74,45,28 hp=4281
living id=7922 type=toponovichthezombie pos=1,104,28 hp=3813
living id=7923 type=lustyogre pos=189,197,28 hp=5208
living id=7924 type=irongolem pos=33,44,28 hp=9489
living id=7925 type=blueslime pos=179,193,28 hp=1755
living id=7926 type=humethealmightyogre pos=135,182,28 hp=5617
living id=7927 type=toponovichthezombie pos=162,89,28 hp=4494
living id=7928 type=ghoul pos=94,190,28 hp=1390
living id=7929 type=sikuthewolf pos=148,132,28 hp=3367
living id=7930 type=irongolem pos=140,41,28 hp=9471
living id=7931 type=spiderqueen pos=17,118,28 hp=1528
living id=7932 type=irongolem pos=38,91,28 hp=9502
living id=7933 type=stonegolem pos=87,115,28 hp=6957
living id=7934 type=ghoul pos=11,175,28 hp=1435
living id=7935 type=berserkertroll pos=41,111,28 hp=4348
living id=7936 type=stonetroll pos=189,15,28 hp=6831
living id=7938 type=sneakyghoul pos=114,184,28 hp=4483
living id=7939 type=theburningpet pos=188,68,28 hp=8521
living id=7941 type=werewolf pos=35,13,28 hp=1426
living id=7942 type=draukthehobgoblinking pos=39,91,28 hp=2821
living id=7943 type=stonetroll pos=40,52,28 hp=6060
living id=7945 type=lustyogre pos=36,16,28 hp=6484
living id=7946 type=gaskonetheghoul pos=78,10,28 hp=1963
living id=7947 type=cavetroll pos=87,141,28 hp=3033
living id=7948 type=snickerblade pos=16,94,28 hp=1888
living id=7949 type=theburningpet pos=114,142,28 hp=7957
living id=7951 type=irongolem pos=31,147,28 hp=8007
living id=7952 type=nusepthegoblinking pos=183,85,28 hp=2116
living id=7953 type=firehead pos=17,87,28 hp=1774
living id=7955 type=humethealmightyogre pos=31,4,28 hp=6144
living id=7956 type=blueslime pos=119,17,28 hp=2016
living id=7957 type=firehead pos=41,109,28 hp=2193
living id=7959 type=ghoul pos=65,66,28 hp=931
living id=7960 type=nusepthegoblinking pos=2,141,28 hp=1929
living id=7961 type=theburningpet pos=102,1,28 hp=9624
living id=7963 type=snickerbladewizard pos=23,157,28 hp=3268
living id=7964 type=stonegolem pos=103,4,28 hp=6154
living id=7965 type=ghoul pos=170,64,28 hp=912
living id=7966 type=vampire pos=1,143,28 hp=1295
living id=7967 type=spiderqueen pos=139,19,28 hp=1753
living id=7968 type=toponovichthezombie pos=5,185,28 hp=4009
living id=7969 type=spiderqueen pos=38,11,28 hp=1797
living id=7970 type=sikuthewolf pos=28,169,28 hp=2968
living id=7971 type=sikuthewolf pos=103,3,28 hp=3562
living id=7972 type=theburningpet pos=73,107,28 hp=8946
living id=7974 type=irongolem pos=119,8,28 hp=7891
living id=7975 type=humethealmightyogre pos=182,190,28 hp=6077
living id=7976 type=cavetroll pos=39,89,28 hp=2984
living id=7977 type=snickerblade pos=88,43,28 hp=1765
living id=7978 type=werewolf pos=41,138,28 hp=1406
living id=7979 type=berserkertroll pos=160,57,28 hp=4172
living id=7980 type=blueslime pos=65,32,28 hp=1815
living id=7981 type=berserkertroll pos=149,74,28 hp=5091
living id=7982 type=werewolf pos=198,93,28 hp=1410
living id=7983 type=berserkertroll pos=3,126,28 hp=3922
living id=7984 type=blueslime pos=3,75,28 hp=1728
living id=7985 type=spiderqueen pos=118,15,28 hp=1687
living id=7986 type=theburningpet pos=28,53,28 hp=8222
living id=7988 type=stonegolem pos=77,196,28 hp=7864
living id=7989 type=ghoul pos=19,3,28 hp=774
living id=7990 type=firehead pos=47,73,28 hp=2003
living id=7992 type=berserkertroll pos=163,33,28 hp=4677
living id=7993 type=spiderqueen pos=142,156,28 hp=1642
living id=7994 type=gaskonetheghoul pos=81,87,28 hp=2202
living id=7995 type=toponovichthezombie pos=183,83,28 hp=4809
living id=7996 type=theburningpet pos=101,174,28 hp=8758
living id=7998 type=werewolf pos=66,130,28 hp=1646
living id=7999 type=nusepthegoblinking pos=162,117,28 hp=2131
living id=8000 type=cavetroll pos=56,168,28 hp=2741
living id=8001 type=nexythesnickeredge pos=28,47,28 hp=2315
living id=8002 type=wolfy pos=137,78,28 hp=1858
living id=8003 type=firehead pos=128,28,28 hp=1957
living id=8005 type=irongolem pos=17,86,28 hp=8205
living id=8006 type=humethealmightyogre pos=21,85,28 hp=5292
living id=8007 type=ghoul pos=60,51,28 hp=1207
living id=8008 type=theburningpet pos=109,135,28 hp=8535
living id=8010 type=snickerbladewizard pos=102,192,28 hp=3280
living id=8011 type=weretiger pos=31,173,28 hp=5728
living id=8012 type=spiderqueen pos=101,179,28 hp=1488
living id=8013 type=nusepthegoblinking pos=121,191,28 hp=2575
living id=8014 type=wolfy pos=21,86,28 hp=1632
living id=8015 type=gaskonetheghoul pos=21,88,28 hp=1963
living id=8016 type=humethealmightyogre pos=2,72,28 hp=5700
living id=8017 type=wolfy pos=131,171,28 hp=1762
living id=8018 type=vampire pos=152,88,28 hp=1248
living id=8019 type=ghoul pos=184,42,28 hp=1171
living id=8020 type=gaskonetheghoul pos=44,71,28 hp=1928
living id=8021 type=wolfy pos=1,169,28 hp=1807
living id=8022 type=gaskonetheghoul pos=182,68,28 hp=1908
living id=8023 type=wolfy pos=150,53,28 hp=1524
living id=8024 type=sikuthewolf pos=168,49,28 hp=2754
living id=8025 type=cavetroll pos=15,96,28 hp=3233
living id=8026 type=vampire pos=180,83,28 hp=1203
living id=8027 type=nexythesnickeredge pos=169,3,28 hp=3092
living id=8028 type=berserkertroll pos=164,51,28 hp=5099
living id=8029 type=snickerblade pos=178,185,28 hp=2084
living id=8030 type=berserkertroll pos=166,110,28 hp=3927
living id=8031 type=weretiger pos=100,4,28 hp=5910
living id=8032 type=snickerblade pos=179,180,28 hp=1829
living id=8033 type=weretiger pos=127,194,28 hp=6777
living id=8034 type=infectedzombie pos=117,15,28 hp=2289
living id=8035 type=firehead pos=38,56,28 hp=2218
living id=8037 type=draukthehobgoblinking pos=35,161,28 hp=4108
living id=8038 type=blueslime pos=169,174,28 hp=1905
living id=8039 type=weretiger pos=55,142,28 hp=6991
living id=8040 type=toponovichthezombie pos=44,186,28 hp=4207
living id=8041 type=zombie pos=150,162,28 hp=2784
living id=8042 type=sneakyghoul pos=123,174,28 hp=4377
living id=8043 type=draukthehobgoblinking pos=171,41,28 hp=3387
living id=8044 type=zombie pos=188,3,28 hp=3025
living id=8045 type=humethealmightyogre pos=189,106,28 hp=5306
living id=8046 type=blueslime pos=4,176,28 hp=1641
living id=8047 type=snickerbladewizard pos=56,58,28 hp=3277
living id=8048 type=lustyogre pos=7,152,28 hp=5687
living id=8049 type=sikuthewolf pos=11,175,28 hp=3631
living id=8050 type=nusepthegoblinking pos=3,169,28 hp=2009
living id=8051 type=stonegolem pos=32,117,28 hp=6601
living id=8052 type=ghoul pos=189,72,28 hp=967
living id=8053 type=lustyogre pos=137,74,28 hp=6687
living id=8054 type=lustyogre pos=43,45,28 hp=5482
living id=8055 type=humethealmightyogre pos=100,80,28 hp=5718
living id=8056 type=irongolem pos=47,129,28 hp=7916
living id=8057 type=ghoul pos=8,73,28 hp=1196
living id=8058 type=berserkertroll pos=137,51,28 hp=5148
living id=8059 type=vampire pos=4,178,28 hp=1066
living id=8060 type=stonegolem pos=110,135,28 hp=6782
living id=8061 type=stonetroll pos=123,153,28 hp=7391
living id=8063 type=sikuthewolf pos=144,183,28 hp=2835
living id=8064 type=snickerblade pos=114,54,28 hp=2018
living id=8065 type=zombie pos=147,158,28 hp=2929
living id=8066 type=firehead pos=41,184,28 hp=1797
living id=8068 type=sikuthewolf pos=107,24,28 hp=3397
living id=8069 type=zombie pos=80,140,28 hp=3198
living id=8070 type=zombie pos=172,168,28 hp=3616
living id=8071 type=stonegolem pos=31,153,28 hp=7372
living id=8072 type=stonetroll pos=146,75,28 hp=6080
living id=8074 type=zombie pos=152,31,28 hp=2891
living id=8075 type=irongolem pos=39,9,28 hp=8591
living id=8076 type=ghoul pos=13,157,28 hp=1264
living id=8077 type=sneakyghoul pos=24,96,28 hp=4329
living id=8078 type=zombie pos=173,116,28 hp=2784
living id=8079 type=humethealmightyogre pos=131,196,28 hp=5524
living id=8080 type=weretiger pos=23,32,28 hp=6659
living id=8081 type=ogre pos=60,114,28 hp=6018
living id=8082 type=draukthehobgoblinking pos=166,18,28 hp=3228
living id=8083 type=ghoul pos=164,166,28 hp=972
living id=8084 type=irongolem pos=129,176,28 hp=8561
living id=8085 type=werewolf pos=156,37,28 hp=1819
living id=8086 type=ghoul pos=45,98,28 hp=910
living id=8087 type=cavetroll pos=158,48,28 hp=3061
living id=8088 type=stonetroll pos=20,156,28 hp=5536
living id=8090 type=zombie pos=151,10,28 hp=2923
living id=8091 type=firehead pos=42,80,28 hp=2118
living id=8093 type=stonetroll pos=25,181,28 hp=6736
living id=8095 type=zombie pos=81,115,28 hp=2804
living id=8096 type=stonegolem pos=150,67,28 hp=6859
living id=8097 type=nexythesnickeredge pos=192,29,28 hp=2132
living id=8098 type=sneakyghoul pos=161,28,28 hp=4524
living id=8099 type=theburningpet pos=15,89,28 hp=9276
living id=8101 type=toponovichthezombie pos=57,157,28 hp=4473
living id=8102 type=spiderqueen pos=60,51,28 hp=1757
living id=8103 type=infectedzombie pos=25,73,28 hp=2455
living id=8104 type=humethealmightyogre pos=65,78,28 hp=6778
living id=8105 type=firehead pos=181,105,28 hp=1801
living id=8107 type=wolfy pos=4,140,28 hp=1988
living id=8108 type=firehead pos=164,167,28 hp=1774
living id=8110 type=irongolem pos=34,181,28 hp=8563
living id=8111 type=ogre pos=159,15,28 hp=5644
living id=8112 type=irongolem pos=183,114,28 hp=7370
living id=8113 type=spiderqueen pos=104,73,28 hp=1546
living id=8114 type=evilturtle pos=18,10,28 hp=1839
living id=8115 type=ogre pos=168,196,28 hp=4754
living id=8116 type=sikuthewolf pos=27,162,28 hp=3264
living id=8117 type=snickerbladewizard pos=63,193,28 hp=3308
living id=8118 type=sikuthewolf pos=93,50,28 hp=2976
living id=8119 type=spiderqueen pos=111,51,28 hp=1796
living id=8120 type=werewolf pos=133,4,28 hp=1808
living id=8121 type=sikuthewolf pos=87,177,28 hp=2630
living id=8122 type=vampire pos=177,186,28 hp=1266
living id=8123 type=stonetroll pos=65,21,28 hp=6286
living id=8125 type=werewolf pos=58,159,28 hp=1799
living id=8126 type=wolfy pos=94,1,28 hp=1694
living id=8127 type=wolfy pos=68,64,28 hp=2051
living id=8128 type=nexythesnickeredge pos=186,74,28 hp=2844
living id=8129 type=draukthehobgoblinking pos=183,89,28 hp=4199
living id=8130 type=cavetroll pos=156,199,28 hp=3008
living id=8131 type=sneakyghoul pos=57,10,28 hp=4321
living id=8132 type=lustyogre pos=106,143,28 hp=6559
living id=8133 type=theburningpet pos=4,30,28 hp=8277
living id=8135 type=evilturtle pos=134,18,28 hp=2472
living id=8136 type=nexythesnickeredge pos=110,51,28 hp=2424
living id=8137 type=sneakyghoul pos=162,81,28 hp=4396
living id=8138 type=sikuthewolf pos=106,80,28 hp=2433
living id=8139 type=wolfy pos=184,42,28 hp=2044
living id=8140 type=weretiger pos=102,79,28 hp=5956
living id=8141 type=infectedzombie pos=165,6,28 hp=2277
living id=8142 type=berserkertroll pos=63,60,28 hp=4814
living id=8143 type=snickerbladewizard pos=181,71,28 hp=3255
living id=8144 type=ogre pos=152,54,28 hp=5550
living id=8145 type=ogre pos=59,138,28 hp=6067
living id=8146 type=wolfy pos=32,84,28 hp=1889
living id=8147 type=cavetroll pos=12,34,28 hp=3165
living id=8148 type=blueslime pos=21,105,28 hp=1644
living id=8149 type=sikuthewolf pos=91,143,28 hp=2568
living id=8150 type=sikuthewolf pos=41,92,28 hp=2417
living id=8151 type=vampire pos=4,166,28 hp=1297
living id=8152 type=vampire pos=6,48,28 hp=1053
living id=8153 type=evilturtle pos=87,187,28 hp=2453
living id=8154 type=cavetroll pos=129,141,28 hp=2710
living id=8155 type=sneakyghoul pos=190,94,28 hp=4395
living id=8156 type=nexythesnickeredge pos=77,13,28 hp=2273
living id=8157 type=toponovichthezombie pos=197,83,28 hp=3934
living id=8158 type=firehead pos=145,21,28 hp=1702
living id=8160 type=nusepthegoblinking pos=142,65,28 hp=1951
living id=8161 type=nexythesnickeredge pos=159,52,28 hp=2735
living id=8162 type=werewolf pos=160,194,28 hp=1671
living id=8163 type=draukthehobgoblinking pos=195,180,28 hp=3371
living id=8164 type=lustyogre pos=164,54,28 hp=5797
living id=8165 type=nusepthegoblinking pos=178,104,28 hp=2351
living id=8166 type=sneakyghoul pos=54,92,28 hp=4292
living id=8167 type=irongolem pos=17,196,28 hp=8149
living id=8168 type=nusepthegoblinking pos=16,69,28 hp=2013
living id=8169 type=zombie pos=92,85,28 hp=2492
living id=8170 type=draukthehobgoblinking pos=98,17,28 hp=3502
living id=8171 type=ghoul pos=101,63,28 hp=1150
living id=8172 type=stonetroll pos=44,135,28 hp=6777
living id=8174 type=sikuthewolf pos=155,72,28 hp=3524
living id=8175 type=nusepthegoblinking pos=4,82,28 hp=1960
living id=8176 type=zombie pos=94,21,28 hp=2383
living id=8177 type=nusepthegoblinking pos=149,51,28 hp=2178
living id=8178 type=snickerblade pos=179,80,28 hp=1710
living id=8179 type=vampire pos=101,141,28 hp=1171
living id=8180 type=nusepthegoblinking pos=175,37,28 hp=1837
living id=8181 type=toponovichthezombie pos=129,186,28 hp=4530
living id=8182 type=toponovichthezombie pos=190,166,28 hp=4670
living id=8183 type=nusepthegoblinking pos=128,156,28 hp=2231
living id=8184 type=stonetroll pos=42,157,28 hp=6999
living id=8186 type=gaskonetheghoul pos=50,164,28 hp=1837
living id=8187 type=berserkertroll pos=190,165,28 hp=3876
living id=8188 type=zombie pos=77,198,28 hp=2792
living id=8189 type=lustyogre pos=96,65,28 hp=6864
living id=8190 type=gaskonetheghoul pos=55,28,28 hp=2288
living id=8191 type=nusepthegoblinking pos=86,196,28 hp=2413
living id=8192 type=nusepthegoblinking pos=15,49,28 hp=2571
living id=8193 type=snickerbladewizard pos=151,29,28 hp=3326
living id=8194 type=sikuthewolf pos=33,143,28 hp=3139
living id=8195 type=firehead pos=100,196,28 hp=2016
living id=8197 type=berserkertroll pos=77,51,28 hp=4157
living id=8198 type=cavetroll pos=138,15,28 hp=2939
living id=8199 type=sneakyghoul pos=88,197,28 hp=4521
living id=8200 type=snickerbladewizard pos=7,98,28 hp=3387
living id=8201 type=sneakyghoul pos=98,189,28 hp=4413
living id=8202 type=berserkertroll pos=165,168,28 hp=4827
living id=8203 type=cavetroll pos=16,7,28 hp=2756
living id=8204 type=evilturtle pos=99,71,28 hp=2011
living id=8205 type=vampire pos=138,59,28 hp=1199
living id=8206 type=blueslime pos=169,74,28 hp=1765
living id=8207 type=sikuthewolf pos=96,196,28 hp=2757
living id=8208 type=stonetroll pos=16,197,28 hp=6742
living id=8210 type=nexythesnickeredge pos=194,6,28 hp=2722
living id=8211 type=vampire pos=14,59,28 hp=1144
living id=8212 type=berserkertroll pos=88,39,28 hp=5166
living id=8213 type=stonegolem pos=166,47,28 hp=6726
living id=8214 type=snickerblade pos=164,168,28 hp=2008
living id=8215 type=vampire pos=182,9,28 hp=1067
living id=8216 type=cavetroll pos=45,164,28 hp=3268
living id=8217 type=draukthehobgoblinking pos=90,133,28 hp=3392
living id=8218 type=blueslime pos=178,93,28 hp=1634
living id=8219 type=evilturtle pos=167,194,28 hp=2249
living id=8220 type=snickerblade pos=5,186,28 hp=1743
living id=8221 type=humethealmightyogre pos=33,37,28 hp=6660
living id=8222 type=evilturtle pos=26,172,28 hp=2098
living id=8223 type=firehead pos=150,83,28 hp=2227
living id=8225 type=snickerblade pos=32,42,28 hp=2141
living id=8226 type=evilturtle pos=39,25,28 hp=2186
living id=8227 type=draukthehobgoblinking pos=9,124,28 hp=2650
living id=8228 type=cavetroll pos=91,85,28 hp=2829
living id=8229 type=berserkertroll pos=23,144,28 hp=3975
living id=8230 type=irongolem pos=165,117,28 hp=9768
living id=8231 type=stonegolem pos=103,140,28 hp=6121
living id=8232 type=draukthehobgoblinking pos=2,167,28 hp=3463
living id=8233 type=sikuthewolf pos=76,88,28 hp=3116
living id=8234 type=stonegolem pos=174,39,28 hp=7786
living id=8235 type=humethealmightyogre pos=21,106,28 hp=5122
living id=8236 type=cavetroll pos=56,75,28 hp=3038
living id=8237 type=theburningpet pos=64,32,28 hp=9540
living id=8239 type=nexythesnickeredge pos=48,53,28 hp=2679
living id=8240 type=berserkertroll pos=96,69,28 hp=4452
living id=8241 type=humethealmightyogre pos=178,116,28 hp=6732
living id=8242 type=toponovichthezombie pos=16,67,28 hp=3946
living id=8243 type=lustyogre pos=57,175,28 hp=6140
living id=8244 type=toponovichthezombie pos=155,43,28 hp=4941
living id=8245 type=blueslime pos=51,151,28 hp=1867
living id=8246 type=snickerblade pos=57,59,28 hp=1711
living id=8247 type=theburningpet pos=84,154,28 hp=10166
living id=8249 type=stonetroll pos=6,174,28 hp=5922
living id=8251 type=theburningpet pos=132,35,28 hp=10309
living id=8253 type=gaskonetheghoul pos=51,108,28 hp=1785
living id=8254 type=snickerblade pos=59,154,28 hp=1846
living id=8255 type=humethealmightyogre pos=5,142,28 hp=5070
living id=8256 type=zombie pos=116,156,28 hp=3531
living id=8257 type=ogre pos=82,139,28 hp=5283
living id=8258 type=lustyogre pos=88,122,28 hp=6882
living id=8259 type=blueslime pos=121,57,28 hp=2170
living id=8260 type=snickerblade pos=2,88,28 hp=2176
living id=8261 type=vampire pos=62,132,28 hp=1173
living id=8262 type=zombie pos=101,155,28 hp=2809
living id=8263 type=sikuthewolf pos=143,47,28 hp=2981
living id=8264 type=irongolem pos=65,35,28 hp=8855
living id=8265 type=vampire pos=92,136,28 hp=1317
living id=8266 type=spiderqueen pos=95,38,28 hp=1648
living id=8267 type=weretiger pos=43,101,28 hp=5226
living id=8268 type=lustyogre pos=18,146,28 hp=6199
living id=8269 type=blueslime pos=139,153,28 hp=1640
living id=8270 type=lustyogre pos=170,64,28 hp=6161
living id=8271 type=theburningpet pos=147,48,28 hp=9033
living id=8273 type=blueslime pos=55,27,28 hp=2079
living id=8274 type=zombie pos=58,148,28 hp=2386
living id=8275 type=nexythesnickeredge pos=70,98,28 hp=2541
living id=8276 type=gaskonetheghoul pos=34,59,28 hp=2245
living id=8277 type=spiderqueen pos=136,1,28 hp=1781
living id=8278 type=blueslime pos=110,61,28 hp=1630
living id=8279 type=humethealmightyogre pos=182,39,28 hp=6648
living id=8280 type=humethealmightyogre pos=146,61,28 hp=6405
living id=8281 type=cavetroll pos=178,97,28 hp=2833
living id=8282 type=firehead pos=163,157,28 hp=1898
living id=8284 type=weretiger pos=91,56,28 hp=6732
living id=8285 type=spiderqueen pos=80,93,28 hp=1573
living id=8286 type=evilturtle pos=106,2,28 hp=2438
living id=8287 type=ghoul pos=160,168,28 hp=799
living id=8288 type=werewolf pos=99,198,28 hp=1857
living id=8289 type=weretiger pos=106,10,28 hp=6188
living id=8290 type=sikuthewolf pos=36,75,28 hp=3619
living id=8291 type=vampire pos=29,131,28 hp=1203
living id=8292 type=weretiger pos=36,67,28 hp=5955
living id=8293 type=zombie pos=180,4,28 hp=3054
living id=8294 type=theburningpet pos=56,128,28 hp=9403
living id=8296 type=stonetroll pos=136,52,28 hp=6530
living id=8298 type=sikuthewolf pos=192,191,28 hp=3652
living id=8299 type=spiderqueen pos=119,52,28 hp=1834
living id=8300 type=snickerblade pos=61,1,28 hp=2046
living id=8301 type=stonetroll pos=150,33,28 hp=5595
living id=8303 type=cavetroll pos=136,52,28 hp=3070
living id=8304 type=stonegolem pos=158,170,28 hp=6856
living id=8305 type=ghoul pos=193,73,28 hp=1108
living id=8306 type=nusepthegoblinking pos=64,174,28 hp=2221
living id=8307 type=snickerblade pos=183,68,28 hp=2029
living id=8308 type=spiderqueen pos=55,178,28 hp=1736
living id=8309 type=vampire pos=21,143,28 hp=1251
living id=8310 type=stonegolem pos=21,20,28 hp=7209
living id=8311 type=infectedzombie pos=48,53,28 hp=2771
living id=8312 type=zombie pos=99,1,28 hp=2650
living id=8313 type=zombie pos=95,36,28 hp=3416
living id=8314 type=zombie pos=46,143,28 hp=2509
living id=8315 type=nexythesnickeredge pos=44,102,28 hp=2561
living id=8316 type=draukthehobgoblinking pos=23,94,28 hp=3174
living id=8317 type=snickerblade pos=118,154,28 hp=1632
living id=8318 type=zombie pos=17,121,28 hp=3105
living id=8319 type=weretiger pos=19,102,28 hp=5959
living id=8320 type=berserkertroll pos=196,49,28 hp=4978
living id=8321 type=toponovichthezombie pos=90,187,28 hp=4093
living id=8322 type=cavetroll pos=14,177,28 hp=3039
living id=8323 type=stonegolem pos=44,139,28 hp=6344
living id=8324 type=lustyogre pos=163,17,28 hp=5444
living id=8325 type=theburningpet pos=104,194,28 hp=9817
living id=8327 type=cavetroll pos=62,35,28 hp=3115
living id=8328 type=berserkertroll pos=7,150,28 hp=4725
living id=8329 type=gaskonetheghoul pos=33,116,28 hp=1728
living id=8330 type=sneakyghoul pos=69,146,28 hp=4418
living id=8331 type=cavetroll pos=164,121,28 hp=2918
living id=8332 type=draukthehobgoblinking pos=148,48,28 hp=3971
living id=8333 type=draukthehobgoblinking pos=175,166,28 hp=4187
living id=8334 type=spiderqueen pos=85,49,28 hp=1699
living id=8335 type=werewolf pos=43,157,28 hp=1561
living id=8336 type=spiderqueen pos=40,32,28 hp=1410
living id=8337 type=nexythesnickeredge pos=69,16,28 hp=2900
living id=8338 type=ogre pos=148,54,28 hp=5862
living id=8339 type=gaskonetheghoul pos=120,49,28 hp=2255
living id=8340 type=ghoul pos=40,141,28 hp=1215
living id=8341 type=weretiger pos=36,114,28 hp=5790
living id=8342 type=stonegolem pos=53,69,28 hp=7780
living id=8343 type=draukthehobgoblinking pos=134,142,28 hp=4108
living id=8344 type=stonegolem pos=191,82,28 hp=6802
living id=8345 type=cavetroll pos=38,185,28 hp=2894
living id=8346 type=cavetroll pos=26,183,28 hp=3278
living id=8347 type=ogre pos=175,2,28 hp=5749
living id=8348 type=spiderqueen pos=30,71,28 hp=1680
living id=8349 type=ghoul pos=194,169,28 hp=1130
living id=8350 type=werewolf pos=70,48,28 hp=1616
living id=8351 type=stonetroll pos=144,154,28 hp=6140
living id=8353 type=ogre pos=92,151,28 hp=6037
living id=8354 type=sikuthewolf pos=45,152,28 hp=3201
living id=8355 type=stonetroll pos=177,35,28 hp=6574
living id=8357 type=spiderqueen pos=137,6,28 hp=1403
living id=8358 type=werewolf pos=8,150,28 hp=1554
living id=8359 type=spiderqueen pos=57,182,28 hp=1390
living id=8360 type=snickerbladewizard pos=73,183,28 hp=3319
living id=8361 type=infectedzombie pos=86,140,28 hp=2173
living id=8362 type=evilturtle pos=172,118,28 hp=2219
living id=8363 type=vampire pos=8,124,28 hp=1331
living id=8364 type=sneakyghoul pos=50,74,28 hp=4258
living id=8365 type=spiderqueen pos=17,120,28 hp=1516
living id=8366 type=werewolf pos=38,23,28 hp=1325
living id=8367 type=snickerbladewizard pos=96,187,28 hp=3328
living id=8368 type=stonetroll pos=189,14,28 hp=6959
living id=8370 type=firehead pos=101,143,28 hp=2191
living id=8372 type=evilturtle pos=118,162,28 hp=1774
living id=8373 type=lustyogre pos=66,132,28 hp=5747
living id=8374 type=gaskonetheghoul pos=59,83,28 hp=2172
living id=8375 type=toponovichthezombie pos=172,8,28 hp=3924
living id=8376 type=gaskonetheghoul pos=130,33,28 hp=2267
living id=8377 type=sneakyghoul pos=15,30,28 hp=4522
living id=8378 type=nusepthegoblinking pos=180,51,28 hp=2395
living id=8379 type=evilturtle pos=59,124,28 hp=2390
living id=8380 type=zombie pos=54,70,28 hp=3076
living id=8381 type=snickerbladewizard pos=143,195,28 hp=3315
living id=8382 type=gaskonetheghoul pos=87,163,28 hp=2134
living id=8383 type=toponovichthezombie pos=59,21,28 hp=4605
living id=8384 type=stonetroll pos=75,48,28 hp=6353
living id=8386 type=vampire pos=49,58,28 hp=1053
living id=8387 type=nusepthegoblinking pos=166,98,28 hp=2032
living id=8388 type=wolfy pos=39,151,28 hp=2079
living id=8389 type=werewolf pos=108,143,28 hp=1469
living id=8390 type=stonetroll pos=19,49,28 hp=6539
living id=8392 type=wolfy pos=46,107,28 hp=1880
living id=8393 type=werewolf pos=172,106,28 hp=1369
living id=8394 type=nusepthegoblinking pos=79,141,28 hp=1956
living id=8395 type=gaskonetheghoul pos=50,144,28 hp=2136
living id=8396 type=berserkertroll pos=164,35,28 hp=4489
living id=8397 type=lustyogre pos=68,147,28 hp=5948
living id=8398 type=spiderqueen pos=43,43,28 hp=1412
living id=8399 type=blueslime pos=198,89,28 hp=1917
living id=8400 type=humethealmightyogre pos=146,50,28 hp=5554
living id=8401 type=vampire pos=73,79,28 hp=1219
living id=8402 type=cavetroll pos=63,149,28 hp=3117
living id=8403 type=theburningpet pos=74,104,28 hp=9202
living id=8405 type=vampire pos=133,79,28 hp=1147
living id=8406 type=nusepthegoblinking pos=32,3,28 hp=2191
living id=8407 type=snickerbladewizard pos=17,165,28 hp=3254
living id=8408 type=snickerblade pos=180,2,28 hp=1695
living id=8409 type=toponovichthezombie pos=99,8,28 hp=3863
living id=8410 type=irongolem pos=177,76,28 hp=8721
living id=8411 type=werewolf pos=49,195,28 hp=1865
living id=8412 type=weretiger pos=56,160,28 hp=6953
living id=8413 type=stonegolem pos=105,32,28 hp=6736
living id=8414 type=zombie pos=44,156,28 hp=2861
living id=8415 type=cavetroll pos=148,72,28 hp=3112
living id=8416 type=stonegolem pos=88,131,28 hp=7256
living id=8417 type=firehead pos=161,68,28 hp=1901
living id=8419 type=zombie pos=94,77,28 hp=3222
living id=8420 type=snickerblade pos=4,167,28 hp=1821
living id=8421 type=ghoul pos=194,41,28 hp=983
living id=8422 type=draukthehobgoblinking pos=125,191,28 hp=4340
living id=8423 type=snickerbladewizard pos=103,155,28 hp=3383
living id=8424 type=spiderqueen pos=112,194,28 hp=1526
living id=8425 type=infectedzombie pos=62,1,28 hp=2844
living id=8426 type=snickerblade pos=59,190,28 hp=1748
living id=8427 type=berserkertroll pos=191,179,28 hp=4710
living id=8428 type=ogre pos=62,196,28 hp=5539
living id=8429 type=humethealmightyogre pos=19,28,28 hp=5767
living id=8430 type=irongolem pos=13,24,28 hp=8824
living id=8431 type=wolfy pos=110,172,28 hp=1777
living id=8432 type=infectedzombie pos=77,45,28 hp=2503
living id=8433 type=draukthehobgoblinking pos=13,81,28 hp=3519
living id=8434 type=sikuthewolf pos=90,28,28 hp=2828
living id=8435 type=cavetroll pos=154,127,28 hp=3182
living id=8436 type=zombie pos=186,179,28 hp=3182
living id=8437 type=humethealmightyogre pos=40,102,28 hp=6345
living id=8438 type=draukthehobgoblinking pos=158,88,30 hp=3537
living id=8439 type=werewolf pos=86,117,30 hp=1684
living id=8440 type=zombie pos=75,158,30 hp=3335
living id=8441 type=sneakyghoul pos=52,18,30 hp=4434
living id=8442 type=ogre pos=194,29,30 hp=5851
living id=8443 type=cavetroll pos=109,4,30 hp=2951
living id=8444 type=wolfy pos=9,81,30 hp=2052
living id=8445 type=toponovichthezombie pos=148,9,30 hp=4700
living id=8446 type=irongolem pos=99,75,30 hp=9634
living id=8447 type=snickerbladewizard pos=167,32,30 hp=3351
living id=8448 type=irongolem pos=73,133,30 hp=8826
living id=8449 type=lustyogre pos=75,5,30 hp=5327
living id=8450 type=infectedzombie pos=21,108,30 hp=2227
living id=8451 type=stonegolem pos=46,141,30 hp=6226
living id=8452 type=stonetroll pos=49,76,30 hp=5813
living id=8454 type=draukthehobgoblinking pos=169,47,30 hp=2937
living id=8455 type=stonetroll pos=30,80,30 hp=7274
living id=8457 type=weretiger pos=63,115,30 hp=6585
living id=8458 type=irongolem pos=182,174,30 hp=7790
living id=8459 type=stonetroll pos=165,76,30 hp=5954
living id=8461 type=infectedzombie pos=40,140,30 hp=2928
living id=8462 type=ogre pos=173,94,30 hp=5873
living id=8463 type=sneakyghoul pos=6,102,30 hp=4358
living id=8464 type=stonegolem pos=30,41,30 hp=6101
living id=8465 type=snickerbladewizard pos=37,28,30 hp=3280
living id=8466 type=humethealmightyogre pos=145,154,30 hp=6816
living id=8467 type=ghoul pos=112,196,30 hp=891
living id=8468 type=gaskonetheghoul pos=167,48,30 hp=1891
living id=8469 type=sikuthewolf pos=76,104,30 hp=2969
living id=8470 type=humethealmightyogre pos=67,172,30 hp=4982
living id=8471 type=cavetroll pos=82,190,30 hp=2732
living id=8472 type=draukthehobgoblinking pos=54,18,30 hp=2878
living id=8473 type=cavetroll pos=15,142,30 hp=3123
living id=8474 type=werewolf pos=88,80,30 hp=1834
living id=8475 type=nexythesnickeredge pos=71,55,30 hp=2255
living id=8476 type=stonetroll pos=126,21,30 hp=6713
living id=8478 type=stonetroll pos=58,163,30 hp=6290
living id=8480 type=vampire pos=77,15,30 hp=1130
living id=8481 type=werewolf pos=142,193,30 hp=1523
living id=8482 type=sikuthewolf pos=165,42,30 hp=2825
living id=8483 type=berserkertroll pos=52,26,30 hp=4521
living id=8484 type=theburningpet pos=174,24,30 hp=7843
living id=8486 type=cavetroll pos=10,174,30 hp=3113
living id=8487 type=berserkertroll pos=114,160,30 hp=5052
living id=8488 type=stonegolem pos=117,58,30 hp=6804
living id=8489 type=toponovichthezombie pos=30,121,30 hp=4557
living id=8490 type=stonetroll pos=132,31,30 hp=6965
living id=8492 type=stonetroll pos=77,29,30 hp=5768
living id=8494 type=ogre pos=159,47,30 hp=5049
living id=8495 type=stonegolem pos=32,180,30 hp=7951
living id=8496 type=irongolem pos=82,60,30 hp=7302
living id=8497 type=nusepthegoblinking pos=74,112,30 hp=1802
living id=8498 type=zombie pos=35,70,30 hp=3576
living id=8499 type=vampire pos=74,31,30 hp=1291
living id=8500 type=weretiger pos=53,135,30 hp=6718
living id=8501 type=cavetroll pos=73,106,30 hp=3219
living id=8502 type=ghoul pos=139,58,30 hp=760
living id=8503 type=stonegolem pos=9,196,30 hp=6970
living id=8504 type=werewolf pos=80,105,30 hp=1772
living id=8505 type=zombie pos=106,83,30 hp=2447
living id=8506 type=stonetroll pos=113,55,30 hp=6340
living id=8508 type=weretiger pos=42,40,30 hp=5251
living id=8509 type=zombie pos=103,36,30 hp=2930
living id=8510 type=wolfy pos=11,118,30 hp=1927
living id=8511 type=stonetroll pos=29,175,30 hp=7204
living id=8513 type=zombie pos=19,77,30 hp=2718
living id=8514 type=lustyogre pos=10,195,30 hp=5977
living id=8515 type=humethealmightyogre pos=24,134,30 hp=6282
living id=8516 type=stonetroll pos=6,72,30 hp=6367
living id=8518 type=ghoul pos=148,195,30 hp=1088
living id=8519 type=theburningpet pos=110,158,30 hp=8564
living id=8521 type=zombie pos=100,22,30 hp=3291
living id=8522 type=berserkertroll pos=114,137,30 hp=5082
living id=8523 type=toponovichthezombie pos=107,39,30 hp=3710
living id=8524 type=zombie pos=96,134,30 hp=3518
living id=8525 type=draukthehobgoblinking pos=123,158,30 hp=2811
living id=8526 type=wolfy pos=47,80,30 hp=1989
living id=8527 type=snickerbladewizard pos=111,7,30 hp=3375
living id=8528 type=draukthehobgoblinking pos=149,14,30 hp=3988
living id=8529 type=zombie pos=128,186,30 hp=3069
living id=8530 type=cavetroll pos=96,80,30 hp=3102
living id=8531 type=gaskonetheghoul pos=40,31,30 hp=2182
living id=8532 type=snickerbladewizard pos=118,82,30 hp=3280
living id=8533 type=lustyogre pos=107,83,30 hp=5644
living id=8534 type=toponovichthezombie pos=94,73,30 hp=4093
living id=8535 type=sneakyghoul pos=27,70,30 hp=4278
living id=8536 type=nexythesnickeredge pos=165,30,30 hp=2819
living id=8537 type=humethealmightyogre pos=177,190,30 hp=5649
living id=8538 type=cavetroll pos=77,40,30 hp=2838
living id=8539 type=stonegolem pos=124,33,30 hp=7261
living id=8540 type=snickerbladewizard pos=78,4,30 hp=3340
living id=8541 type=ogre pos=175,15,30 hp=5140
living id=8542 type=irongolem pos=53,105,30 hp=8211
living id=8543 type=vampire pos=15,145,30 hp=1114
living id=8544 type=cavetroll pos=156,13,30 hp=3193
living id=8545 type=theburningpet pos=123,140,30 hp=7703
living id=8547 type=weretiger pos=6,98,30 hp=6524
living id=8548 type=infectedzombie pos=168,70,30 hp=2549
living id=8549 type=draukthehobgoblinking pos=108,159,30 hp=3188
living id=8550 type=gaskonetheghoul pos=162,96,30 hp=2274
living id=8551 type=stonetroll pos=7,135,30 hp=6989
living id=8553 type=draukthehobgoblinking pos=47,29,30 hp=4343
living id=8554 type=ghoul pos=98,51,30 hp=1473
living id=8555 type=berserkertroll pos=4,175,30 hp=4566
living id=8556 type=zombie pos=64,158,30 hp=2398
living id=8557 type=berserkertroll pos=95,75,30 hp=4629
living id=8558 type=vampire pos=69,59,30 hp=1348
living id=8559 type=toponovichthezombie pos=37,15,30 hp=4498
living id=8560 type=stonetroll pos=16,45,30 hp=7373
living id=8562 type=nusepthegoblinking pos=109,188,30 hp=2582
living id=8563 type=snickerbladewizard pos=29,40,30 hp=3274
living id=8564 type=infectedzombie pos=57,41,30 hp=2910
living id=8565 type=spiderqueen pos=91,195,30 hp=1486
living id=8566 type=gaskonetheghoul pos=6,173,30 hp=2032
living id=8567 type=stonetroll pos=58,31,30 hp=6297
living id=8569 type=zombie pos=163,60,30 hp=3048
living id=8570 type=irongolem pos=88,72,30 hp=9116
living id=8571 type=humethealmightyogre pos=23,142,30 hp=5730
living id=8572 type=sikuthewolf pos=40,116,30 hp=3451
living id=8573 type=lustyogre pos=111,12,30 hp=5452
living id=8574 type=infectedzombie pos=52,102,30 hp=2908
living id=8575 type=infectedzombie pos=60,163,30 hp=2385
living id=8576 type=werewolf pos=146,157,30 hp=1696
living id=8577 type=stonegolem pos=10,120,30 hp=6230
living id=8578 type=stonetroll pos=145,141,30 hp=6149
living id=8580 type=irongolem pos=5,74,30 hp=9768
living id=8581 type=gaskonetheghoul pos=37,18,30 hp=1994
living id=8582 type=humethealmightyogre pos=18,76,30 hp=6137
living id=8583 type=berserkertroll pos=181,50,30 hp=4820
living id=8584 type=toponovichthezombie pos=143,156,30 hp=5258
living id=8585 type=theburningpet pos=174,87,30 hp=9266
living id=8587 type=werewolf pos=74,59,30 hp=1346
living id=8588 type=spiderqueen pos=103,22,30 hp=1376
living id=8589 type=vampire pos=79,23,30 hp=1104
living id=8590 type=vampire pos=101,74,30 hp=1125
living id=8591 type=spiderqueen pos=15,41,30 hp=1687
living id=8592 type=theburningpet pos=89,195,30 hp=8718
living id=8594 type=ghoul pos=167,103,30 hp=1228
living id=8595 type=theburningpet pos=177,177,30 hp=9294
living id=8597 type=sneakyghoul pos=129,189,30 hp=4265
living id=8598 type=lustyogre pos=116,80,30 hp=5845
living id=8599 type=nusepthegoblinking pos=165,88,30 hp=2385
living id=8600 type=gaskonetheghoul pos=60,30,30 hp=2253
living id=8601 type=weretiger pos=107,46,30 hp=5423
living id=8602 type=sikuthewolf pos=138,46,30 hp=3247
living id=8603 type=berserkertroll pos=46,135,30 hp=5008
living id=8604 type=vampire pos=26,115,30 hp=1167
living id=8605 type=stonegolem pos=5,81,30 hp=6185
living id=8606 type=toponovichthezombie pos=3,73,30 hp=4142
living id=8607 type=stonetroll pos=22,97,30 hp=6126
living id=8609 type=nusepthegoblinking pos=187,39,30 hp=2478
living id=8610 type=lustyogre pos=46,41,30 hp=6507
living id=8611 type=werewolf pos=128,45,30 hp=1536
living id=8612 type=theburningpet pos=111,178,30 hp=8250
living id=8614 type=lustyogre pos=49,100,30 hp=5436
living id=8615 type=nexythesnickeredge pos=99,165,30 hp=2010
living id=8616 type=spiderqueen pos=106,191,30 hp=1425
living id=8617 type=vampire pos=59,33,30 hp=1105
living id=8618 type=werewolf pos=8,77,30 hp=1564
living id=8619 type=stonegolem pos=167,42,30 hp=7729
living id=8620 type=werewolf pos=33,54,30 hp=1579
living id=8621 type=gaskonetheghoul pos=31,74,30 hp=1781
living id=8622 type=irongolem pos=78,72,30 hp=8425
living id=8623 type=zombie pos=31,138,30 hp=2455
living id=8624 type=nusepthegoblinking pos=70,162,30 hp=2255
living id=8625 type=toponovichthezombie pos=161,153,30 hp=5286
living id=8626 type=sikuthewolf pos=164,89,30 hp=3151
living id=8627 type=lustyogre pos=119,80,30 hp=6346
living id=8628 type=werewolf pos=39,48,30 hp=1339
living id=8629 type=irongolem pos=110,163,30 hp=8785
living id=8630 type=berserkertroll pos=168,78,30 hp=3854
living id=8631 type=stonegolem pos=180,84,30 hp=6295
living id=8632 type=werewolf pos=40,69,30 hp=1542
living id=8633 type=toponovichthezombie pos=175,88,30 hp=5160
living id=8634 type=berserkertroll pos=108,164,30 hp=4032
living id=8635 type=wolfy pos=78,111,30 hp=1954
living id=8636 type=sneakyghoul pos=130,168,30 hp=4275
living id=8637 type=stonetroll pos=77,158,30 hp=7112
living id=8639 type=draukthehobgoblinking pos=182,112,30 hp=3190
living id=8640 type=nusepthegoblinking pos=103,171,30 hp=2255
living id=8641 type=vampire pos=99,166,30 hp=1212
living id=8642 type=wolfy pos=44,165,30 hp=1685
living id=8643 type=vampire pos=35,49,30 hp=1281
living id=8644 type=irongolem pos=86,76,30 hp=8689
living id=8645 type=draukthehobgoblinking pos=68,51,30 hp=4180
living id=8646 type=nusepthegoblinking pos=76,160,30 hp=2017
living id=8647 type=snickerbladewizard pos=78,20,30 hp=3314
living id=8648 type=ogre pos=85,27,30 hp=5854
living id=8649 type=ogre pos=117,137,30 hp=5841
living id=8650 type=berserkertroll pos=53,118,30 hp=4947
living id=8651 type=vampire pos=162,89,30 hp=1199
living id=8652 type=cavetroll pos=176,24,30 hp=3098
living id=8653 type=cavetroll pos=141,58,30 hp=2849
living id=8654 type=stonegolem pos=107,19,30 hp=7563
living id=8655 type=sikuthewolf pos=178,169,30 hp=3477
living id=8656 type=spiderqueen pos=168,70,30 hp=1723
living id=8657 type=snickerbladewizard pos=16,127,30 hp=3270
living id=8658 type=ogre pos=96,175,30 hp=5194
living id=8659 type=vampire pos=102,172,30 hp=1335
living id=8660 type=zombie pos=132,55,30 hp=2578
living id=8661 type=sikuthewolf pos=100,165,30 hp=2694
living id=8662 type=irongolem pos=95,44,30 hp=7591
living id=8663 type=nusepthegoblinking pos=195,19,30 hp=1913
living id=8664 type=nexythesnickeredge pos=65,175,30 hp=2407
living id=8665 type=stonetroll pos=77,3,30 hp=6048
living id=8667 type=wolfy pos=29,49,30 hp=1846
living id=8668 type=sneakyghoul pos=149,16,30 hp=4527
living id=8669 type=toponovichthezombie pos=169,68,30 hp=3734
living id=8670 type=humethealmightyogre pos=140,48,30 hp=5502
living id=8671 type=nexythesnickeredge pos=5,172,30 hp=2131
living id=8672 type=stonegolem pos=138,55,30 hp=6772
living id=8673 type=lustyogre pos=3,143,30 hp=5542
living id=8674 type=zombie pos=144,156,30 hp=2658
living id=8675 type=berserkertroll pos=168,114,30 hp=4903
living id=8676 type=nexythesnickeredge pos=107,9,30 hp=1963
living id=8677 type=theburningpet pos=198,17,30 hp=9714
living id=8679 type=wolfy pos=55,157,30 hp=1857
living id=8680 type=gaskonetheghoul pos=114,157,30 hp=1850
living id=8681 type=irongolem pos=133,52,30 hp=7917
living id=8682 type=stonegolem pos=39,167,30 hp=6305
living id=8683 type=zombie pos=106,4,30 hp=3324
living id=8684 type=stonetroll pos=3,143,30 hp=7103
living id=8686 type=berserkertroll pos=107,195,30 hp=4522
living id=8687 type=ghoul pos=41,140,30 hp=1135
living id=8688 type=humethealmightyogre pos=31,175,30 hp=6593
living id=8689 type=wolfy pos=160,9,30 hp=1887
living id=8690 type=ghoul pos=176,81,30 hp=731
living id=8691 type=weretiger pos=138,41,30 hp=6558
living id=8692 type=nusepthegoblinking pos=154,126,30 hp=2425
living id=8693 type=spiderqueen pos=4,178,30 hp=1742
living id=8694 type=humethealmightyogre pos=51,83,30 hp=6641
living id=8695 type=sneakyghoul pos=86,121,30 hp=4548
living id=8696 type=humethealmightyogre pos=116,59,30 hp=4942
living id=8697 type=stonetroll pos=126,181,30 hp=5639
living id=8699 type=wolfy pos=10,85,30 hp=1791
living id=8700 type=nexythesnickeredge pos=10,43,30 hp=2526
living id=8701 type=draukthehobgoblinking pos=46,46,30 hp=3903
living id=8702 type=infectedzombie pos=164,72,30 hp=2925
living id=8703 type=theburningpet pos=8,194,30 hp=9039
living id=8705 type=wolfy pos=24,102,30 hp=1794
living id=8706 type=ogre pos=76,105,30 hp=4876
living id=8707 type=werewolf pos=154,23,30 hp=1635
living id=8708 type=vampire pos=168,27,30 hp=1280
living id=8709 type=spiderqueen pos=191,53,30 hp=1412
living id=8710 type=nusepthegoblinking pos=83,161,30 hp=1824
living id=8711 type=nexythesnickeredge pos=105,190,30 hp=2081
living id=8712 type=theburningpet pos=170,29,30 hp=8960
living id=8714 type=humethealmightyogre pos=71,135,30 hp=5797
living id=8715 type=lustyogre pos=53,101,30 hp=5936
living id=8716 type=irongolem pos=166,114,30 hp=7618
living id=8717 type=nusepthegoblinking pos=8,195,30 hp=2003
living id=8718 type=stonetroll pos=73,193,30 hp=6481
living id=8720 type=zombie pos=87,63,30 hp=3144
living id=8721 type=gaskonetheghoul pos=101,39,30 hp=2260
living id=8722 type=zombie pos=33,45,30 hp=2713
living id=8723 type=ghoul pos=101,159,30 hp=816
living id=8724 type=stonetroll pos=56,19,30 hp=5722
living id=8726 type=stonegolem pos=164,16,30 hp=6535
living id=8727 type=stonegolem pos=155,156,30 hp=7800
living id=8728 type=cavetroll pos=39,138,30 hp=2738
living id=8729 type=sikuthewolf pos=46,19,30 hp=3038
living id=8730 type=infectedzombie pos=9,77,30 hp=2758
living id=8731 type=weretiger pos=31,180,30 hp=6434
living id=8732 type=berserkertroll pos=111,159,30 hp=4213
living id=8733 type=berserkertroll pos=154,134,30 hp=4925
living id=8734 type=stonetroll pos=178,87,30 hp=6742
living id=8736 type=snickerbladewizard pos=132,18,30 hp=3350
living id=8737 type=ogre pos=195,23,30 hp=5650
living id=8738 type=nusepthegoblinking pos=66,156,30 hp=2245
living id=8739 type=weretiger pos=41,80,30 hp=6832
living id=8740 type=theburningpet pos=76,30,30 hp=9713
living id=8742 type=stonegolem pos=152,16,30 hp=6538
living id=8743 type=sneakyghoul pos=186,177,30 hp=4320
living id=8744 type=weretiger pos=47,30,30 hp=5707
living id=8745 type=draukthehobgoblinking pos=131,140,30 hp=4291
living id=8746 type=humethealmightyogre pos=178,176,30 hp=5313
living id=8747 type=wolfy pos=63,32,30 hp=1933
living id=8748 type=ghoul pos=114,3,30 hp=875
living id=8749 type=berserkertroll pos=153,14,30 hp=4357
living id=8750 type=vampire pos=80,135,30 hp=1272
living id=8751 type=snickerbladewizard pos=18,43,30 hp=3386
living id=8752 type=infectedzombie pos=60,44,30 hp=2609
living id=8753 type=nexythesnickeredge pos=78,135,30 hp=2205
living id=8754 type=sikuthewolf pos=99,128,30 hp=2758
living id=8755 type=irongolem pos=42,137,30 hp=8167
living id=8756 type=vampire pos=159,153,30 hp=1310
living id=8757 type=nusepthegoblinking pos=156,152,30 hp=2030
living id=8758 type=gaskonetheghoul pos=46,167,30 hp=2037
living id=8759 type=wolfy pos=10,196,30 hp=1611
living id=8760 type=stonetroll pos=183,80,30 hp=5947
living id=8762 type=draukthehobgoblinking pos=40,168,30 hp=3770
living id=8763 type=sneakyghoul pos=177,49,30 hp=4451
living id=8764 type=theburningpet pos=126,157,30 hp=8153
living id=8766 type=weretiger pos=46,140,30 hp=5383
living id=8767 type=spiderqueen pos=180,173,30 hp=1507
living id=8768 type=wolfy pos=65,176,30 hp=1851
living id=8769 type=toponovichthezombie pos=144,134,30 hp=5093
living id=8770 type=infectedzombie pos=47,103,30 hp=2666
living id=8771 type=berserkertroll pos=102,163,30 hp=4396
living id=8772 type=lustyogre pos=57,84,30 hp=5568
living id=8773 type=zombie pos=178,173,30 hp=2352
living id=8774 type=weretiger pos=59,18,30 hp=6750
living id=8775 type=ghoul pos=79,160,30 hp=972
living id=8776 type=weretiger pos=191,38,30 hp=7129
living id=8777 type=zombie pos=58,25,30 hp=3310
living id=8778 type=sikuthewolf pos=71,76,30 hp=3642
living id=8779 type=wolfy pos=88,80,30 hp=2080
living id=8780 type=weretiger pos=125,190,30 hp=6689
living id=8781 type=zombie pos=162,92,30 hp=3150
living id=8782 type=lustyogre pos=83,135,30 hp=5775
living id=8783 type=spiderqueen pos=19,74,30 hp=1613
living id=8784 type=nusepthegoblinking pos=16,131,30 hp=1955
living id=8785 type=vampire pos=6,168,30 hp=1138
living id=8786 type=vampire pos=190,35,30 hp=1248
living id=8787 type=stonetroll pos=4,145,30 hp=5986
living id=8789 type=sneakyghoul pos=19,99,30 hp=4483
living id=8790 type=weretiger pos=47,46,30 hp=6513
living id=8791 type=vampire pos=195,27,30 hp=1257
living id=8792 type=berserkertroll pos=177,175,30 hp=4262
living id=8793 type=snickerbladewizard pos=131,17,30 hp=3275
living id=8794 type=zombie pos=196,39,30 hp=2827
living id=8795 type=nusepthegoblinking pos=40,45,30 hp=2124
living id=8796 type=infectedzombie pos=104,80,30 hp=2324
living id=8797 type=stonegolem pos=78,5,30 hp=7946
living id=8798 type=nexythesnickeredge pos=104,49,30 hp=2401
living id=8799 type=snickerbladewizard pos=168,73,30 hp=3395
living id=8800 type=draukthehobgoblinking pos=92,63,30 hp=3786
living id=8801 type=weretiger pos=81,111,30 hp=7016
living id=8802 type=werewolf pos=36,55,30 hp=1340
living id=8803 type=sneakyghoul pos=41,117,30 hp=4492
living id=8804 type=toponovichthezombie pos=115,141,30 hp=4019
living id=8805 type=stonegolem pos=59,21,30 hp=7218
living id=8806 type=toponovichthezombie pos=112,176,30 hp=4669
living id=8807 type=lustyogre pos=31,54,30 hp=5605
living id=8808 type=ogre pos=163,125,30 hp=5652
living id=8809 type=irongolem pos=97,136,30 hp=9202
living id=8810 type=stonetroll pos=128,45,30 hp=6022
living id=8812 type=sikuthewolf pos=108,41,30 hp=2873
living id=8813 type=vampire pos=177,81,30 hp=1227
living id=8814 type=draukthehobgoblinking pos=144,162,30 hp=4024
living id=8815 type=berserkertroll pos=24,116,30 hp=4493
living id=8816 type=wolfy pos=100,160,30 hp=1957
living id=8817 type=wolfy pos=88,80,30 hp=1696
living id=8818 type=berserkertroll pos=177,85,30 hp=4120
living id=8819 type=snickerbladewizard pos=80,73,30 hp=3300
living id=8820 type=stonegolem pos=53,125,30 hp=7070
living id=8821 type=irongolem pos=72,59,30 hp=7877
living id=8822 type=infectedzombie pos=78,167,30 hp=2783
living id=8823 type=nusepthegoblinking pos=111,160,30 hp=2227
living id=8824 type=weretiger pos=116,53,30 hp=6912
living id=8825 type=stonegolem pos=148,190,30 hp=7986
living id=8826 type=stonegolem pos=116,58,30 hp=7546
living id=8827 type=vampire pos=40,31,30 hp=1120
living id=8828 type=berserkertroll pos=15,120,30 hp=4932
living id=8829 type=lustyogre pos=19,141,30 hp=6690
living id=8830 type=zombie pos=67,163,30 hp=2670
living id=8831 type=ghoul pos=142,61,30 hp=1237
living id=8832 type=vampire pos=31,168,30 hp=1187
living id=8833 type=weretiger pos=52,131,30 hp=6541
living id=8834 type=zombie pos=163,90,30 hp=3225
living id=8835 type=wolfy pos=103,178,30 hp=2073
living id=8836 type=weretiger pos=52,102,30 hp=5935
living id=8837 type=vampire pos=138,60,30 hp=1113
living id=8838 type=lustyogre pos=165,50,30 hp=5428
living id=8839 type=toponovichthezombie pos=29,45,30 hp=3770
living id=8840 type=lustyogre pos=102,44,30 hp=5548
living id=8841 type=nusepthegoblinking pos=196,23,30 hp=2416
living id=8842 type=spiderqueen pos=82,75,30 hp=1676
living id=8843 type=lustyogre pos=80,80,30 hp=6450
living id=8844 type=sikuthewolf pos=5,137,30 hp=3156
living id=8845 type=spiderqueen pos=6,134,30 hp=1713
living id=8846 type=vampire pos=12,116,30 hp=1250
living id=8847 type=draukthehobgoblinking pos=117,3,30 hp=3737
living id=8848 type=theburningpet pos=86,63,30 hp=8695
living id=8850 type=toponovichthezombie pos=103,45,30 hp=4527
living id=8851 type=lustyogre pos=30,117,30 hp=5874
living id=8852 type=irongolem pos=170,116,30 hp=9353
living id=8853 type=vampire pos=122,188,30 hp=1234
living id=8854 type=cavetroll pos=72,72,30 hp=3155
living id=8855 type=draukthehobgoblinking pos=75,142,30 hp=4330
living id=8856 type=sneakyghoul pos=13,120,30 hp=4362
living id=8857 type=wolfy pos=103,193,30 hp=2002
living id=8858 type=infectedzombie pos=23,140,30 hp=2888
living id=8859 type=gaskonetheghoul pos=187,165,30 hp=2094
living id=8860 type=irongolem pos=23,140,30 hp=8262
living id=8861 type=spiderqueen pos=43,125,30 hp=1801
living id=8862 type=irongolem pos=182,48,30 hp=8977
living id=8863 type=ogre pos=70,79,30 hp=5422
living id=8864 type=snickerbladewizard pos=180,107,30 hp=3375
living id=8865 type=humethealmightyogre pos=5,153,30 hp=6390
living id=8866 type=berserkertroll pos=98,145,30 hp=4364
living id=8867 type=gaskonetheghoul pos=157,47,30 hp=1935
living id=8868 type=sikuthewolf pos=185,166,30 hp=2357
living id=8869 type=stonetroll pos=111,136,30 hp=6128
living id=8871 type=wolfy pos=175,23,30 hp=1906
living id=8872 type=sikuthewolf pos=83,162,30 hp=2903
living id=8873 type=irongolem pos=88,190,30 hp=8696
living id=8874 type=nusepthegoblinking pos=67,117,30 hp=1951
living id=8875 type=nexythesnickeredge pos=77,195,30 hp=2700
living id=8876 type=gaskonetheghoul pos=40,167,30 hp=1806
living id=8877 type=weretiger pos=123,163,30 hp=5534
living id=8878 type=werewolf pos=8,140,30 hp=1516
living id=8879 type=stonegolem pos=127,189,30 hp=8171
living id=8880 type=vampire pos=114,9,30 hp=1237
living id=8881 type=nexythesnickeredge pos=11,119,30 hp=2334
living id=8882 type=humethealmightyogre pos=145,140,30 hp=5830
living id=8883 type=weretiger pos=197,20,30 hp=6853
living id=8884 type=stonetroll pos=58,120,30 hp=5711
living id=8886 type=irongolem pos=132,166,30 hp=9285
living id=8887 type=wolfy pos=71,133,30 hp=1897
living id=8888 type=zombie pos=52,75,30 hp=3051
living id=8889 type=infectedzombie pos=30,46,30 hp=2927
living id=8890 type=draukthehobgoblinking pos=179,165,30 hp=3648
living id=8891 type=lustyogre pos=93,48,30 hp=6505
living id=8892 type=berserkertroll pos=28,70,30 hp=4390
living id=8893 type=infectedzombie pos=18,98,30 hp=2351
living id=8894 type=draukthehobgoblinking pos=42,138,30 hp=4173
living id=8895 type=stonetroll pos=58,76,30 hp=7255
living id=8897 type=toponovichthezombie pos=37,33,30 hp=4366
living id=8898 type=sikuthewolf pos=103,84,30 hp=2602
living id=8899 type=ghoul pos=76,31,30 hp=1242
living id=8900 type=ghoul pos=146,155,30 hp=1291
living id=8901 type=humethealmightyogre pos=15,51,30 hp=5322
living id=8902 type=nusepthegoblinking pos=2,91,30 hp=2530
living id=8903 type=irongolem pos=93,173,30 hp=9689
living id=8904 type=weretiger pos=82,72,30 hp=5486
living id=8905 type=cavetroll pos=34,22,30 hp=2890
living id=8906 type=nusepthegoblinking pos=98,49,30 hp=1831
living id=8907 type=berserkertroll pos=101,174,30 hp=3895
living id=8908 type=snickerbladewizard pos=55,80,30 hp=3262
living id=8909 type=sikuthewolf pos=118,136,30 hp=3027
living id=8910 type=ghoul pos=108,38,30 hp=866
living id=8911 type=lustyogre pos=162,105,30 hp=6420
living id=8912 type=ogre pos=135,43,30 hp=5895
living id=8913 type=lustyogre pos=39,65,30 hp=6830
living id=8914 type=theburningpet pos=152,12,30 hp=9132
living id=8916 type=nusepthegoblinking pos=180,94,30 hp=2389
living id=8917 type=sikuthewolf pos=158,73,30 hp=2969
living id=8918 type=lustyogre pos=129,167,30 hp=5679
living id=8919 type=lustyogre pos=198,54,30 hp=6115
living id=8920 type=berserkertroll pos=37,45,30 hp=4979
living id=8921 type=ghoul pos=53,31,30 hp=1292
living id=8922 type=sneakyghoul pos=82,81,30 hp=4468
living id=8923 type=wolfy pos=64,117,30 hp=1539
living id=8924 type=ogre pos=181,188,30 hp=5142
living id=8925 type=werewolf pos=65,131,30 hp=1843
living id=8926 type=draukthehobgoblinking pos=137,59,30 hp=3635
living id=8927 type=sneakyghoul pos=195,56,30 hp=4449
living id=8928 type=stonegolem pos=73,50,30 hp=6259
living id=8929 type=snickerbladewizard pos=72,134,30 hp=3345
living id=8930 type=snickerbladewizard pos=137,44,30 hp=3311
living id=8931 type=theburningpet pos=101,177,30 hp=9738
living id=8933 type=weretiger pos=101,81,30 hp=6632
living id=8934 type=draukthehobgoblinking pos=187,19,30 hp=3558
living id=8935 type=gaskonetheghoul pos=190,34,30 hp=1928
living id=8936 type=toponovichthezombie pos=174,78,30 hp=4833
living id=8937 type=sikuthewolf pos=107,156,30 hp=2693
living id=8938 type=zombie pos=23,18,30 hp=2843
living id=8939 type=berserkertroll pos=38,26,30 hp=4682
living id=8940 type=lustyogre pos=169,50,30 hp=6531
living id=8941 type=vampire pos=179,34,30 hp=1165
living id=8942 type=berserkertroll pos=128,158,30 hp=4553
living id=8943 type=nexythesnickeredge pos=9,172,30 hp=2816
living id=8944 type=wolfy pos=87,61,30 hp=1831
living id=8945 type=cavetroll pos=77,9,30 hp=2829
living id=8946 type=toponovichthezombie pos=69,78,30 hp=4251
living id=8947 type=irongolem pos=30,45,30 hp=7792
living id=8948 type=sneakyghoul pos=158,9,30 hp=4285
living id=8949 type=berserkertroll pos=41,34,30 hp=4921
living id=8950 type=toponovichthezombie pos=70,113,30 hp=4041
living id=8951 type=gaskonetheghoul pos=28,49,30 hp=1840
living id=8952 type=berserkertroll pos=142,75,30 hp=4029
living id=8953 type=theburningpet pos=20,136,30 hp=8471
living id=8955 type=lustyogre pos=21,119,30 hp=6202
living id=8956 type=zombie pos=176,110,30 hp=2933
living id=8957 type=stonegolem pos=125,136,30 hp=6371
living id=8958 type=ogre pos=140,61,30 hp=6296
living id=8959 type=sikuthewolf pos=139,34,30 hp=3124
living id=8960 type=vampire pos=2,73,30 hp=1248
living id=8961 type=gaskonetheghoul pos=159,182,30 hp=1714
living id=8962 type=snickerbladewizard pos=57,104,30 hp=3280
living id=8963 type=ghoul pos=49,79,30 hp=828
living id=8964 type=infectedzombie pos=174,16,30 hp=2173
living id=8965 type=draukthehobgoblinking pos=176,89,30 hp=3615
living id=8966 type=ogre pos=11,43,30 hp=6224
living id=8967 type=zombie pos=56,76,30 hp=3506
living id=8968 type=gaskonetheghoul pos=107,158,30 hp=2152
living id=8969 type=sneakyghoul pos=96,54,30 hp=4399
living id=8970 type=humethealmightyogre pos=24,160,30 hp=6198
living id=8971 type=gaskonetheghoul pos=73,20,30 hp=1847
living id=8972 type=stonegolem pos=162,45,30 hp=6719
living id=8973 type=spiderqueen pos=4,126,30 hp=1550
living id=8974 type=lustyogre pos=103,34,30 hp=6124
living id=8975 type=berserkertroll pos=4,129,30 hp=3927
living id=8976 type=zombie pos=46,102,30 hp=3419
living id=8977 type=spiderqueen pos=111,11,30 hp=1443
living id=8978 type=stonetroll pos=104,176,30 hp=7065
living id=8980 type=snickerbladewizard pos=184,113,30 hp=3270
living id=8981 type=irongolem pos=117,76,30 hp=7919
living id=8982 type=nusepthegoblinking pos=85,169,30 hp=2164
living id=8983 type=nusepthegoblinking pos=178,36,30 hp=2513
living id=8984 type=stonegolem pos=104,158,30 hp=7239
living id=8985 type=weretiger pos=163,63,30 hp=6576
living id=8986 type=werewolf pos=114,157,30 hp=1513
living id=8987 type=wolfy pos=177,89,30 hp=2082
living id=8988 type=werewolf pos=47,34,30 hp=1530
living id=8989 type=draukthehobgoblinking pos=164,126,30 hp=2633
living id=8990 type=sikuthewolf pos=94,173,30 hp=2546
living id=8991 type=berserkertroll pos=87,162,30 hp=4152
living id=8992 type=ogre pos=56,26,30 hp=5710
living id=8993 type=gaskonetheghoul pos=88,77,30 hp=2073
living id=8994 type=wolfy pos=183,49,30 hp=1711
living id=8995 type=infectedzombie pos=149,19,30 hp=2608
living id=8996 type=draukthehobgoblinking pos=128,137,30 hp=3746
living id=8997 type=nusepthegoblinking pos=3,98,30 hp=2118
living id=8998 type=ogre pos=111,158,30 hp=5633
living id=8999 type=draukthehobgoblinking pos=71,150,30 hp=2791
living id=9000 type=humethealmightyogre pos=104,158,30 hp=6258
living id=9001 type=theburningpet pos=98,150,30 hp=9125
living id=9003 type=nexythesnickeredge pos=88,190,30 hp=2975
living id=9004 type=snickerbladewizard pos=143,156,30 hp=3311
living id=9005 type=nexythesnickeredge pos=83,193,30 hp=2178
living id=9006 type=nusepthegoblinking pos=167,106,30 hp=1885
living id=9007 type=cavetroll pos=24,161,30 hp=2843
living id=9008 type=sikuthewolf pos=87,56,30 hp=3589
living id=9009 type=theburningpet pos=49,23,30 hp=8158
living id=9011 type=stonegolem pos=181,177,30 hp=7025
living id=9012 type=werewolf pos=121,163,30 hp=1559
living id=9013 type=toponovichthezombie pos=6,171,30 hp=3775
living id=9014 type=nexythesnickeredge pos=105,162,30 hp=2358
living id=9015 type=irongolem pos=142,188,30 hp=7907
living id=9016 type=irongolem pos=17,71,30 hp=8514
living id=9017 type=irongolem pos=196,39,30 hp=7609
living id=9018 type=sneakyghoul pos=80,50,30 hp=4360
living id=9019 type=sneakyghoul pos=100,46,30 hp=4392
living id=9020 type=sneakyghoul pos=126,143,30 hp=4476
living id=9021 type=sneakyghoul pos=197,23,30 hp=4330
living id=9022 type=sneakyghoul pos=84,77,30 hp=4486
living id=9023 type=sneakyghoul pos=105,27,30 hp=4391
living id=9024 type=sneakyghoul pos=97,157,30 hp=4491
living id=9025 type=sneakyghoul pos=130,190,30 hp=4495
living id=9026 type=sneakyghoul pos=74,108,30 hp=4523
living id=9027 type=sneakyghoul pos=13,25,30 hp=4517
living id=9028 type=sneakyghoul pos=159,155,30 hp=4346
living id=9029 type=sneakyghoul pos=169,89,30 hp=4458
living id=9030 type=sneakyghoul pos=53,105,30 hp=4257
living id=9031 type=sneakyghoul pos=55,24,30 hp=4283
living id=9032 type=sneakyghoul pos=50,102,30 hp=4519
living id=9033 type=sneakyghoul pos=69,170,30 hp=4493
living id=9034 type=sneakyghoul pos=96,178,30 hp=4484
living id=9035 type=sneakyghoul pos=70,132,30 hp=4357
living id=9036 type=sneakyghoul pos=118,53,30 hp=4521
living id=9037 type=sneakyghoul pos=159,90,30 hp=4347
living id=9038 type=sneakyghoul pos=19,161,30 hp=4337
living id=9039 type=sneakyghoul pos=179,38,30 hp=4288
living id=9040 type=sneakyghoul pos=29,166,30 hp=4394
living id=9041 type=sneakyghoul pos=115,4,30 hp=4375
living id=9042 type=sneakyghoul pos=107,22,30 hp=4480
living id=9043 type=sneakyghoul pos=5,102,30 hp=4371
living id=9044 type=sneakyghoul pos=75,43,30 hp=4433
living id=9045 type=sneakyghoul pos=59,32,30 hp=4414
living id=9046 type=sneakyghoul pos=119,77,30 hp=4526
living id=9047 type=sneakyghoul pos=187,170,30 hp=4462
living id=9048 type=sneakyghoul pos=29,118,30 hp=4435
living id=9049 type=sneakyghoul pos=66,162,30 hp=4356
living id=9050 type=sneakyghoul pos=146,193,30 hp=4403
living id=9051 type=sneakyghoul pos=74,31,30 hp=4457
living id=9052 type=sneakyghoul pos=34,21,30 hp=4379
living id=9053 type=sneakyghoul pos=79,24,30 hp=4500
living id=9054 type=sneakyghoul pos=88,58,30 hp=4357
living id=9055 type=sneakyghoul pos=139,78,30 hp=4383
living id=9056 type=sneakyghoul pos=67,194,30 hp=4387
living id=9057 type=sneakyghoul pos=20,164,30 hp=4432
living id=9058 type=sneakyghoul pos=20,144,30 hp=4500
living id=9059 type=sneakyghoul pos=88,82,30 hp=4313
living id=9060 type=sneakyghoul pos=24,95,30 hp=4484
living id=9061 type=sneakyghoul pos=178,114,30 hp=4256
living id=9062 type=sneakyghoul pos=116,71,30 hp=4544
living id=9063 type=sneakyghoul pos=152,132,30 hp=4455
living id=9064 type=sneakyghoul pos=55,157,30 hp=4388
living id=9065 type=sneakyghoul pos=68,128,30 hp=4469
living id=9066 type=sneakyghoul pos=107,3,30 hp=4301
living id=9067 type=sneakyghoul pos=118,8,30 hp=4392
living id=9068 type=sneakyghoul pos=97,47,30 hp=4317
living id=9069 type=sneakyghoul pos=118,66,30 hp=4318
living id=9070 type=sneakyghoul pos=179,103,30 hp=4332
living id=9071 type=sneakyghoul pos=177,93,30 hp=4346
living id=9072 type=sneakyghoul pos=156,157,30 hp=4339
living id=9073 type=sneakyghoul pos=9,52,30 hp=4549
living id=9074 type=sneakyghoul pos=73,75,30 hp=4494
living id=9075 type=sneakyghoul pos=127,188,30 hp=4542
living id=9076 type=sneakyghoul pos=91,63,30 hp=4269
living id=9077 type=sneakyghoul pos=146,47,30 hp=4346
living id=9078 type=sneakyghoul pos=153,134,30 hp=4303
living id=9079 type=sneakyghoul pos=144,190,30 hp=4269
living id=9080 type=sneakyghoul pos=85,28,30 hp=4431
living id=9081 type=sneakyghoul pos=185,177,30 hp=4533
living id=9082 type=sneakyghoul pos=37,136,30 hp=4335
living id=9083 type=sneakyghoul pos=137,78,30 hp=4385
living id=9084 type=sneakyghoul pos=40,117,30 hp=4405
living id=9085 type=sneakyghoul pos=58,104,30 hp=4392
living id=9086 type=sneakyghoul pos=7,73,30 hp=4466
living id=9087 type=sneakyghoul pos=50,84,30 hp=4386
living id=9088 type=sneakyghoul pos=109,161,30 hp=4439
living id=9089 type=sneakyghoul pos=102,80,30 hp=4429
living id=9090 type=sneakyghoul pos=178,51,30 hp=4460
living id=9091 type=sneakyghoul pos=126,150,30 hp=4530
living id=9092 type=sneakyghoul pos=11,80,30 hp=4453
living id=9093 type=sneakyghoul pos=142,60,30 hp=4320
living id=9094 type=sneakyghoul pos=164,90,30 hp=4421
living id=9095 type=sneakyghoul pos=152,9,30 hp=4488
living id=9096 type=sneakyghoul pos=75,27,30 hp=4413
living id=9097 type=sneakyghoul pos=105,77,30 hp=4318
living id=9098 type=sneakyghoul pos=3,95,30 hp=4529
living id=9099 type=sneakyghoul pos=103,46,30 hp=4549
living id=9100 type=sneakyghoul pos=183,49,30 hp=4331
living id=9101 type=sneakyghoul pos=3,98,30 hp=4427
living id=9102 type=sneakyghoul pos=82,118,30 hp=4275
living id=9103 type=sneakyghoul pos=176,174,30 hp=4354
living id=9104 type=sneakyghoul pos=76,137,30 hp=4343
living id=9105 type=sneakyghoul pos=85,182,30 hp=4396
living id=9106 type=sneakyghoul pos=27,134,30 hp=4391
living id=9107 type=sneakyghoul pos=58,82,30 hp=4375
living id=9108 type=sneakyghoul pos=121,139,30 hp=4375
living id=9109 type=sneakyghoul pos=155,90,30 hp=4507
living id=9110 type=sneakyghoul pos=188,19,30 hp=4500
living id=9111 type=sneakyghoul pos=73,167,30 hp=4437
living id=9112 type=sneakyghoul pos=122,17,30 hp=4268
living id=9113 type=sneakyghoul pos=123,31,30 hp=4421
living id=9114 type=sneakyghoul pos=108,48,30 hp=4280
living id=9115 type=sneakyghoul pos=110,10,30 hp=4432
living id=9116 type=sneakyghoul pos=156,93,30 hp=4520
living id=9117 type=sneakyghoul pos=110,7,30 hp=4273
living id=9118 type=sneakyghoul pos=110,31,30 hp=4371
living id=9119 type=ogre pos=6,133,30 hp=4786
living id=9120 type=ogre pos=19,73,30 hp=5453
living id=9121 type=ogre pos=96,76,30 hp=6101
living id=9122 type=ogre pos=145,139,30 hp=5738
living id=9123 type=ogre pos=49,159,30 hp=5467
living id=9124 type=ogre pos=90,121,30 hp=5478
living id=9125 type=ogre pos=49,81,30 hp=5639
living id=9126 type=ogre pos=56,43,30 hp=4772
living id=9127 type=ogre pos=88,77,30 hp=4855
living id=9128 type=ogre pos=161,73,30 hp=4920
living id=9129 type=ogre pos=157,32,30 hp=5480
living id=9130 type=ogre pos=39,134,30 hp=5934
living id=9131 type=ogre pos=6,146,30 hp=5517
living id=9132 type=ogre pos=99,177,30 hp=6021
living id=9133 type=ogre pos=155,155,30 hp=5210
living id=9134 type=ogre pos=17,143,30 hp=5351
living id=9135 type=ogre pos=145,76,30 hp=5239
living id=9136 type=ogre pos=97,191,30 hp=5508
living id=9137 type=ogre pos=14,173,30 hp=5921
living id=9138 type=ogre pos=180,188,30 hp=6208
living id=9139 type=ogre pos=179,175,30 hp=5014
living id=9140 type=ogre pos=23,99,30 hp=5209
living id=9141 type=ogre pos=27,78,30 hp=6159
living id=9142 type=ogre pos=185,171,30 hp=5554
living id=9143 type=ogre pos=76,115,30 hp=4748
living id=9144 type=ogre pos=55,53,30 hp=5370
living id=9145 type=ogre pos=136,44,30 hp=5815
living id=9146 type=ogre pos=90,121,30 hp=6253
living id=9147 type=ogre pos=118,188,30 hp=5366
living id=9148 type=lustyogre pos=119,72,30 hp=5786
living id=9149 type=lustyogre pos=168,37,30 hp=5765
living id=9150 type=lustyogre pos=5,147,30 hp=6131
living id=9151 type=lustyogre pos=128,190,30 hp=5169
living id=9152 type=lustyogre pos=179,111,30 hp=6451
living id=9153 type=lustyogre pos=85,73,30 hp=6295
living id=9154 type=lustyogre pos=180,87,30 hp=5752
living id=9155 type=lustyogre pos=55,21,30 hp=5265
living id=9156 type=lustyogre pos=32,165,30 hp=5792
living id=9157 type=lustyogre pos=144,160,30 hp=6038
living id=9158 type=lustyogre pos=131,169,30 hp=6595
living id=9159 type=lustyogre pos=157,20,30 hp=5428
living id=9160 type=lustyogre pos=68,54,30 hp=6152
living id=9161 type=lustyogre pos=183,53,30 hp=6201
living id=9162 type=lustyogre pos=35,80,30 hp=6216
living id=9163 type=toponovichthezombie pos=162,73,30 hp=4114
living id=9164 type=toponovichthezombie pos=74,110,30 hp=4415
living id=9165 type=toponovichthezombie pos=100,46,30 hp=3763
living id=9166 type=toponovichthezombie pos=50,20,30 hp=3866
living id=9167 type=gaskonetheghoul pos=102,185,30 hp=2190
living id=9168 type=gaskonetheghoul pos=168,104,30 hp=1751
living id=9169 type=nexythesnickeredge pos=160,47,30 hp=2791
living id=9170 type=theburningpet pos=47,141,30 hp=7996
[TownsCLI] OK village setup queued at 89 133 11; accepted=31; orchard=30 tiles; storage=prepfood(apple:20 pear:20 bread:10),rawfood(wheat:10 flour:10)
[TownsCLI] OK origin=89 133 11 items=apple:9,pear:20,wheat:3,flour:0,bread:0,rmstone:1,rmwood:0,carpentrybench:0,wooddetailer:0,masonbench:0,mill:0,bakertable:0,bakeroven:0 storage=prepfood(apple:0/20 pear:0/20 bread:0) rawfood(wheat:1/10 flour:0/10) minimums=apple:20+20 pear:20+20 wheat:10+10 flour:10 bread:10; use 'setup village' again after ticks to advance stone and dependency stages
[TownsCLI] OK date=1/1/1 citizens=11 livings=7362 items=1818 coins=70 view=47,143,11 floors=14 speed=3 paused=false ticks=0
[TownsCLI] OK origin=89 133 11 items=apple:31,pear:39,wheat:3,flour:0,bread:0,rmstone:1,rmwood:0,carpentrybench:0,wooddetailer:0,masonbench:0,mill:0,bakertable:0,bakeroven:0 storage=prepfood(apple:0/20 pear:0/20 bread:0) rawfood(wheat:1/10 flour:0/10) minimums=apple:20+20 pear:20+20 wheat:10+10 flour:10 bread:10; use 'setup village' again after ticks to advance stone and dependency stages
[TownsCLI] OK date=1/1/1 citizens=10 livings=7361 items=1860 coins=70 view=86,134,11 floors=14 speed=3 paused=false ticks=0
