[TownsCLI] OK date=1/1/1 citizens=11 livings=7177 items=969 coins=59 view=59,120,11 floors=13 speed=3 paused=false ticks=0
[TownsCLI] OK living id=8448 type=browniehunter pos=33,23,11 hp=685
living id=8449 type=browniehunter pos=28,25,11 hp=608
living id=8450 type=browniehunter pos=37,15,11 hp=698
living id=8451 type=browniehunter pos=36,19,11 hp=761
living id=8452 type=browniehunter pos=29,25,11 hp=736
living id=8453 type=browniehunter pos=113,4,11 hp=596
living id=8454 type=browniehunter pos=32,12,11 hp=661
living id=8455 type=browniewarrior pos=33,15,11 hp=1171
living id=8456 type=browniewarrior pos=32,21,11 hp=1474
living id=8457 type=browniewarrior pos=36,19,11 hp=1271
living id=8458 type=browniewarrior pos=116,9,11 hp=1286
living id=8459 type=browniewarrior pos=36,16,11 hp=1388
living id=8460 type=browniewarrior pos=34,20,11 hp=1386
living id=8461 type=browniewarrior pos=34,21,11 hp=1485
living id=8322 type=wildskootenbeeten pos=170,33,8 hp=166
living id=8323 type=wildskootenbeeten pos=10,50,11 hp=138
living id=8324 type=wildskootenbeeten pos=12,37,11 hp=171
living id=8325 type=wildskootenbeeten pos=185,139,11 hp=165
living id=8326 type=wildskootenbeeten pos=62,2,8 hp=160
living id=8327 type=wildskootenbeeten pos=101,37,11 hp=151
living id=8328 type=wildskootenbeeten pos=76,84,10 hp=172
living id=8329 type=wildskootenbeeten pos=48,130,11 hp=149
living id=8330 type=wildskootenbeeten pos=112,161,8 hp=163
living id=8331 type=wildskootenbeeten pos=22,68,11 hp=166
living id=8332 type=wildskootenbeeten pos=17,144,11 hp=144
living id=8333 type=wildskootenbeeten pos=38,6,11 hp=143
living id=8334 type=wildskootenbeeten pos=157,62,11 hp=140
living id=8335 type=wildskootenbeeten pos=49,140,11 hp=143
living id=8336 type=wildskootenbeeten pos=15,89,11 hp=138
living id=8337 type=froggy pos=107,26,11 hp=1207
living id=8338 type=froggy pos=114,31,11 hp=1355
living id=8339 type=froggy pos=35,158,11 hp=1126
living id=8340 type=froggy pos=168,145,11 hp=1103
living id=8341 type=froggy pos=5,79,11 hp=1027
living id=8342 type=froggy pos=104,184,11 hp=1034
living id=8343 type=froggy pos=132,141,11 hp=1275
living id=8344 type=froggy pos=113,113,9 hp=1114
living id=8345 type=froggy pos=38,94,11 hp=1328
living id=8346 type=froggy pos=163,46,11 hp=1151
living id=8347 type=froggy pos=27,179,11 hp=1086
living id=8348 type=froggy pos=41,108,7 hp=1073
living id=8349 type=froggy pos=157,182,8 hp=1336
living id=8350 type=froggy pos=31,31,11 hp=1298
living id=8351 type=froggy pos=106,19,11 hp=1339
living id=8352 type=froggy pos=124,8,11 hp=1175
living id=8353 type=froggy pos=41,156,11 hp=1193
living id=8354 type=froggy pos=198,189,11 hp=1367
living id=8355 type=froggy pos=43,22,11 hp=1360
living id=8356 type=froggy pos=153,65,11 hp=1289
living id=8357 type=froggy pos=100,188,11 hp=1282
living id=8358 type=froggy pos=60,146,11 hp=1359
living id=8359 type=froggy pos=84,98,10 hp=1061
living id=8360 type=froggy pos=188,29,11 hp=1129
living id=8361 type=froggy pos=31,22,11 hp=1287
living id=8362 type=froggy pos=177,171,11 hp=1029
living id=8363 type=froggy pos=10,149,11 hp=1030
living id=8364 type=froggy pos=104,88,6 hp=1196
living id=8365 type=froggy pos=190,194,11 hp=1119
living id=8366 type=froggy pos=155,127,9 hp=1031
living id=8367 type=froggy pos=44,153,11 hp=1241
living id=8368 type=froggy pos=65,36,11 hp=1263
living id=8369 type=froggy pos=152,142,11 hp=1247
living id=8370 type=froggy pos=144,90,11 hp=1208
living id=8371 type=froggy pos=150,170,11 hp=1191
living id=8372 type=froggy pos=94,102,11 hp=1140
living id=8373 type=froggy pos=199,88,11 hp=1203
living id=8374 type=froggy pos=17,7,11 hp=1200
living id=8375 type=froggy pos=87,185,11 hp=1177
living id=8376 type=froggy pos=62,18,9 hp=1137
living id=8377 type=froggy pos=117,131,11 hp=1338
living id=8378 type=froggy pos=65,21,10 hp=1314
living id=8379 type=froggy pos=132,14,11 hp=1052
living id=8380 type=froggy pos=167,197,11 hp=1296
living id=8381 type=froggy pos=179,15,11 hp=1271
living id=8382 type=froggy pos=25,88,10 hp=1202
living id=8383 type=froggy pos=118,174,11 hp=1032
living id=8384 type=froggy pos=140,121,11 hp=1232
living id=8385 type=froggy pos=35,169,11 hp=1174
living id=8386 type=froggy pos=195,174,11 hp=1335
living id=8387 type=froggy pos=5,103,11 hp=1107
living id=8388 type=froggy pos=180,98,5 hp=1104
living id=8389 type=froggy pos=90,121,11 hp=1207
living id=8390 type=froggy pos=171,119,9 hp=1254
living id=8391 type=froggy pos=193,76,11 hp=1229
living id=8392 type=froggy pos=146,85,11 hp=1215
living id=8393 type=froggy pos=79,172,11 hp=1256
living id=970 type=citizenfemale5 pos=59,120,11 hp=2036 task=none
living id=8394 type=froggy pos=182,54,11 hp=1341
living id=971 type=citizenfemale3 pos=59,120,11 hp=2087 task=none
living id=8395 type=froggy pos=120,11,11 hp=1139
living id=972 type=citizenmale6 pos=59,120,11 hp=1784 task=none
living id=8396 type=froggy pos=173,24,10 hp=1108
living id=973 type=citizenfemale4 pos=59,120,11 hp=1766 task=none
living id=8397 type=froggy pos=107,44,11 hp=1240
living id=974 type=citizenfemale3 pos=59,120,11 hp=1939 task=none
living id=8398 type=froggy pos=188,164,11 hp=1133
living id=8399 type=froggy pos=6,56,11 hp=1158
living id=975 type=citizenmale3 pos=59,120,11 hp=2038 task=none
living id=976 type=citizenmale3 pos=59,120,11 hp=1903 task=none
living id=8400 type=froggy pos=148,129,11 hp=1259
living id=8401 type=froggy pos=39,8,11 hp=1256
living id=977 type=citizenmale3 pos=59,120,11 hp=1766 task=none
living id=978 type=citizenfemale5 pos=59,120,11 hp=1776 task=none
living id=8402 type=froggy pos=118,145,10 hp=1171
living id=979 type=citizenmale2 pos=59,120,11 hp=1870 task=none
living id=8403 type=froggy pos=72,96,11 hp=1276
living id=980 type=citizenmale3 pos=59,120,11 hp=2003 task=none
living id=8404 type=froggy pos=94,111,11 hp=1085
living id=8405 type=froggy pos=10,174,11 hp=1338
living id=8406 type=froggy pos=171,39,11 hp=1155
living id=8407 type=froggy pos=157,18,10 hp=1350
living id=8408 type=froggy pos=142,41,11 hp=1023
living id=8409 type=froggy pos=38,3,11 hp=1369
living id=8410 type=froggy pos=133,164,11 hp=1096
living id=8411 type=froggy pos=10,56,11 hp=1280
living id=8412 type=froggy pos=132,154,11 hp=1123
living id=8413 type=froggy pos=150,28,9 hp=1263
living id=8414 type=froggy pos=19,117,11 hp=1127
living id=8415 type=froggy pos=57,4,6 hp=1324
living id=8416 type=froggy pos=98,45,11 hp=1080
living id=8417 type=toady pos=177,37,11 hp=1648
living id=8418 type=toady pos=156,197,9 hp=1783
living id=8419 type=toady pos=133,178,10 hp=1613
living id=8420 type=campfroggy pos=158,87,11 hp=1169
living id=8421 type=campfroggy pos=185,85,10 hp=1298
living id=8422 type=campfroggy pos=174,65,11 hp=1139
living id=8423 type=campfroggy pos=177,87,10 hp=1046
living id=8424 type=campfroggy pos=160,87,11 hp=1088
living id=8425 type=campfroggy pos=174,94,10 hp=1054
living id=8426 type=campfroggy pos=176,88,11 hp=1326
living id=8427 type=campfroggy pos=173,64,11 hp=1087
living id=8428 type=campfroggy pos=177,88,10 hp=1370
living id=8429 type=campfroggy pos=179,86,10 hp=1339
living id=8430 type=campfroggy pos=187,84,11 hp=1279
living id=8431 type=campfroggy pos=159,87,11 hp=1150
living id=8432 type=campfroggy pos=173,63,11 hp=1052
living id=8433 type=campfroggy pos=175,65,11 hp=1329
living id=8434 type=campfroggy pos=164,93,11 hp=1181
living id=8435 type=campfroggy pos=174,94,10 hp=1039
living id=8436 type=campfroggy pos=174,63,11 hp=1334
living id=8437 type=camptoady pos=173,63,11 hp=1448
living id=8438 type=camptoady pos=162,90,11 hp=1494
living id=8439 type=browniechief pos=31,26,11 hp=1419
living id=8440 type=browniechief pos=35,19,11 hp=1354
living id=8441 type=browniechief pos=112,0,11 hp=1107
living id=8442 type=browniebat pos=117,5,11 hp=1395
living id=8443 type=browniebat pos=118,5,11 hp=1217
living id=8444 type=browniehunter pos=33,22,11 hp=670
living id=8445 type=browniehunter pos=36,22,11 hp=661
living id=8446 type=browniehunter pos=122,3,11 hp=622
living id=8447 type=browniehunter pos=119,4,11 hp=761
living id=981 type=spider pos=98,25,14 hp=615
living id=982 type=greenslime pos=128,19,14 hp=671
living id=983 type=spider pos=163,75,14 hp=662
living id=984 type=spider pos=181,122,14 hp=697
living id=985 type=spider pos=141,97,14 hp=751
living id=986 type=greenslime pos=196,61,14 hp=731
living id=987 type=spider pos=135,68,14 hp=605
living id=988 type=greenslime pos=15,179,14 hp=666
living id=989 type=spider pos=165,120,14 hp=629
living id=990 type=greenslime pos=17,174,14 hp=706
living id=991 type=spider pos=12,142,14 hp=684
living id=992 type=spider pos=49,193,14 hp=720
living id=993 type=greenslime pos=166,76,14 hp=801
living id=994 type=greenslime pos=78,8,14 hp=687
living id=995 type=spider pos=187,163,14 hp=821
living id=996 type=spider pos=71,192,14 hp=776
living id=997 type=greenslime pos=103,31,14 hp=658
living id=998 type=spider pos=147,125,14 hp=747
living id=999 type=greenslime pos=2,143,14 hp=672
living id=1000 type=greenslime pos=116,192,14 hp=699
living id=1001 type=greenslime pos=96,73,14 hp=783
living id=1002 type=greenslime pos=96,6,14 hp=635
living id=1003 type=greenslime pos=152,22,14 hp=801
living id=1004 type=spider pos=83,169,14 hp=733
living id=1005 type=greenslime pos=139,6,14 hp=606
living id=1006 type=spider pos=6,68,14 hp=622
living id=1007 type=greenslime pos=91,47,14 hp=771
living id=1008 type=spider pos=76,140,14 hp=601
living id=1009 type=spider pos=166,75,14 hp=628
living id=1010 type=spider pos=54,78,14 hp=702
living id=1011 type=greenslime pos=55,124,14 hp=640
living id=1012 type=spider pos=27,151,14 hp=598
living id=1013 type=greenslime pos=167,88,14 hp=783
living id=1014 type=greenslime pos=5,98,14 hp=641
living id=1015 type=spider pos=152,39,14 hp=734
living id=1016 type=greenslime pos=181,152,14 hp=687
living id=1017 type=spider pos=193,63,14 hp=820
living id=1018 type=greenslime pos=93,92,14 hp=615
living id=1019 type=spider pos=156,48,14 hp=677
living id=1020 type=greenslime pos=34,193,14 hp=654
living id=1021 type=spider pos=58,160,14 hp=671
living id=1022 type=spider pos=134,20,14 hp=811
living id=1023 type=greenslime pos=178,157,14 hp=599
living id=1024 type=spider pos=175,195,14 hp=816
living id=1025 type=spider pos=60,126,14 hp=710
living id=1026 type=spider pos=12,111,14 hp=644
living id=1027 type=spider pos=174,196,14 hp=648
living id=1028 type=spider pos=194,85,14 hp=722
living id=1029 type=greenslime pos=158,46,14 hp=660
living id=1030 type=greenslime pos=189,8,14 hp=801
living id=1031 type=greenslime pos=72,146,14 hp=798
living id=1032 type=spider pos=74,6,14 hp=796
living id=1033 type=greenslime pos=170,59,14 hp=666
living id=1034 type=greenslime pos=80,160,14 hp=777
living id=1035 type=spider pos=133,44,14 hp=729
living id=1036 type=spider pos=135,140,14 hp=715
living id=1037 type=spider pos=178,62,14 hp=810
living id=1038 type=spider pos=103,80,14 hp=752
living id=1039 type=spider pos=181,140,14 hp=780
living id=1040 type=spider pos=118,3,14 hp=791
living id=1041 type=greenslime pos=42,147,14 hp=666
living id=1042 type=spider pos=171,79,14 hp=752
living id=1043 type=greenslime pos=189,90,14 hp=611
living id=1044 type=greenslime pos=178,70,14 hp=804
living id=1045 type=greenslime pos=109,32,14 hp=734
living id=1046 type=spider pos=43,24,14 hp=636
living id=1047 type=spider pos=17,128,14 hp=747
living id=1048 type=greenslime pos=19,53,14 hp=778
living id=1049 type=spider pos=86,166,14 hp=601
living id=1050 type=greenslime pos=1,164,14 hp=662
living id=1051 type=greenslime pos=167,146,14 hp=763
living id=1052 type=greenslime pos=174,51,14 hp=600
living id=1053 type=greenslime pos=168,98,14 hp=609
living id=1054 type=spider pos=65,138,14 hp=700
living id=1055 type=greenslime pos=13,1,14 hp=803
living id=1056 type=greenslime pos=80,183,14 hp=611
living id=1057 type=spider pos=107,40,14 hp=624
living id=1058 type=greenslime pos=72,191,14 hp=709
living id=1059 type=greenslime pos=60,22,14 hp=608
living id=1060 type=spider pos=192,57,14 hp=744
living id=1061 type=spider pos=98,186,14 hp=773
living id=1062 type=spider pos=184,191,14 hp=755
living id=1063 type=spider pos=122,8,14 hp=760
living id=1064 type=greenslime pos=47,121,14 hp=686
living id=1065 type=spider pos=73,99,14 hp=640
living id=1066 type=greenslime pos=112,118,14 hp=712
living id=1067 type=greenslime pos=41,66,14 hp=610
living id=1068 type=spider pos=154,160,14 hp=738
living id=1069 type=greenslime pos=110,144,14 hp=618
living id=1070 type=spider pos=50,9,14 hp=771
living id=1071 type=greenslime pos=182,144,14 hp=733
living id=1072 type=spider pos=189,38,14 hp=603
living id=1073 type=spider pos=18,28,14 hp=819
living id=1074 type=spider pos=142,125,14 hp=653
living id=1075 type=greenslime pos=192,53,14 hp=798
living id=1076 type=greenslime pos=7,1,14 hp=726
living id=1077 type=greenslime pos=129,167,14 hp=686
living id=1078 type=greenslime pos=48,40,14 hp=753
living id=1079 type=greenslime pos=60,139,14 hp=600
living id=1080 type=spider pos=183,7,14 hp=747
living id=1081 type=greenslime pos=162,7,14 hp=681
living id=1082 type=spider pos=106,22,14 hp=602
living id=1083 type=spider pos=125,109,14 hp=737
living id=1084 type=greenslime pos=175,54,14 hp=675
living id=1085 type=greenslime pos=9,192,14 hp=632
living id=1086 type=greenslime pos=155,43,14 hp=652
living id=1087 type=spider pos=183,7,14 hp=761
living id=1088 type=spider pos=69,100,14 hp=693
living id=1089 type=greenslime pos=41,124,14 hp=716
living id=1090 type=greenslime pos=149,138,14 hp=768
living id=1091 type=greenslime pos=9,93,14 hp=764
living id=1092 type=greenslime pos=85,144,14 hp=739
living id=1093 type=greenslime pos=105,114,14 hp=726
living id=1094 type=greenslime pos=16,52,14 hp=731
living id=1095 type=greenslime pos=38,101,14 hp=721
living id=1096 type=greenslime pos=79,5,14 hp=673
living id=1097 type=greenslime pos=196,105,14 hp=804
living id=1098 type=greenslime pos=85,163,14 hp=662
living id=1099 type=greenslime pos=122,25,14 hp=697
living id=1100 type=greenslime pos=74,84,14 hp=685
living id=1101 type=spider pos=120,77,14 hp=605
living id=1102 type=spider pos=41,113,14 hp=803
living id=1103 type=spider pos=55,122,14 hp=636
living id=1104 type=spider pos=94,197,14 hp=627
living id=1105 type=spider pos=45,142,14 hp=737
living id=1106 type=greenslime pos=97,102,14 hp=710
living id=1107 type=spider pos=59,183,14 hp=776
living id=1108 type=spider pos=182,156,14 hp=779
living id=1109 type=spider pos=120,66,14 hp=807
living id=1110 type=spider pos=68,84,14 hp=756
living id=1111 type=spider pos=183,63,14 hp=710
living id=1112 type=greenslime pos=124,138,14 hp=762
living id=1113 type=greenslime pos=165,122,14 hp=781
living id=1114 type=greenslime pos=31,148,14 hp=674
living id=1115 type=spider pos=84,170,14 hp=692
living id=1116 type=spider pos=132,53,14 hp=601
living id=1117 type=spider pos=94,183,14 hp=604
living id=1118 type=greenslime pos=40,135,14 hp=598
living id=1119 type=greenslime pos=64,144,14 hp=618
living id=1120 type=spider pos=128,107,14 hp=633
living id=1121 type=spider pos=52,188,14 hp=812
living id=1122 type=greenslime pos=133,42,14 hp=653
living id=1123 type=spider pos=57,44,14 hp=807
living id=1124 type=spider pos=187,140,14 hp=721
living id=1125 type=greenslime pos=164,172,14 hp=749
living id=1126 type=greenslime pos=40,187,14 hp=668
living id=1127 type=spider pos=175,48,14 hp=739
living id=1128 type=greenslime pos=113,158,14 hp=770
living id=1129 type=greenslime pos=32,125,14 hp=607
living id=1130 type=greenslime pos=135,120,14 hp=750
living id=1131 type=spider pos=148,81,14 hp=813
living id=1132 type=spider pos=102,100,14 hp=622
living id=1133 type=spider pos=174,31,14 hp=757
living id=1134 type=spider pos=6,127,14 hp=707
living id=1135 type=spider pos=144,83,14 hp=736
living id=1136 type=spider pos=185,46,14 hp=734
living id=1137 type=spider pos=69,189,14 hp=604
living id=1138 type=spider pos=70,146,14 hp=777
living id=1139 type=spider pos=26,191,14 hp=811
living id=1140 type=spider pos=101,101,14 hp=713
living id=1141 type=spider pos=185,115,14 hp=639
living id=1142 type=spider pos=88,103,14 hp=661
living id=1143 type=spider pos=80,33,14 hp=673
living id=1144 type=spider pos=25,170,14 hp=741
living id=1145 type=spider pos=104,186,14 hp=692
living id=1146 type=greenslime pos=69,42,14 hp=639
living id=1147 type=spider pos=53,134,14 hp=687
living id=1148 type=greenslime pos=10,40,14 hp=796
living id=1149 type=spider pos=150,80,14 hp=675
living id=1150 type=spider pos=174,35,14 hp=760
living id=1151 type=greenslime pos=157,120,14 hp=665
living id=1152 type=spider pos=71,56,14 hp=766
living id=1153 type=spider pos=187,152,14 hp=628
living id=1154 type=spider pos=107,146,14 hp=714
living id=1155 type=greenslime pos=32,135,14 hp=726
living id=1156 type=spider pos=107,90,14 hp=804
living id=1157 type=greenslime pos=67,144,14 hp=624
living id=1158 type=greenslime pos=143,87,14 hp=657
living id=1159 type=spider pos=48,122,14 hp=787
living id=1160 type=spider pos=67,136,14 hp=666
living id=1161 type=spider pos=157,109,14 hp=801
living id=1162 type=greenslime pos=113,7,14 hp=724
living id=1163 type=spider pos=106,18,14 hp=780
living id=1164 type=spider pos=177,6,14 hp=607
living id=1165 type=greenslime pos=189,55,14 hp=624
living id=1166 type=spider pos=90,95,14 hp=814
living id=1167 type=spider pos=135,68,14 hp=792
living id=1168 type=spider pos=49,56,14 hp=725
living id=1169 type=greenslime pos=69,183,14 hp=773
living id=1170 type=greenslime pos=75,72,14 hp=596
living id=1171 type=greenslime pos=86,184,14 hp=697
living id=1172 type=greenslime pos=97,196,14 hp=601
living id=1173 type=greenslime pos=161,56,14 hp=804
living id=1174 type=greenslime pos=111,52,14 hp=602
living id=1175 type=greenslime pos=127,14,14 hp=653
living id=1176 type=greenslime pos=142,7,14 hp=764
living id=1177 type=greenslime pos=45,176,14 hp=679
living id=1178 type=spider pos=89,158,14 hp=614
living id=1179 type=spider pos=50,80,14 hp=620
living id=1180 type=greenslime pos=8,102,14 hp=788
living id=1181 type=spider pos=152,47,14 hp=684
living id=1182 type=greenslime pos=93,27,14 hp=653
living id=1183 type=greenslime pos=173,97,14 hp=623
living id=1184 type=greenslime pos=106,91,14 hp=761
living id=1185 type=greenslime pos=128,141,14 hp=662
living id=1186 type=greenslime pos=54,122,14 hp=654
living id=1187 type=spider pos=123,62,14 hp=815
living id=1188 type=greenslime pos=90,116,14 hp=754
living id=1189 type=greenslime pos=84,100,14 hp=731
living id=1190 type=spider pos=191,13,14 hp=721
living id=1191 type=greenslime pos=23,120,14 hp=795
living id=1192 type=spider pos=147,4,14 hp=815
living id=1193 type=greenslime pos=154,160,14 hp=609
living id=1194 type=spider pos=122,75,14 hp=695
living id=1195 type=spider pos=127,171,14 hp=627
living id=1196 type=greenslime pos=106,33,14 hp=775
living id=1197 type=spider pos=18,92,14 hp=744
living id=1198 type=spider pos=104,193,14 hp=729
living id=1199 type=greenslime pos=30,135,14 hp=613
living id=1200 type=spider pos=38,134,14 hp=766
living id=1201 type=spider pos=55,70,14 hp=792
living id=1202 type=greenslime pos=3,52,14 hp=774
living id=1203 type=spider pos=36,121,14 hp=797
living id=1204 type=spider pos=187,138,14 hp=728
living id=1205 type=greenslime pos=186,55,14 hp=701
living id=1206 type=spider pos=160,69,14 hp=725
living id=1207 type=greenslime pos=72,93,14 hp=634
living id=1208 type=greenslime pos=145,89,14 hp=629
living id=1209 type=greenslime pos=57,175,14 hp=798
living id=1210 type=spider pos=140,108,14 hp=631
living id=1211 type=greenslime pos=142,134,14 hp=757
living id=1212 type=spider pos=117,22,14 hp=805
living id=1213 type=greenslime pos=138,12,14 hp=804
living id=1214 type=spider pos=97,18,14 hp=810
living id=1215 type=spider pos=85,66,14 hp=714
living id=1216 type=spider pos=138,112,14 hp=617
living id=1217 type=spider pos=14,73,14 hp=694
living id=1218 type=spider pos=23,88,14 hp=603
living id=1219 type=spider pos=84,173,14 hp=598
living id=1220 type=spider pos=121,5,14 hp=816
living id=1221 type=greenslime pos=124,156,14 hp=774
living id=1222 type=greenslime pos=38,182,14 hp=689
living id=1223 type=greenslime pos=145,156,14 hp=653
living id=1224 type=spider pos=39,107,14 hp=606
living id=1225 type=spider pos=33,178,14 hp=773
living id=1226 type=spider pos=59,174,14 hp=757
living id=1227 type=greenslime pos=139,152,14 hp=762
living id=1228 type=spider pos=76,182,14 hp=635
living id=1229 type=greenslime pos=15,191,14 hp=608
living id=1230 type=greenslime pos=159,32,14 hp=796
living id=1231 type=greenslime pos=175,124,14 hp=672
living id=1232 type=greenslime pos=87,179,14 hp=721
living id=1233 type=spider pos=157,44,14 hp=623
living id=1234 type=greenslime pos=119,38,14 hp=636
living id=1235 type=greenslime pos=31,95,14 hp=767
living id=1236 type=spider pos=114,118,14 hp=786
living id=1237 type=spider pos=38,31,14 hp=665
living id=1238 type=greenslime pos=124,195,14 hp=614
living id=1239 type=spider pos=135,100,14 hp=601
living id=1240 type=greenslime pos=197,173,14 hp=703
living id=1241 type=greenslime pos=137,62,14 hp=604
living id=1242 type=greenslime pos=85,99,14 hp=761
living id=1243 type=spider pos=88,100,14 hp=711
living id=1244 type=greenslime pos=164,135,14 hp=609
living id=1245 type=greenslime pos=88,109,14 hp=660
living id=1246 type=greenslime pos=61,26,14 hp=688
living id=1247 type=greenslime pos=33,99,14 hp=614
living id=1248 type=greenslime pos=42,29,14 hp=615
living id=1249 type=greenslime pos=20,180,14 hp=703
living id=1250 type=spider pos=134,184,14 hp=674
living id=1251 type=greenslime pos=90,21,14 hp=624
living id=1252 type=spider pos=100,20,14 hp=696
living id=1253 type=spider pos=122,25,14 hp=646
living id=1254 type=spider pos=124,93,14 hp=754
living id=1255 type=spider pos=167,134,14 hp=678
living id=1256 type=spider pos=162,11,14 hp=659
living id=1257 type=spider pos=37,20,14 hp=651
living id=1258 type=spider pos=63,3,14 hp=683
living id=1259 type=greenslime pos=101,106,14 hp=698
living id=1260 type=greenslime pos=68,144,14 hp=710
living id=1261 type=spider pos=35,84,14 hp=719
living id=1262 type=greenslime pos=36,178,14 hp=663
living id=1263 type=spider pos=32,137,14 hp=605
living id=1264 type=greenslime pos=59,71,14 hp=722
living id=1265 type=greenslime pos=180,108,14 hp=758
living id=1266 type=greenslime pos=97,37,14 hp=766
living id=1267 type=greenslime pos=165,181,14 hp=618
living id=1268 type=greenslime pos=113,153,14 hp=747
living id=1269 type=greenslime pos=44,136,14 hp=644
living id=1270 type=spider pos=155,86,14 hp=761
living id=1271 type=spider pos=110,56,14 hp=816
living id=1272 type=greenslime pos=184,137,14 hp=709
living id=1273 type=greenslime pos=129,181,14 hp=744
living id=1274 type=spider pos=123,9,14 hp=771
living id=1275 type=greenslime pos=116,96,14 hp=791
living id=1276 type=greenslime pos=144,135,14 hp=774
living id=1277 type=greenslime pos=57,21,14 hp=721
living id=1278 type=greenslime pos=149,76,14 hp=754
living id=1279 type=greenslime pos=174,166,14 hp=612
living id=1280 type=spider pos=185,44,14 hp=619
living id=1281 type=spider pos=189,91,14 hp=750
living id=1282 type=spider pos=97,3,14 hp=749
living id=1283 type=greenslime pos=8,14,14 hp=707
living id=1284 type=greenslime pos=36,160,14 hp=644
living id=1285 type=greenslime pos=156,42,14 hp=756
living id=1286 type=spider pos=66,59,14 hp=791
living id=1287 type=spider pos=8,81,14 hp=781
living id=1288 type=greenslime pos=192,17,14 hp=613
living id=1289 type=spider pos=116,7,14 hp=660
living id=1290 type=spider pos=74,41,14 hp=673
living id=1291 type=spider pos=159,191,14 hp=691
living id=1292 type=spider pos=36,181,14 hp=611
living id=1293 type=spider pos=19,51,14 hp=745
living id=1294 type=greenslime pos=141,103,14 hp=670
living id=1295 type=greenslime pos=182,76,14 hp=629
living id=1296 type=greenslime pos=164,77,14 hp=607
living id=1297 type=greenslime pos=65,86,14 hp=786
living id=1298 type=greenslime pos=158,161,14 hp=729
living id=1299 type=greenslime pos=9,67,14 hp=645
living id=1300 type=greenslime pos=153,5,14 hp=660
living id=1301 type=greenslime pos=132,83,14 hp=786
living id=1302 type=greenslime pos=156,29,14 hp=769
living id=1303 type=spider pos=187,95,14 hp=818
living id=1304 type=spider pos=166,139,14 hp=733
living id=1305 type=greenslime pos=131,84,14 hp=685
living id=1306 type=spider pos=181,105,14 hp=733
living id=1307 type=spider pos=14,133,14 hp=607
living id=1308 type=spider pos=137,15,14 hp=780
living id=1309 type=spider pos=193,86,14 hp=707
living id=1310 type=greenslime pos=103,9,14 hp=769
living id=1311 type=spider pos=121,9,14 hp=668
living id=1312 type=greenslime pos=21,141,14 hp=675
living id=1313 type=spider pos=51,170,14 hp=764
living id=1314 type=spider pos=186,136,14 hp=697
living id=1315 type=spider pos=86,101,14 hp=820
living id=1316 type=greenslime pos=47,106,14 hp=723
living id=1317 type=greenslime pos=141,137,14 hp=706
living id=1318 type=greenslime pos=116,172,14 hp=694
living id=1319 type=spider pos=13,75,14 hp=608
living id=1320 type=spider pos=61,177,14 hp=817
living id=1321 type=greenslime pos=149,89,14 hp=785
living id=1322 type=spider pos=14,77,14 hp=815
living id=1323 type=greenslime pos=87,14,14 hp=760
living id=1324 type=spider pos=169,53,14 hp=703
living id=1325 type=spider pos=158,190,14 hp=698
living id=1326 type=spider pos=161,13,14 hp=616
living id=1327 type=spider pos=53,106,14 hp=687
living id=1328 type=spider pos=158,47,14 hp=723
living id=1329 type=greenslime pos=107,45,14 hp=704
living id=1330 type=spider pos=192,182,14 hp=717
living id=1331 type=greenslime pos=112,116,14 hp=661
living id=1332 type=spider pos=181,105,14 hp=768
living id=1333 type=greenslime pos=161,127,14 hp=673
living id=1334 type=greenslime pos=89,41,14 hp=789
living id=1335 type=greenslime pos=106,41,14 hp=654
living id=1336 type=spider pos=4,22,14 hp=804
living id=1337 type=spider pos=119,125,14 hp=694
living id=1338 type=greenslime pos=143,138,14 hp=705
living id=1339 type=spider pos=70,42,14 hp=665
living id=1340 type=spider pos=143,124,14 hp=648
living id=1341 type=greenslime pos=25,187,14 hp=755
living id=1342 type=greenslime pos=148,17,14 hp=664
living id=1343 type=spider pos=139,170,14 hp=645
living id=1344 type=spider pos=182,25,14 hp=625
living id=1345 type=spider pos=96,95,14 hp=670
living id=1346 type=greenslime pos=47,77,14 hp=683
living id=1347 type=spider pos=26,88,14 hp=679
living id=1348 type=greenslime pos=93,155,14 hp=763
living id=1349 type=spider pos=9,111,14 hp=622
living id=1350 type=spider pos=177,127,14 hp=620
living id=1351 type=greenslime pos=128,47,14 hp=741
living id=1352 type=spider pos=44,176,14 hp=762
living id=1353 type=spider pos=15,78,14 hp=656
living id=1354 type=spider pos=72,167,14 hp=631
living id=1355 type=greenslime pos=110,58,14 hp=708
living id=1356 type=spider pos=197,170,14 hp=782
living id=1357 type=spider pos=135,144,14 hp=683
living id=1358 type=spider pos=26,181,14 hp=681
living id=1359 type=spider pos=164,149,14 hp=787
living id=1360 type=spider pos=83,65,14 hp=638
living id=1361 type=spider pos=7,114,14 hp=633
living id=1362 type=greenslime pos=90,183,14 hp=624
living id=1363 type=spider pos=134,23,14 hp=650
living id=1364 type=greenslime pos=131,182,14 hp=785
living id=1365 type=greenslime pos=103,11,14 hp=646
living id=1366 type=greenslime pos=109,73,14 hp=738
living id=1367 type=spider pos=145,90,14 hp=742
living id=1368 type=spider pos=22,141,14 hp=719
living id=1369 type=spider pos=32,182,14 hp=789
living id=1370 type=spider pos=114,114,14 hp=753
living id=1371 type=spider pos=11,195,14 hp=688
living id=1372 type=greenslime pos=110,3,14 hp=652
living id=1373 type=spider pos=195,37,14 hp=608
living id=1374 type=greenslime pos=51,139,14 hp=644
living id=1375 type=spider pos=60,127,14 hp=774
living id=1376 type=spider pos=141,107,14 hp=721
living id=1377 type=spider pos=114,78,14 hp=775
living id=1378 type=greenslime pos=72,183,14 hp=772
living id=1379 type=greenslime pos=102,175,14 hp=609
living id=1380 type=spider pos=157,118,14 hp=611
living id=1381 type=spider pos=83,95,14 hp=626
living id=1382 type=greenslime pos=45,192,14 hp=776
living id=1383 type=spider pos=154,43,14 hp=709
living id=1384 type=greenslime pos=65,173,14 hp=628
living id=1385 type=greenslime pos=70,2,14 hp=793
living id=1386 type=greenslime pos=161,168,14 hp=720
living id=1387 type=spider pos=153,3,14 hp=789
living id=1388 type=greenslime pos=59,155,14 hp=686
living id=1389 type=spider pos=127,158,14 hp=624
living id=1390 type=greenslime pos=189,137,14 hp=709
living id=1391 type=spider pos=167,85,14 hp=778
living id=1392 type=greenslime pos=19,93,14 hp=658
living id=1393 type=spider pos=119,194,14 hp=796
living id=1394 type=greenslime pos=188,35,14 hp=790
living id=1395 type=greenslime pos=32,187,14 hp=717
living id=1396 type=greenslime pos=162,105,14 hp=732
living id=1397 type=spider pos=23,88,14 hp=754
living id=1398 type=greenslime pos=63,155,14 hp=780
living id=1399 type=greenslime pos=198,123,14 hp=747
living id=1400 type=spider pos=181,195,14 hp=641
living id=1401 type=spider pos=157,87,14 hp=778
living id=1402 type=spider pos=153,176,14 hp=708
living id=1403 type=greenslime pos=165,67,14 hp=778
living id=1404 type=greenslime pos=114,35,14 hp=672
living id=1405 type=spider pos=3,79,14 hp=717
living id=1406 type=spider pos=197,107,14 hp=733
living id=1407 type=greenslime pos=115,44,14 hp=649
living id=1408 type=spider pos=143,50,14 hp=771
living id=1409 type=spider pos=191,15,14 hp=809
living id=1410 type=greenslime pos=83,103,14 hp=785
living id=1411 type=spider pos=57,113,14 hp=786
living id=1412 type=spider pos=132,118,14 hp=767
living id=1413 type=greenslime pos=14,53,14 hp=803
living id=1414 type=greenslime pos=17,148,14 hp=738
living id=1415 type=spider pos=12,176,14 hp=727
living id=1416 type=spider pos=64,52,14 hp=706
living id=1417 type=greenslime pos=26,132,14 hp=769
living id=1418 type=greenslime pos=65,51,14 hp=652
living id=1419 type=spider pos=78,170,14 hp=755
living id=1420 type=spider pos=162,168,14 hp=679
living id=1421 type=greenslime pos=126,153,14 hp=621
living id=1422 type=spider pos=186,110,14 hp=704
living id=1423 type=spider pos=110,17,14 hp=674
living id=1424 type=greenslime pos=52,144,14 hp=613
living id=1425 type=greenslime pos=65,51,14 hp=666
living id=1426 type=greenslime pos=175,75,14 hp=621
living id=1427 type=spider pos=173,148,14 hp=770
living id=1428 type=spider pos=134,30,14 hp=694
living id=1429 type=greenslime pos=129,31,14 hp=728
living id=1430 type=greenslime pos=66,49,14 hp=739
living id=1431 type=spider pos=35,163,14 hp=735
living id=1432 type=spider pos=128,94,14 hp=677
living id=1433 type=spider pos=169,132,14 hp=781
living id=1434 type=spider pos=104,126,14 hp=621
living id=1435 type=greenslime pos=2,140,14 hp=737
living id=1436 type=spider pos=165,70,14 hp=703
living id=1437 type=spider pos=63,134,14 hp=819
living id=1438 type=greenslime pos=190,19,14 hp=768
living id=1439 type=greenslime pos=120,21,14 hp=738
living id=1440 type=greenslime pos=4,19,14 hp=694
living id=1441 type=spider pos=112,137,14 hp=711
living id=1442 type=spider pos=180,113,14 hp=618
living id=1443 type=spider pos=79,86,14 hp=627
living id=1444 type=greenslime pos=19,162,14 hp=693
living id=1445 type=spider pos=147,159,14 hp=622
living id=1446 type=spider pos=55,185,14 hp=649
living id=1447 type=spider pos=131,80,14 hp=662
living id=1448 type=spider pos=188,146,14 hp=636
living id=1449 type=spider pos=121,23,14 hp=707
living id=1450 type=spider pos=169,147,14 hp=606
living id=1451 type=spider pos=198,36,14 hp=604
living id=1452 type=spider pos=127,49,14 hp=792
living id=1453 type=greenslime pos=173,113,14 hp=793
living id=1454 type=spider pos=24,95,14 hp=810
living id=1455 type=spider pos=51,189,14 hp=805
living id=1456 type=spider pos=39,136,14 hp=795
living id=1457 type=greenslime pos=99,98,14 hp=773
living id=1458 type=greenslime pos=16,27,14 hp=610
living id=1459 type=spider pos=161,81,14 hp=662
living id=1460 type=spider pos=127,147,14 hp=754
living id=1461 type=spider pos=19,28,14 hp=605
living id=1462 type=greenslime pos=64,88,14 hp=761
living id=1463 type=greenslime pos=31,93,14 hp=715
living id=1464 type=spider pos=83,24,14 hp=678
living id=1465 type=greenslime pos=46,143,14 hp=696
living id=1466 type=greenslime pos=99,43,14 hp=715
living id=1467 type=spider pos=54,158,14 hp=675
living id=1468 type=greenslime pos=115,56,14 hp=617
living id=1469 type=spider pos=40,47,14 hp=668
living id=1470 type=spider pos=2,122,14 hp=738
living id=1471 type=spider pos=172,78,14 hp=695
living id=1472 type=spider pos=29,184,14 hp=814
living id=1473 type=greenslime pos=147,120,14 hp=735
living id=1474 type=spider pos=3,16,14 hp=627
living id=1475 type=greenslime pos=92,81,14 hp=707
living id=1476 type=spider pos=124,7,14 hp=674
living id=1477 type=spider pos=110,118,14 hp=752
living id=1478 type=greenslime pos=80,169,14 hp=622
living id=1479 type=greenslime pos=131,154,14 hp=718
living id=1480 type=greenslime pos=38,107,14 hp=714
living id=1481 type=greenslime pos=174,187,14 hp=793
living id=1482 type=spider pos=82,155,14 hp=763
living id=1483 type=greenslime pos=76,74,14 hp=682
living id=1484 type=greenslime pos=74,52,14 hp=627
living id=1485 type=greenslime pos=177,96,14 hp=783
living id=1486 type=greenslime pos=127,15,14 hp=697
living id=1487 type=greenslime pos=143,37,14 hp=722
living id=1488 type=greenslime pos=43,113,14 hp=755
living id=1489 type=spider pos=163,99,14 hp=732
living id=1490 type=spider pos=36,57,14 hp=660
living id=1491 type=spider pos=188,193,14 hp=738
living id=1492 type=greenslime pos=188,91,14 hp=775
living id=1493 type=greenslime pos=56,181,14 hp=686
living id=1494 type=greenslime pos=137,168,14 hp=626
living id=1495 type=spider pos=112,19,14 hp=754
living id=1496 type=greenslime pos=111,79,14 hp=627
living id=1497 type=spider pos=182,147,14 hp=671
living id=1498 type=spider pos=13,197,14 hp=784
living id=1499 type=greenslime pos=112,108,14 hp=729
living id=1500 type=greenslime pos=111,96,14 hp=753
living id=1501 type=greenslime pos=50,48,14 hp=671
living id=1502 type=spider pos=156,95,14 hp=735
living id=1503 type=spider pos=37,170,14 hp=764
living id=1504 type=greenslime pos=156,113,14 hp=708
living id=1505 type=greenslime pos=68,52,14 hp=627
living id=1506 type=spider pos=81,101,14 hp=632
living id=1507 type=greenslime pos=179,65,14 hp=734
living id=1508 type=spider pos=125,126,14 hp=624
living id=1509 type=greenslime pos=156,8,14 hp=765
living id=1510 type=spider pos=173,37,14 hp=811
living id=1511 type=greenslime pos=185,127,14 hp=731
living id=1512 type=greenslime pos=80,6,14 hp=614
living id=1513 type=greenslime pos=48,121,14 hp=631
living id=1514 type=spider pos=140,135,14 hp=653
living id=1515 type=greenslime pos=152,76,14 hp=702
living id=1516 type=greenslime pos=38,61,14 hp=650
living id=1517 type=greenslime pos=102,10,14 hp=771
living id=1518 type=spider pos=97,134,14 hp=786
living id=1519 type=spider pos=176,33,14 hp=668
living id=1520 type=greenslime pos=162,7,14 hp=621
living id=1521 type=greenslime pos=15,110,14 hp=617
living id=1522 type=greenslime pos=120,138,14 hp=632
living id=1523 type=greenslime pos=113,36,14 hp=702
living id=1524 type=greenslime pos=99,127,14 hp=604
living id=1525 type=spider pos=106,196,14 hp=613
living id=1526 type=spider pos=183,198,14 hp=771
living id=1527 type=spider pos=70,97,14 hp=675
living id=1528 type=greenslime pos=128,2,14 hp=734
living id=1529 type=greenslime pos=148,125,14 hp=726
living id=1530 type=spider pos=162,134,14 hp=775
living id=1531 type=spider pos=164,24,14 hp=650
living id=1532 type=greenslime pos=87,171,14 hp=801
living id=1533 type=spider pos=183,80,14 hp=686
living id=1534 type=greenslime pos=141,79,14 hp=771
living id=1535 type=greenslime pos=187,12,14 hp=720
living id=1536 type=greenslime pos=133,186,14 hp=649
living id=1537 type=greenslime pos=67,39,14 hp=666
living id=1538 type=spider pos=34,52,14 hp=756
living id=1539 type=spider pos=11,189,14 hp=771
living id=1540 type=greenslime pos=114,155,14 hp=635
living id=1541 type=greenslime pos=130,48,14 hp=802
living id=1542 type=greenslime pos=18,146,14 hp=751
living id=1543 type=greenslime pos=182,66,14 hp=784
living id=1544 type=spider pos=190,121,14 hp=600
living id=1545 type=greenslime pos=96,195,14 hp=759
living id=1546 type=spider pos=138,74,14 hp=716
living id=1547 type=spider pos=57,180,14 hp=660
living id=1548 type=spider pos=115,6,14 hp=700
living id=1549 type=spider pos=11,82,14 hp=724
living id=1550 type=spider pos=125,32,14 hp=729
living id=1551 type=greenslime pos=72,65,14 hp=651
living id=1552 type=spider pos=79,102,14 hp=627
living id=1553 type=spider pos=30,42,14 hp=774
living id=1554 type=greenslime pos=33,39,14 hp=803
living id=1555 type=greenslime pos=94,51,14 hp=640
living id=1556 type=greenslime pos=198,152,14 hp=662
living id=1557 type=greenslime pos=12,158,14 hp=784
living id=1558 type=greenslime pos=140,36,14 hp=688
living id=1559 type=giantspider pos=10,103,14 hp=953
living id=1560 type=giantspider pos=43,101,14 hp=947
living id=1561 type=giantspider pos=190,41,14 hp=1028
living id=1562 type=giantspider pos=168,148,14 hp=1120
living id=1563 type=giantspider pos=23,131,14 hp=1049
living id=1564 type=giantspider pos=117,107,14 hp=882
living id=1565 type=giantspider pos=177,119,14 hp=874
living id=1566 type=giantspider pos=66,136,14 hp=985
living id=1567 type=giantspider pos=118,157,14 hp=1020
living id=1568 type=giantspider pos=148,152,14 hp=901
living id=1569 type=giantspider pos=53,78,14 hp=1149
living id=1570 type=giantspider pos=161,79,14 hp=1142
living id=1571 type=giantspider pos=12,187,14 hp=1053
living id=1572 type=giantspider pos=92,129,14 hp=863
living id=1573 type=giantspider pos=154,167,14 hp=1037
living id=1574 type=giantspider pos=178,34,14 hp=953
living id=1575 type=giantspider pos=69,158,14 hp=1047
living id=1576 type=giantspider pos=143,12,14 hp=877
living id=1577 type=giantspider pos=141,2,14 hp=1122
living id=1578 type=giantspider pos=186,8,14 hp=884
living id=1579 type=giantspider pos=59,176,14 hp=974
living id=1580 type=giantspider pos=37,86,14 hp=1080
living id=1581 type=giantspider pos=100,44,14 hp=1018
living id=1582 type=giantspider pos=154,156,14 hp=963
living id=1583 type=giantspider pos=7,110,14 hp=1011
living id=1584 type=giantspider pos=9,85,14 hp=1105
living id=1585 type=giantspider pos=134,121,14 hp=986
living id=1586 type=giantspider pos=119,126,14 hp=990
living id=1587 type=giantspider pos=56,51,14 hp=874
living id=1588 type=giantspider pos=173,29,14 hp=1140
living id=1589 type=giantspider pos=154,36,14 hp=920
living id=1590 type=giantspider pos=126,170,14 hp=1064
living id=1591 type=giantspider pos=142,46,14 hp=1080
living id=1592 type=giantspider pos=68,12,14 hp=925
living id=1593 type=giantspider pos=119,174,14 hp=1017
living id=1594 type=giantspider pos=54,107,14 hp=1078
living id=1595 type=giantspider pos=153,14,14 hp=958
living id=1596 type=giantspider pos=90,100,14 hp=972
living id=1597 type=giantspider pos=13,65,14 hp=1064
living id=1598 type=giantspider pos=55,176,14 hp=1042
living id=1599 type=giantspider pos=92,173,14 hp=907
living id=1600 type=giantspider pos=90,70,14 hp=1031
living id=1601 type=giantspider pos=130,9,14 hp=1073
living id=1602 type=giantspider pos=16,120,14 hp=875
living id=1603 type=giantspider pos=53,134,14 hp=857
living id=1604 type=giantspider pos=31,40,14 hp=1074
living id=1605 type=giantspider pos=103,32,14 hp=968
living id=1606 type=giantspider pos=80,108,14 hp=855
living id=1607 type=giantspider pos=178,51,14 hp=913
living id=1608 type=giantspider pos=13,178,14 hp=874
living id=1609 type=giantspider pos=124,116,14 hp=875
living id=1610 type=giantspider pos=192,53,14 hp=1084
living id=1611 type=giantspider pos=21,144,14 hp=1123
living id=1612 type=giantspider pos=20,72,14 hp=1066
living id=1613 type=giantspider pos=19,148,14 hp=1089
living id=1614 type=giantspider pos=196,34,14 hp=1042
living id=1615 type=giantspider pos=85,98,14 hp=923
living id=1616 type=giantspider pos=164,13,14 hp=946
living id=1617 type=giantspider pos=3,42,14 hp=948
living id=1618 type=giantspider pos=84,143,14 hp=945
living id=1619 type=giantspider pos=196,118,14 hp=962
living id=1620 type=giantspider pos=37,53,14 hp=1047
living id=1621 type=giantspider pos=106,198,14 hp=1042
living id=1622 type=giantspider pos=138,1,14 hp=870
living id=1623 type=giantspider pos=156,91,14 hp=1144
living id=1624 type=giantspider pos=58,126,14 hp=1128
living id=1625 type=giantspider pos=187,94,14 hp=997
living id=1626 type=giantspider pos=120,157,14 hp=1112
living id=1627 type=giantspider pos=32,129,14 hp=1009
living id=1628 type=giantspider pos=43,22,14 hp=869
living id=1629 type=giantspider pos=170,138,14 hp=1079
living id=1630 type=giantspider pos=120,1,14 hp=861
living id=1631 type=giantspider pos=81,94,14 hp=889
living id=1632 type=giantspider pos=158,81,14 hp=1118
living id=1633 type=giantspider pos=178,164,14 hp=922
living id=1634 type=giantspider pos=135,69,14 hp=922
living id=1635 type=giantspider pos=157,97,14 hp=890
living id=1636 type=giantspider pos=106,147,14 hp=1119
living id=1637 type=giantspider pos=37,185,14 hp=1061
living id=1638 type=giantspider pos=146,102,14 hp=1045
living id=1639 type=giantspider pos=137,71,14 hp=991
living id=1640 type=giantspider pos=125,101,14 hp=915
living id=1641 type=giantspider pos=107,48,14 hp=877
living id=1642 type=giantspider pos=72,49,14 hp=971
living id=1643 type=giantspider pos=84,183,14 hp=1125
living id=1644 type=giantspider pos=16,146,14 hp=915
living id=1645 type=giantspider pos=175,68,14 hp=942
living id=1646 type=giantspider pos=128,96,14 hp=851
living id=1647 type=giantspider pos=120,115,14 hp=896
living id=1648 type=giantspider pos=164,151,14 hp=889
living id=1649 type=giantspider pos=150,138,14 hp=1148
living id=1650 type=giantspider pos=180,123,14 hp=1110
living id=1651 type=giantspider pos=59,171,14 hp=1123
living id=1652 type=giantspider pos=129,42,14 hp=1093
living id=1653 type=giantspider pos=144,52,14 hp=937
living id=1654 type=giantspider pos=152,169,14 hp=1026
living id=1655 type=giantspider pos=80,26,14 hp=1121
living id=1656 type=giantspider pos=113,56,14 hp=1041
living id=1657 type=giantspider pos=67,43,14 hp=968
living id=1658 type=giantspider pos=3,169,14 hp=895
living id=1659 type=giantspider pos=39,95,14 hp=885
living id=1660 type=giantspider pos=162,131,14 hp=948
living id=1661 type=giantspider pos=54,27,14 hp=1063
living id=1662 type=giantspider pos=179,52,14 hp=1120
living id=1663 type=giantspider pos=19,172,14 hp=1019
living id=1664 type=giantspider pos=56,1,14 hp=926
living id=1665 type=giantspider pos=148,82,14 hp=1079
living id=1666 type=giantspider pos=113,173,14 hp=1054
living id=1667 type=giantspider pos=3,36,14 hp=878
living id=1668 type=giantspider pos=11,158,14 hp=872
living id=1669 type=giantspider pos=196,167,14 hp=878
living id=1670 type=giantspider pos=7,106,14 hp=863
living id=1671 type=giantspider pos=188,17,14 hp=1011
living id=1672 type=giantspider pos=194,170,14 hp=1144
living id=1673 type=giantspider pos=66,184,14 hp=870
living id=1674 type=giantspider pos=60,51,14 hp=970
living id=1675 type=giantspider pos=62,177,14 hp=899
living id=1676 type=giantspider pos=34,190,14 hp=995
living id=1677 type=giantspider pos=67,77,14 hp=914
living id=1678 type=giantspider pos=132,47,14 hp=979
living id=1679 type=giantspider pos=163,116,14 hp=890
living id=1680 type=giantspider pos=31,157,14 hp=1101
living id=1681 type=giantspider pos=173,187,14 hp=1074
living id=1682 type=giantspider pos=172,112,14 hp=1107
living id=1683 type=giantspider pos=137,21,14 hp=949
living id=1684 type=giantspider pos=32,80,14 hp=885
living id=1685 type=giantspider pos=79,10,14 hp=867
living id=1686 type=giantspider pos=105,78,14 hp=1149
living id=1687 type=giantspider pos=139,189,14 hp=1009
living id=1688 type=giantspider pos=126,142,14 hp=1133
living id=1689 type=giantspider pos=126,25,14 hp=1101
living id=1690 type=giantspider pos=141,155,14 hp=945
living id=1691 type=giantspider pos=45,143,14 hp=1048
living id=1692 type=giantspider pos=174,61,14 hp=1008
living id=1693 type=giantspider pos=37,97,14 hp=970
living id=1694 type=giantspider pos=46,111,14 hp=941
living id=1695 type=giantspider pos=174,124,14 hp=1012
living id=1696 type=giantspider pos=193,65,14 hp=979
living id=1697 type=giantspider pos=58,138,14 hp=951
living id=1698 type=giantspider pos=91,104,14 hp=1065
living id=1699 type=giantspider pos=134,23,14 hp=965
living id=1700 type=giantspider pos=11,174,14 hp=1109
living id=1701 type=giantspider pos=153,176,14 hp=1069
living id=1702 type=giantspider pos=99,28,14 hp=948
living id=1703 type=giantspider pos=13,136,14 hp=952
living id=1704 type=giantspider pos=132,131,14 hp=1133
living id=1705 type=giantspider pos=124,24,14 hp=1009
living id=1706 type=giantspider pos=173,121,14 hp=858
living id=1707 type=giantspider pos=40,121,14 hp=1038
living id=1708 type=giantspider pos=79,6,14 hp=1058
living id=1709 type=giantspider pos=142,25,14 hp=1043
living id=1710 type=spiderqueen pos=97,172,14 hp=1436
living id=1711 type=spider pos=154,105,16 hp=694
living id=1712 type=redslime pos=108,2,16 hp=924
living id=1713 type=redslime pos=25,195,16 hp=1067
living id=1714 type=redslime pos=42,193,16 hp=868
living id=1715 type=greenslime pos=104,26,16 hp=745
living id=1716 type=greenslime pos=173,6,16 hp=784
living id=1717 type=spider pos=177,173,16 hp=723
living id=1718 type=giantspider pos=20,72,16 hp=855
living id=1719 type=spider pos=57,13,16 hp=715
living id=1720 type=goblinleader pos=92,159,16 hp=1568
living id=1721 type=giantspider pos=63,100,16 hp=927
living id=1722 type=spider pos=100,62,16 hp=757
living id=1723 type=spider pos=71,25,16 hp=695
living id=1724 type=redslime pos=73,102,16 hp=927
living id=1725 type=goblinleader pos=114,186,16 hp=1472
living id=1726 type=giantspider pos=134,8,16 hp=1102
living id=1727 type=giantspider pos=138,31,16 hp=879
living id=1728 type=giantspider pos=101,158,16 hp=925
living id=1729 type=greenslime pos=112,39,16 hp=770
living id=1730 type=giantspider pos=27,14,16 hp=1045
living id=1731 type=goblinleader pos=169,171,16 hp=1968
living id=1732 type=redslime pos=189,34,16 hp=961
living id=1733 type=goblin pos=111,39,16 hp=1018
living id=1734 type=giantspider pos=136,158,16 hp=1078
living id=1735 type=giantspider pos=2,17,16 hp=854
living id=1736 type=redslime pos=112,157,16 hp=1015
living id=1737 type=goblinleader pos=183,45,16 hp=1804
living id=1738 type=goblin pos=187,191,16 hp=984
living id=1739 type=redslime pos=189,163,16 hp=1041
living id=1740 type=giantspider pos=194,163,16 hp=891
living id=1741 type=giantspider pos=60,39,16 hp=891
living id=1742 type=goblinleader pos=149,110,16 hp=1380
living id=1743 type=spider pos=192,137,16 hp=653
living id=1744 type=goblinleader pos=51,183,16 hp=1414
living id=1745 type=redslime pos=169,4,16 hp=1052
living id=1746 type=redslime pos=28,135,16 hp=1147
living id=1747 type=redslime pos=59,37,16 hp=955
living id=1748 type=redslime pos=126,174,16 hp=934
living id=1749 type=greenslime pos=60,35,16 hp=724
living id=1750 type=spider pos=5,171,16 hp=663
living id=1751 type=redslime pos=160,147,16 hp=1012
living id=1752 type=giantspider pos=115,40,16 hp=870
living id=1753 type=goblin pos=149,70,16 hp=1058
living id=1754 type=goblinleader pos=97,160,16 hp=1986
living id=1755 type=redslime pos=22,162,16 hp=984
living id=1756 type=giantspider pos=96,60,16 hp=1008
living id=1757 type=goblin pos=118,115,16 hp=908
living id=1758 type=goblin pos=137,37,16 hp=879
living id=1759 type=spider pos=12,30,16 hp=801
living id=1760 type=redslime pos=152,130,16 hp=1026
living id=1761 type=giantspider pos=8,30,16 hp=1007
living id=1762 type=spider pos=135,165,16 hp=777
living id=1763 type=giantspider pos=62,23,16 hp=1097
living id=1764 type=goblinleader pos=37,67,16 hp=1797
living id=1765 type=goblin pos=5,167,16 hp=879
living id=1766 type=goblin pos=6,184,16 hp=1079
living id=1767 type=giantspider pos=110,10,16 hp=1122
living id=1768 type=goblinleader pos=163,178,16 hp=1579
living id=1769 type=spider pos=13,68,16 hp=678
living id=1770 type=giantspider pos=157,53,16 hp=970
living id=1771 type=goblinleader pos=9,183,16 hp=1457
living id=1772 type=goblinleader pos=170,32,16 hp=1926
living id=1773 type=redslime pos=91,66,16 hp=1113
living id=1774 type=spider pos=171,134,16 hp=793
living id=1775 type=goblinleader pos=39,180,16 hp=1992
living id=1776 type=goblinleader pos=65,64,16 hp=1653
living id=1777 type=greenslime pos=134,51,16 hp=725
living id=1778 type=spider pos=159,114,16 hp=733
living id=1779 type=giantspider pos=95,19,16 hp=1039
living id=1780 type=spider pos=144,108,16 hp=613
living id=1781 type=goblin pos=18,88,16 hp=1092
living id=1782 type=goblin pos=153,105,16 hp=918
living id=1783 type=spider pos=29,10,16 hp=801
living id=1784 type=spider pos=125,172,16 hp=662
living id=1785 type=redslime pos=145,113,16 hp=915
living id=1786 type=redslime pos=193,95,16 hp=898
living id=1787 type=goblin pos=98,115,16 hp=926
living id=1788 type=goblin pos=127,167,16 hp=893
living id=1789 type=greenslime pos=15,106,16 hp=720
living id=1790 type=goblinleader pos=12,166,16 hp=1788
living id=1791 type=giantspider pos=119,104,16 hp=880
living id=1792 type=redslime pos=157,185,16 hp=937
living id=1793 type=redslime pos=130,22,16 hp=992
living id=1794 type=redslime pos=126,35,16 hp=1082
living id=1795 type=goblin pos=20,66,16 hp=1115
living id=1796 type=giantspider pos=174,24,16 hp=956
living id=1797 type=goblinleader pos=156,190,16 hp=1771
living id=1798 type=goblin pos=116,76,16 hp=937
living id=1799 type=goblin pos=24,31,16 hp=878
living id=1800 type=greenslime pos=41,73,16 hp=717
living id=1801 type=spider pos=36,144,16 hp=665
living id=1802 type=giantspider pos=2,93,16 hp=858
living id=1803 type=giantspider pos=26,27,16 hp=922
living id=1804 type=redslime pos=175,36,16 hp=862
living id=1805 type=giantspider pos=191,136,16 hp=1084
living id=1806 type=giantspider pos=135,67,16 hp=916
living id=1807 type=giantspider pos=21,65,16 hp=1141
living id=1808 type=redslime pos=97,86,16 hp=1106
living id=1809 type=redslime pos=185,173,16 hp=868
living id=1810 type=goblin pos=29,139,16 hp=860
living id=1811 type=spider pos=167,96,16 hp=752
living id=1812 type=giantspider pos=143,36,16 hp=964
living id=1813 type=giantspider pos=162,144,16 hp=989
living id=1814 type=spider pos=147,112,16 hp=802
living id=1815 type=redslime pos=92,61,16 hp=1021
living id=1816 type=spider pos=66,71,16 hp=690
living id=1817 type=goblinleader pos=67,120,16 hp=1837
living id=1818 type=goblin pos=134,100,16 hp=1035
living id=1819 type=goblinleader pos=176,77,16 hp=1545
living id=1820 type=greenslime pos=192,171,16 hp=632
living id=1821 type=goblin pos=175,38,16 hp=1145
living id=1822 type=spider pos=80,6,16 hp=617
living id=1823 type=greenslime pos=99,23,16 hp=740
living id=1824 type=goblinleader pos=26,190,16 hp=1870
living id=1825 type=goblinleader pos=140,93,16 hp=1429
living id=1826 type=greenslime pos=194,130,16 hp=632
living id=1827 type=spider pos=66,113,16 hp=665
living id=1828 type=goblinleader pos=101,40,16 hp=1840
living id=1829 type=spider pos=190,116,16 hp=727
living id=1830 type=greenslime pos=117,155,16 hp=648
living id=1831 type=spider pos=98,5,16 hp=759
living id=1832 type=goblin pos=31,9,16 hp=1050
living id=1833 type=spider pos=92,135,16 hp=633
living id=1834 type=goblinleader pos=129,27,16 hp=1969
living id=1835 type=goblin pos=57,146,16 hp=1140
living id=1836 type=goblin pos=170,9,16 hp=1061
living id=1837 type=goblinleader pos=162,177,16 hp=1710
living id=1838 type=goblin pos=46,95,16 hp=962
living id=1839 type=redslime pos=26,163,16 hp=865
living id=1840 type=goblin pos=8,181,16 hp=863
living id=1841 type=redslime pos=95,133,16 hp=1097
living id=1842 type=goblin pos=112,72,16 hp=1096
living id=1843 type=goblin pos=124,26,16 hp=955
living id=1844 type=redslime pos=137,29,16 hp=891
living id=1845 type=greenslime pos=143,104,16 hp=675
living id=1846 type=redslime pos=180,194,16 hp=1097
living id=1847 type=goblinleader pos=179,78,16 hp=1982
living id=1848 type=goblin pos=21,166,16 hp=948
living id=1849 type=greenslime pos=66,124,16 hp=734
living id=1850 type=goblin pos=153,91,16 hp=885
living id=1851 type=goblin pos=23,101,16 hp=1141
living id=1852 type=spider pos=110,143,16 hp=713
living id=1853 type=goblinleader pos=66,24,16 hp=1412
living id=1854 type=goblinleader pos=168,2,16 hp=1537
living id=1855 type=giantspider pos=32,8,16 hp=1125
living id=1856 type=goblin pos=27,185,16 hp=1113
living id=1857 type=goblin pos=64,102,16 hp=894
living id=1858 type=goblinleader pos=101,23,16 hp=1883
living id=1859 type=redslime pos=23,28,16 hp=897
living id=1860 type=greenslime pos=142,195,16 hp=629
living id=1861 type=greenslime pos=45,105,16 hp=671
living id=1862 type=spider pos=125,24,16 hp=800
living id=1863 type=redslime pos=41,95,16 hp=1087
living id=1864 type=giantspider pos=13,62,16 hp=933
living id=1865 type=goblin pos=78,7,16 hp=907
living id=1866 type=goblin pos=62,45,16 hp=855
living id=1867 type=redslime pos=142,37,16 hp=853
living id=1868 type=redslime pos=139,188,16 hp=1073
living id=1869 type=greenslime pos=156,53,16 hp=744
living id=1870 type=spider pos=39,106,16 hp=703
living id=1871 type=giantspider pos=36,42,16 hp=1105
living id=1872 type=spider pos=20,106,16 hp=784
living id=1873 type=goblinleader pos=50,129,16 hp=1500
living id=1874 type=goblinleader pos=93,60,16 hp=1496
living id=1875 type=spider pos=193,130,16 hp=635
living id=1876 type=giantspider pos=80,113,16 hp=1092
living id=1877 type=goblin pos=49,130,16 hp=946
living id=1878 type=spider pos=60,36,16 hp=604
living id=1879 type=spider pos=137,193,16 hp=676
living id=1880 type=goblinleader pos=120,131,16 hp=1977
living id=1881 type=goblinleader pos=24,132,16 hp=1964
living id=1882 type=giantspider pos=26,104,16 hp=1106
living id=1883 type=goblin pos=37,186,16 hp=1032
living id=1884 type=greenslime pos=136,63,16 hp=644
living id=1885 type=redslime pos=22,92,16 hp=1110
living id=1886 type=giantspider pos=122,31,16 hp=1057
living id=1887 type=giantspider pos=58,142,16 hp=955
living id=1888 type=goblinleader pos=96,21,16 hp=1672
living id=1889 type=goblinleader pos=147,132,16 hp=1690
living id=1890 type=redslime pos=29,45,16 hp=953
living id=1891 type=giantspider pos=128,24,16 hp=1000
living id=1892 type=greenslime pos=119,102,16 hp=739
living id=1893 type=greenslime pos=125,21,16 hp=738
living id=1894 type=giantspider pos=156,52,16 hp=1089
living id=1895 type=greenslime pos=114,38,16 hp=598
living id=1896 type=goblin pos=104,16,16 hp=911
living id=1897 type=spider pos=67,126,16 hp=766
living id=1898 type=spider pos=74,178,16 hp=658
living id=1899 type=goblin pos=73,103,16 hp=1081
living id=1900 type=spider pos=56,144,16 hp=697
living id=1901 type=redslime pos=173,196,16 hp=883
living id=1902 type=goblin pos=65,112,16 hp=1003
living id=1903 type=greenslime pos=72,108,16 hp=657
living id=1904 type=goblin pos=190,142,16 hp=936
living id=1905 type=giantspider pos=116,7,16 hp=1037
living id=1906 type=greenslime pos=197,129,16 hp=625
living id=1907 type=spider pos=141,113,16 hp=665
living id=1908 type=goblinleader pos=185,42,16 hp=1452
living id=1909 type=redslime pos=127,30,16 hp=1072
living id=1910 type=redslime pos=126,132,16 hp=1125
living id=1911 type=goblin pos=138,54,16 hp=912
living id=1912 type=greenslime pos=9,163,16 hp=609
living id=1913 type=spider pos=45,90,16 hp=638
living id=1914 type=greenslime pos=42,47,16 hp=628
living id=1915 type=redslime pos=138,193,16 hp=1039
living id=1916 type=goblin pos=163,190,16 hp=921
living id=1917 type=goblinleader pos=140,54,16 hp=1933
living id=1918 type=goblin pos=180,166,16 hp=1098
living id=1919 type=giantspider pos=156,107,16 hp=951
living id=1920 type=giantspider pos=50,177,16 hp=1052
living id=1921 type=spider pos=150,6,16 hp=606
living id=1922 type=giantspider pos=135,158,16 hp=988
living id=1923 type=goblinleader pos=38,192,16 hp=1736
living id=1924 type=giantspider pos=150,170,16 hp=874
living id=1925 type=giantspider pos=189,46,16 hp=1085
living id=1926 type=redslime pos=66,195,16 hp=937
living id=1927 type=redslime pos=163,168,16 hp=883
living id=1928 type=greenslime pos=142,100,16 hp=718
living id=1929 type=greenslime pos=22,64,16 hp=650
living id=1930 type=greenslime pos=102,68,16 hp=789
living id=1931 type=goblin pos=35,198,16 hp=1029
living id=1932 type=spider pos=10,67,16 hp=669
living id=1933 type=goblinleader pos=140,190,16 hp=1751
living id=1934 type=greenslime pos=98,153,16 hp=759
living id=1935 type=giantspider pos=7,67,16 hp=1027
living id=1936 type=spider pos=89,188,16 hp=711
living id=1937 type=greenslime pos=194,111,16 hp=660
living id=1938 type=goblinleader pos=139,144,16 hp=1657
living id=1939 type=goblinleader pos=11,138,16 hp=1836
living id=1940 type=greenslime pos=187,112,16 hp=627
living id=1941 type=giantspider pos=92,160,16 hp=981
living id=1942 type=goblinleader pos=192,156,16 hp=1728
living id=1943 type=spider pos=25,136,16 hp=776
living id=1944 type=greenslime pos=64,103,16 hp=685
living id=1945 type=greenslime pos=26,105,16 hp=634
living id=1946 type=giantspider pos=133,116,16 hp=939
living id=1947 type=spider pos=5,194,16 hp=683
living id=1948 type=greenslime pos=117,104,16 hp=766
living id=1949 type=greenslime pos=85,9,16 hp=693
living id=1950 type=goblin pos=77,25,16 hp=875
living id=1951 type=goblin pos=10,140,16 hp=948
living id=1952 type=giantspider pos=56,146,16 hp=1105
living id=1953 type=greenslime pos=187,67,16 hp=692
living id=1954 type=redslime pos=0,31,16 hp=1029
living id=1955 type=giantspider pos=122,29,16 hp=1000
living id=1956 type=spider pos=170,196,16 hp=646
living id=1957 type=greenslime pos=179,75,16 hp=730
living id=1958 type=giantspider pos=121,7,16 hp=1004
living id=1959 type=spider pos=29,48,16 hp=783
living id=1960 type=spider pos=121,74,16 hp=772
living id=1961 type=goblin pos=137,195,16 hp=915
living id=1962 type=redslime pos=17,62,16 hp=1043
living id=1963 type=spider pos=29,65,16 hp=744
living id=1964 type=goblinleader pos=81,11,16 hp=1603
living id=1965 type=goblinleader pos=112,153,16 hp=1795
living id=1966 type=goblin pos=57,10,16 hp=964
living id=1967 type=giantspider pos=43,105,16 hp=1132
living id=1968 type=goblinleader pos=1,63,16 hp=1753
living id=1969 type=redslime pos=19,68,16 hp=859
living id=1970 type=goblinleader pos=186,65,16 hp=2004
living id=1971 type=goblin pos=24,139,16 hp=868
living id=1972 type=spider pos=23,160,16 hp=814
living id=1973 type=giantspider pos=94,139,16 hp=927
living id=1974 type=redslime pos=185,34,16 hp=954
living id=1975 type=spider pos=153,97,16 hp=661
living id=1976 type=greenslime pos=30,10,16 hp=733
living id=1977 type=goblinleader pos=171,35,16 hp=1584
living id=1978 type=giantspider pos=143,132,16 hp=959
living id=1979 type=giantspider pos=32,46,16 hp=1127
living id=1980 type=greenslime pos=7,180,16 hp=668
living id=1981 type=spider pos=153,94,16 hp=672
living id=1982 type=greenslime pos=166,38,16 hp=633
living id=1983 type=giantspider pos=111,167,16 hp=1048
living id=1984 type=goblin pos=121,71,16 hp=954
living id=1985 type=goblin pos=186,148,16 hp=979
living id=1986 type=spider pos=62,29,16 hp=600
living id=1987 type=goblinleader pos=54,147,16 hp=1883
living id=1988 type=giantspider pos=141,108,16 hp=1022
living id=1989 type=redslime pos=98,81,16 hp=912
living id=1990 type=giantspider pos=179,196,16 hp=878
living id=1991 type=redslime pos=67,180,16 hp=886
living id=1992 type=greenslime pos=100,59,16 hp=622
living id=1993 type=goblinleader pos=183,197,16 hp=1607
living id=1994 type=greenslime pos=164,170,16 hp=756
living id=1995 type=giantspider pos=142,187,16 hp=1097
living id=1996 type=spider pos=71,174,16 hp=808
living id=1997 type=giantspider pos=152,75,16 hp=972
living id=1998 type=redslime pos=44,8,16 hp=1006
living id=1999 type=spider pos=138,38,16 hp=658
living id=2000 type=goblin pos=194,186,16 hp=1100
living id=2001 type=spider pos=40,180,16 hp=824
living id=2002 type=goblin pos=154,197,16 hp=913
living id=2003 type=spider pos=137,55,16 hp=738
living id=2004 type=redslime pos=137,10,16 hp=965
living id=2005 type=redslime pos=89,113,16 hp=908
living id=2006 type=goblinleader pos=49,103,16 hp=1581
living id=2007 type=spider pos=2,91,16 hp=614
living id=2008 type=spider pos=103,91,16 hp=738
living id=2009 type=goblinleader pos=7,193,16 hp=2014
living id=2010 type=greenslime pos=174,25,16 hp=691
living id=2011 type=goblin pos=151,103,16 hp=1128
living id=2012 type=spider pos=110,36,16 hp=739
living id=2013 type=redslime pos=41,148,16 hp=1147
living id=2014 type=redslime pos=134,196,16 hp=923
living id=2015 type=greenslime pos=123,128,16 hp=693
living id=2016 type=greenslime pos=172,118,16 hp=706
living id=2017 type=goblinleader pos=118,194,16 hp=1842
living id=2018 type=greenslime pos=22,71,16 hp=666
living id=2019 type=giantspider pos=185,170,16 hp=1003
living id=2020 type=greenslime pos=165,107,16 hp=691
living id=2021 type=giantspider pos=46,90,16 hp=1029
living id=2022 type=goblinleader pos=95,20,16 hp=1411
living id=2023 type=goblinleader pos=119,115,16 hp=1617
living id=2024 type=greenslime pos=57,36,16 hp=714
living id=2025 type=goblin pos=174,11,16 hp=881
living id=2026 type=spider pos=24,134,16 hp=744
living id=2027 type=redslime pos=187,150,16 hp=972
living id=2028 type=greenslime pos=52,4,16 hp=742
living id=2029 type=goblinleader pos=27,166,16 hp=1848
living id=2030 type=goblinleader pos=114,193,16 hp=1442
living id=2031 type=spider pos=112,92,16 hp=634
living id=2032 type=giantspider pos=119,86,16 hp=867
living id=2033 type=giantspider pos=112,33,16 hp=954
living id=2034 type=giantspider pos=58,146,16 hp=1006
living id=2035 type=spider pos=109,44,16 hp=670
living id=2036 type=goblin pos=19,71,16 hp=1068
living id=2037 type=giantspider pos=68,171,16 hp=950
living id=2038 type=redslime pos=184,197,16 hp=954
living id=2039 type=goblinleader pos=196,94,16 hp=1440
living id=2040 type=redslime pos=133,187,16 hp=1030
living id=2041 type=giantspider pos=112,112,16 hp=1034
living id=2042 type=redslime pos=195,167,16 hp=920
living id=2043 type=redslime pos=89,195,16 hp=1142
living id=2044 type=greenslime pos=118,154,16 hp=731
living id=2045 type=goblin pos=129,175,16 hp=928
living id=2046 type=redslime pos=55,182,16 hp=997
living id=2047 type=goblin pos=68,167,16 hp=965
living id=2048 type=greenslime pos=7,161,16 hp=715
living id=2049 type=goblinleader pos=8,164,16 hp=1418
living id=2050 type=spider pos=22,67,16 hp=731
living id=2051 type=goblinleader pos=165,114,16 hp=1796
living id=2052 type=spider pos=22,83,16 hp=661
living id=2053 type=goblinleader pos=117,37,16 hp=1505
living id=2054 type=goblin pos=115,73,16 hp=1054
living id=2055 type=giantspider pos=38,43,16 hp=861
living id=2056 type=spider pos=92,59,16 hp=786
living id=2057 type=giantspider pos=109,135,16 hp=938
living id=2058 type=spider pos=100,60,16 hp=783
living id=2059 type=greenslime pos=118,160,16 hp=667
living id=2060 type=spider pos=49,181,16 hp=799
living id=2061 type=redslime pos=86,8,16 hp=1089
living id=2062 type=giantspider pos=2,140,16 hp=1142
living id=2063 type=giantspider pos=72,97,16 hp=1086
living id=2064 type=redslime pos=68,122,16 hp=1095
living id=2065 type=spider pos=53,7,16 hp=657
living id=2066 type=goblin pos=55,107,16 hp=991
living id=2067 type=goblin pos=130,19,16 hp=1008
living id=2068 type=greenslime pos=141,34,16 hp=615
living id=2069 type=spider pos=128,19,16 hp=775
living id=2070 type=greenslime pos=124,112,16 hp=654
living id=2071 type=goblin pos=62,179,16 hp=1067
living id=2072 type=spider pos=37,193,16 hp=820
living id=2073 type=goblinleader pos=144,170,16 hp=1890
living id=2074 type=goblin pos=96,19,16 hp=904
living id=2075 type=goblinleader pos=23,76,16 hp=1943
living id=2076 type=goblinleader pos=119,2,16 hp=1469
living id=2077 type=spider pos=117,135,16 hp=818
living id=2078 type=goblinleader pos=97,8,16 hp=1508
living id=2079 type=greenslime pos=13,65,16 hp=724
living id=2080 type=redslime pos=9,190,16 hp=1035
living id=2081 type=goblin pos=167,8,16 hp=1122
living id=2082 type=goblinleader pos=191,132,16 hp=1804
living id=2083 type=goblin pos=191,164,16 hp=970
living id=2084 type=greenslime pos=179,171,16 hp=682
living id=2085 type=goblinleader pos=6,173,16 hp=1975
living id=2086 type=redslime pos=66,107,16 hp=902
living id=2087 type=goblinleader pos=161,19,16 hp=1565
living id=2088 type=greenslime pos=156,151,16 hp=800
living id=2089 type=goblinleader pos=187,114,16 hp=1831
living id=2090 type=goblin pos=145,117,16 hp=986
living id=2091 type=giantspider pos=97,140,16 hp=1139
living id=2092 type=goblinleader pos=178,100,16 hp=2018
living id=2093 type=redslime pos=188,58,16 hp=1103
living id=2094 type=redslime pos=53,146,16 hp=936
living id=2095 type=goblin pos=133,52,16 hp=1146
living id=2096 type=redslime pos=161,6,16 hp=958
living id=2097 type=giantspider pos=8,160,16 hp=1079
living id=2098 type=redslime pos=7,30,16 hp=1086
living id=2099 type=giantspider pos=131,172,16 hp=1106
living id=2100 type=giantspider pos=134,144,16 hp=859
living id=2101 type=giantspider pos=106,22,16 hp=892
living id=2102 type=redslime pos=113,37,16 hp=1114
living id=2103 type=greenslime pos=27,171,16 hp=665
living id=2104 type=goblin pos=26,182,16 hp=886
living id=2105 type=goblinleader pos=129,19,16 hp=1894
living id=2106 type=redslime pos=66,102,16 hp=1099
living id=2107 type=redslime pos=118,165,16 hp=1142
living id=2108 type=spider pos=69,25,16 hp=646
living id=2109 type=greenslime pos=162,34,16 hp=799
living id=2110 type=greenslime pos=195,168,16 hp=707
living id=2111 type=goblin pos=158,104,16 hp=1017
living id=2112 type=giantspider pos=130,147,16 hp=957
living id=2113 type=giantspider pos=154,169,16 hp=1108
living id=2114 type=greenslime pos=136,40,16 hp=702
living id=2115 type=greenslime pos=135,146,16 hp=604
living id=2116 type=giantspider pos=114,89,16 hp=1095
living id=2117 type=giantspider pos=141,113,16 hp=1142
living id=2118 type=goblin pos=129,117,16 hp=1149
living id=2119 type=goblin pos=103,28,16 hp=911
living id=2120 type=goblinleader pos=169,129,16 hp=1970
living id=2121 type=goblinleader pos=92,62,16 hp=1635
living id=2122 type=redslime pos=155,189,16 hp=1120
living id=2123 type=goblin pos=191,170,16 hp=1039
living id=2124 type=redslime pos=161,188,16 hp=1129
living id=2125 type=goblin pos=39,178,16 hp=947
living id=2126 type=greenslime pos=132,109,16 hp=636
living id=2127 type=goblinleader pos=15,73,16 hp=1890
living id=2128 type=redslime pos=151,142,16 hp=943
living id=2129 type=goblin pos=113,53,16 hp=1048
living id=2130 type=goblinleader pos=63,21,16 hp=1438
living id=2131 type=redslime pos=183,44,16 hp=993
living id=2132 type=giantspider pos=94,61,16 hp=1080
living id=2133 type=greenslime pos=67,24,16 hp=709
living id=2134 type=goblin pos=2,95,16 hp=967
living id=2135 type=goblinleader pos=168,0,16 hp=1830
living id=2136 type=goblinleader pos=13,198,16 hp=1853
living id=2137 type=spider pos=153,106,16 hp=755
living id=2138 type=giantspider pos=155,136,16 hp=1128
living id=2139 type=spider pos=54,12,16 hp=764
living id=2140 type=goblinleader pos=169,139,16 hp=1557
living id=2141 type=goblinleader pos=12,198,16 hp=1676
living id=2142 type=goblinleader pos=21,116,16 hp=1622
living id=2143 type=spider pos=115,36,16 hp=621
living id=2144 type=goblinleader pos=8,180,16 hp=1519
living id=2145 type=giantspider pos=40,136,16 hp=1109
living id=2146 type=goblinleader pos=64,35,16 hp=1408
living id=2147 type=goblin pos=159,54,16 hp=863
living id=2148 type=goblin pos=164,24,16 hp=1084
living id=2149 type=giantspider pos=98,163,16 hp=950
living id=2150 type=giantspider pos=129,31,16 hp=950
living id=2151 type=giantspider pos=131,117,16 hp=1019
living id=2152 type=spider pos=194,132,16 hp=650
living id=2153 type=spider pos=144,54,16 hp=761
living id=2154 type=goblin pos=170,29,16 hp=1149
living id=2155 type=goblin pos=58,138,16 hp=1148
living id=2156 type=redslime pos=98,44,16 hp=1042
living id=2157 type=goblin pos=93,25,16 hp=1022
living id=2158 type=spider pos=158,191,16 hp=808
living id=2159 type=giantspider pos=65,124,16 hp=910
living id=2160 type=spider pos=98,11,16 hp=765
living id=2161 type=redslime pos=169,122,16 hp=946
living id=2162 type=greenslime pos=49,34,16 hp=654
living id=2163 type=greenslime pos=158,173,16 hp=665
living id=2164 type=giantspider pos=3,73,16 hp=1010
living id=2165 type=spider pos=42,129,16 hp=712
living id=2166 type=giantspider pos=165,178,16 hp=979
living id=2167 type=giantspider pos=145,122,16 hp=858
living id=2168 type=giantspider pos=130,169,16 hp=887
living id=2169 type=goblin pos=146,110,16 hp=1138
living id=2170 type=spider pos=112,141,16 hp=744
living id=2171 type=greenslime pos=155,178,16 hp=765
living id=2172 type=greenslime pos=191,43,16 hp=800
living id=2173 type=spider pos=29,139,16 hp=625
living id=2174 type=spider pos=122,6,16 hp=631
living id=2175 type=goblin pos=8,140,16 hp=1134
living id=2176 type=greenslime pos=115,188,16 hp=608
living id=2177 type=greenslime pos=68,151,16 hp=603
living id=2178 type=goblin pos=4,66,16 hp=914
living id=2179 type=giantspider pos=198,132,16 hp=1004
living id=2180 type=goblinleader pos=145,108,16 hp=1749
living id=2181 type=goblinleader pos=27,99,16 hp=1430
living id=2182 type=greenslime pos=73,133,16 hp=787
living id=2183 type=giantspider pos=156,178,16 hp=996
living id=2184 type=goblin pos=2,61,16 hp=943
living id=2185 type=greenslime pos=2,62,16 hp=763
living id=2186 type=redslime pos=29,45,16 hp=1084
living id=2187 type=spider pos=117,43,16 hp=812
living id=2188 type=spider pos=34,48,16 hp=663
living id=2189 type=giantspider pos=134,159,16 hp=1027
living id=2190 type=goblinleader pos=64,48,16 hp=1663
living id=2191 type=giantspider pos=98,89,16 hp=1146
living id=2192 type=goblin pos=192,134,16 hp=1131
living id=2193 type=goblinleader pos=115,163,16 hp=1460
living id=2194 type=redslime pos=86,7,16 hp=960
living id=2195 type=redslime pos=154,70,16 hp=885
living id=2196 type=goblin pos=29,39,16 hp=1049
living id=2197 type=goblinleader pos=159,118,16 hp=1679
living id=2198 type=giantspider pos=31,24,16 hp=1006
living id=2199 type=spider pos=131,108,16 hp=805
living id=2200 type=greenslime pos=154,171,16 hp=671
living id=2201 type=giantspider pos=30,49,16 hp=1009
living id=2202 type=spider pos=187,190,16 hp=611
living id=2203 type=redslime pos=64,26,16 hp=916
living id=2204 type=spider pos=95,158,16 hp=611
living id=2205 type=greenslime pos=91,133,16 hp=677
living id=2206 type=goblin pos=123,18,16 hp=1090
living id=2207 type=goblin pos=109,42,16 hp=1134
living id=2208 type=goblinleader pos=124,168,16 hp=2007
living id=2209 type=spider pos=115,102,16 hp=820
living id=2210 type=giantspider pos=181,197,16 hp=1053
living id=2211 type=goblinleader pos=68,148,16 hp=1670
living id=2212 type=giantspider pos=25,148,16 hp=1001
living id=2213 type=redslime pos=16,73,16 hp=1026
living id=2214 type=goblin pos=31,132,16 hp=1107
living id=2215 type=goblin pos=133,30,16 hp=867
living id=2216 type=spider pos=163,188,16 hp=705
living id=2217 type=redslime pos=112,37,16 hp=1128
living id=2218 type=goblinleader pos=100,23,16 hp=2009
living id=2219 type=greenslime pos=139,35,16 hp=635
living id=2220 type=greenslime pos=36,105,16 hp=784
living id=2221 type=spider pos=162,142,16 hp=664
living id=2222 type=goblin pos=101,165,16 hp=884
living id=2223 type=goblin pos=180,172,16 hp=905
living id=2224 type=goblin pos=92,63,16 hp=1102
living id=2225 type=goblin pos=116,184,16 hp=1056
living id=2226 type=goblinleader pos=110,91,16 hp=1589
living id=2227 type=giantspider pos=64,67,16 hp=853
living id=2228 type=spider pos=96,49,16 hp=629
living id=2229 type=spider pos=141,189,16 hp=686
living id=2230 type=greenslime pos=71,104,16 hp=785
living id=2231 type=greenslime pos=140,94,16 hp=696
living id=2232 type=redslime pos=41,74,16 hp=1139
living id=2233 type=giantspider pos=30,139,16 hp=880
living id=2234 type=goblin pos=57,144,16 hp=1126
living id=2235 type=greenslime pos=101,49,16 hp=706
living id=2236 type=goblin pos=140,29,16 hp=858
living id=2237 type=greenslime pos=56,36,16 hp=607
living id=2238 type=goblinleader pos=110,44,16 hp=1421
living id=2239 type=redslime pos=93,65,16 hp=955
living id=2240 type=spider pos=169,133,16 hp=774
living id=2241 type=goblin pos=180,168,16 hp=885
living id=2242 type=giantspider pos=28,133,16 hp=961
living id=2243 type=goblin pos=36,74,16 hp=861
living id=2244 type=redslime pos=189,188,16 hp=1096
living id=2245 type=goblinleader pos=177,0,16 hp=1693
living id=2246 type=giantspider pos=64,116,16 hp=870
living id=2247 type=goblinleader pos=21,111,16 hp=2004
living id=2248 type=goblin pos=110,70,16 hp=1135
living id=2249 type=spider pos=20,73,16 hp=626
living id=2250 type=greenslime pos=144,41,16 hp=682
living id=2251 type=goblin pos=48,46,16 hp=897
living id=2252 type=goblin pos=35,73,16 hp=936
living id=2253 type=greenslime pos=41,106,16 hp=695
living id=2254 type=goblinleader pos=138,193,16 hp=1601
living id=2255 type=goblin pos=192,167,16 hp=1134
living id=2256 type=spider pos=172,21,16 hp=640
living id=2257 type=giantspider pos=9,18,16 hp=862
living id=2258 type=goblin pos=188,166,16 hp=985
living id=2259 type=spider pos=157,166,16 hp=771
living id=2260 type=giantspider pos=181,96,16 hp=1070
living id=2261 type=giantspider pos=69,103,16 hp=1012
living id=2262 type=goblinleader pos=106,112,16 hp=1892
living id=2263 type=giantspider pos=162,109,16 hp=1137
living id=2264 type=redslime pos=66,197,16 hp=1082
living id=2265 type=redslime pos=95,165,16 hp=1117
living id=2266 type=goblinleader pos=164,176,16 hp=1614
living id=2267 type=giantspider pos=93,160,16 hp=994
living id=2268 type=greenslime pos=116,82,16 hp=613
living id=2269 type=redslime pos=134,37,16 hp=1043
living id=2270 type=goblinleader pos=114,195,16 hp=1585
living id=2271 type=goblin pos=137,109,16 hp=1101
living id=2272 type=giantspider pos=53,5,16 hp=1049
living id=2273 type=redslime pos=153,107,16 hp=957
living id=2274 type=spider pos=102,25,16 hp=620
living id=2275 type=goblinleader pos=155,178,16 hp=1799
living id=2276 type=redslime pos=189,173,16 hp=1147
living id=2277 type=goblinleader pos=119,192,16 hp=1969
living id=2278 type=greenslime pos=69,193,16 hp=665
living id=2279 type=greenslime pos=93,62,16 hp=794
living id=2280 type=goblinleader pos=99,139,16 hp=1718
living id=2281 type=spider pos=21,105,16 hp=792
living id=2282 type=goblinleader pos=16,62,16 hp=1443
living id=2283 type=greenslime pos=53,9,16 hp=660
living id=2284 type=giantspider pos=170,117,16 hp=1045
living id=2285 type=spider pos=176,129,16 hp=767
living id=2286 type=giantspider pos=188,53,16 hp=878
living id=2287 type=redslime pos=135,145,16 hp=973
living id=2288 type=spider pos=171,141,16 hp=820
living id=2289 type=goblinleader pos=21,130,16 hp=1446
living id=2290 type=spider pos=117,70,16 hp=647
living id=2291 type=redslime pos=191,164,16 hp=1035
living id=2292 type=spider pos=5,10,16 hp=629
living id=2293 type=redslime pos=16,75,16 hp=971
living id=2294 type=greenslime pos=180,198,16 hp=800
living id=2295 type=greenslime pos=90,189,16 hp=719
living id=2296 type=spider pos=27,166,16 hp=798
living id=2297 type=goblinleader pos=162,45,16 hp=1965
living id=2298 type=spider pos=97,158,16 hp=686
living id=2299 type=goblinleader pos=194,165,16 hp=1876
living id=2300 type=giantspider pos=129,108,16 hp=1016
living id=2301 type=goblin pos=91,59,16 hp=1140
living id=2302 type=goblin pos=55,175,16 hp=875
living id=2303 type=goblin pos=58,4,16 hp=1001
living id=2304 type=greenslime pos=10,197,16 hp=771
living id=2305 type=spider pos=118,3,16 hp=644
living id=2306 type=greenslime pos=113,155,16 hp=642
living id=2307 type=goblin pos=2,71,16 hp=925
living id=2308 type=redslime pos=119,88,16 hp=1033
living id=2309 type=goblin pos=146,114,16 hp=1067
living id=2310 type=greenslime pos=13,64,16 hp=624
living id=2311 type=giantspider pos=180,76,16 hp=977
living id=2312 type=greenslime pos=3,68,16 hp=645
living id=2313 type=redslime pos=73,148,16 hp=1103
living id=2314 type=goblinleader pos=41,67,16 hp=1590
living id=2315 type=goblinleader pos=168,138,16 hp=1624
living id=2316 type=goblin pos=112,163,16 hp=1036
living id=2317 type=goblin pos=67,116,16 hp=953
living id=2318 type=spider pos=145,104,16 hp=701
living id=2319 type=giantspider pos=39,59,16 hp=979
living id=2320 type=giantspider pos=93,84,16 hp=1013
living id=2321 type=redslime pos=121,5,16 hp=1142
living id=2322 type=spider pos=115,158,16 hp=746
living id=2323 type=redslime pos=144,136,16 hp=865
living id=2324 type=goblinleader pos=32,195,16 hp=1970
living id=2325 type=redslime pos=129,107,16 hp=926
living id=2326 type=spider pos=22,187,16 hp=645
living id=2327 type=redslime pos=58,36,16 hp=853
living id=2328 type=spider pos=90,135,16 hp=646
living id=2329 type=greenslime pos=160,193,16 hp=636
living id=2330 type=goblinleader pos=114,33,16 hp=1634
living id=2331 type=spider pos=132,111,16 hp=666
living id=2332 type=giantspider pos=27,14,16 hp=1108
living id=2333 type=giantspider pos=101,59,16 hp=1033
living id=2334 type=greenslime pos=139,98,16 hp=751
living id=2335 type=redslime pos=147,131,16 hp=938
living id=2336 type=goblin pos=95,133,16 hp=1081
living id=2337 type=spider pos=56,12,16 hp=796
living id=2338 type=spider pos=177,10,16 hp=629
living id=2339 type=giantspider pos=29,12,16 hp=997
living id=2340 type=goblin pos=96,47,16 hp=1111
living id=2341 type=greenslime pos=107,4,16 hp=619
living id=2342 type=giantspider pos=61,3,16 hp=1131
living id=2343 type=goblinleader pos=106,17,16 hp=1485
living id=2344 type=giantspider pos=152,146,16 hp=1018
living id=2345 type=redslime pos=24,88,16 hp=1028
living id=2346 type=greenslime pos=95,97,16 hp=665
living id=2347 type=giantspider pos=22,103,16 hp=938
living id=2348 type=goblin pos=23,182,16 hp=897
living id=2349 type=goblinleader pos=37,182,16 hp=1611
living id=2350 type=giantspider pos=111,74,16 hp=968
living id=2351 type=greenslime pos=98,44,16 hp=771
living id=2352 type=spider pos=35,42,16 hp=685
living id=2353 type=giantspider pos=43,46,16 hp=906
living id=2354 type=goblin pos=136,156,16 hp=1027
living id=2355 type=redslime pos=139,57,16 hp=1029
living id=2356 type=redslime pos=2,95,16 hp=1110
living id=2357 type=redslime pos=67,145,16 hp=1148
living id=2358 type=greenslime pos=192,170,16 hp=712
living id=2359 type=giantspider pos=170,135,16 hp=1024
living id=2360 type=goblin pos=137,34,16 hp=1051
living id=2361 type=greenslime pos=126,117,16 hp=788
living id=2362 type=spider pos=143,39,16 hp=771
living id=2363 type=greenslime pos=177,134,16 hp=649
living id=2364 type=greenslime pos=92,50,16 hp=728
living id=2365 type=goblin pos=27,161,16 hp=910
living id=2366 type=redslime pos=66,103,16 hp=1079
living id=2367 type=spider pos=165,17,16 hp=619
living id=2368 type=greenslime pos=24,132,16 hp=801
living id=2369 type=goblinleader pos=9,184,16 hp=1618
living id=2370 type=greenslime pos=145,119,16 hp=654
living id=2371 type=redslime pos=158,186,16 hp=957
living id=2372 type=goblinleader pos=134,68,16 hp=1570
living id=2373 type=goblin pos=169,140,16 hp=991
living id=2374 type=goblinleader pos=185,43,16 hp=1758
living id=2375 type=giantspider pos=160,167,16 hp=1064
living id=2376 type=spider pos=195,96,16 hp=788
living id=2377 type=spider pos=142,35,16 hp=684
living id=2378 type=spider pos=115,169,16 hp=685
living id=2379 type=giantspider pos=170,12,16 hp=1071
living id=2380 type=greenslime pos=16,100,16 hp=610
living id=2381 type=giantspider pos=191,46,16 hp=907
living id=2382 type=giantspider pos=66,118,16 hp=1003
living id=2383 type=redslime pos=38,193,16 hp=1140
living id=2384 type=greenslime pos=38,132,16 hp=772
living id=2385 type=giantspider pos=16,70,16 hp=1057
living id=2386 type=goblinleader pos=151,141,16 hp=1508
living id=2387 type=redslime pos=21,72,16 hp=893
living id=2388 type=spider pos=41,96,16 hp=597
living id=2389 type=spider pos=56,109,16 hp=788
living id=2390 type=spider pos=112,93,16 hp=669
living id=2391 type=giantspider pos=165,98,16 hp=1139
living id=2392 type=giantspider pos=191,161,16 hp=906
living id=2393 type=giantspider pos=117,112,16 hp=1055
living id=2394 type=giantspider pos=23,162,16 hp=971
living id=2395 type=spider pos=159,104,16 hp=671
living id=2396 type=spider pos=3,84,16 hp=702
living id=2397 type=goblin pos=98,28,16 hp=1137
living id=2398 type=goblin pos=156,25,16 hp=986
living id=2399 type=goblin pos=21,118,16 hp=866
living id=2400 type=greenslime pos=66,197,16 hp=772
living id=2401 type=goblin pos=153,132,16 hp=1087
living id=2402 type=greenslime pos=193,94,16 hp=630
living id=2403 type=redslime pos=137,6,16 hp=917
living id=2404 type=redslime pos=164,174,16 hp=1034
living id=2405 type=redslime pos=55,176,16 hp=889
living id=2406 type=greenslime pos=153,176,16 hp=657
living id=2407 type=goblin pos=181,187,16 hp=946
living id=2408 type=redslime pos=179,124,16 hp=1046
living id=2409 type=redslime pos=195,169,16 hp=1127
living id=2410 type=goblin pos=43,181,16 hp=862
living id=2411 type=spider pos=135,159,16 hp=680
living id=2412 type=goblin pos=91,159,16 hp=1106
living id=2413 type=giantspider pos=178,77,16 hp=1086
living id=2414 type=giantspider pos=89,194,16 hp=1001
living id=2415 type=goblin pos=61,11,16 hp=907
living id=2416 type=giantspider pos=98,163,16 hp=865
living id=2417 type=goblinleader pos=97,18,16 hp=1950
living id=2418 type=goblinleader pos=188,62,16 hp=1630
living id=2419 type=giantspider pos=8,16,16 hp=1011
living id=2420 type=spider pos=29,141,16 hp=646
living id=2421 type=goblinleader pos=101,27,16 hp=1543
living id=2422 type=redslime pos=180,165,16 hp=966
living id=2423 type=spider pos=152,147,16 hp=808
living id=2424 type=goblin pos=25,136,16 hp=1093
living id=2425 type=greenslime pos=25,101,16 hp=705
living id=2426 type=spider pos=52,3,16 hp=815
living id=2427 type=redslime pos=161,190,16 hp=899
living id=2428 type=giantspider pos=57,8,16 hp=1077
living id=2429 type=greenslime pos=140,195,16 hp=758
living id=2430 type=greenslime pos=8,16,16 hp=653
living id=2431 type=greenslime pos=100,62,16 hp=690
living id=2432 type=giantspider pos=159,16,16 hp=967
living id=2433 type=greenslime pos=34,27,16 hp=727
living id=2434 type=redslime pos=176,76,16 hp=1100
living id=2435 type=redslime pos=145,130,16 hp=918
living id=2436 type=greenslime pos=5,198,16 hp=654
living id=2437 type=greenslime pos=80,46,16 hp=662
living id=2438 type=greenslime pos=53,5,16 hp=776
living id=2439 type=giantspider pos=24,137,16 hp=911
living id=2440 type=spider pos=66,193,16 hp=695
living id=2441 type=spider pos=139,116,16 hp=705
living id=2442 type=redslime pos=127,131,16 hp=954
living id=2443 type=greenslime pos=142,98,16 hp=685
living id=2444 type=giantspider pos=121,23,16 hp=908
living id=2445 type=goblin pos=30,131,16 hp=1022
living id=2446 type=goblin pos=134,167,16 hp=931
living id=2447 type=goblin pos=136,191,16 hp=872
living id=2448 type=goblinleader pos=43,98,16 hp=1954
living id=2449 type=giantspider pos=20,132,16 hp=1106
living id=2450 type=greenslime pos=130,141,16 hp=655
living id=2451 type=giantspider pos=5,68,16 hp=981
living id=2452 type=redslime pos=161,116,16 hp=980
living id=2453 type=goblin pos=24,161,16 hp=1076
living id=2454 type=goblinleader pos=147,110,16 hp=1999
living id=2455 type=giantspider pos=161,165,16 hp=854
living id=2456 type=redslime pos=90,115,16 hp=1100
living id=2457 type=spider pos=62,20,16 hp=692
living id=2458 type=spider pos=56,3,16 hp=643
living id=2459 type=greenslime pos=184,38,16 hp=784
living id=2460 type=giantspider pos=179,198,16 hp=990
living id=2461 type=spider pos=156,54,16 hp=613
living id=2462 type=redslime pos=121,102,16 hp=881
living id=2463 type=goblinleader pos=14,196,16 hp=1830
living id=2464 type=spider pos=188,48,16 hp=821
living id=2465 type=greenslime pos=192,185,16 hp=734
living id=2466 type=spider pos=9,171,16 hp=738
living id=2467 type=giantspider pos=8,194,16 hp=995
living id=2468 type=redslime pos=22,99,16 hp=1130
living id=2469 type=giantspider pos=29,138,16 hp=955
living id=2470 type=goblin pos=63,44,16 hp=1124
living id=2471 type=giantspider pos=39,179,16 hp=1105
living id=2472 type=greenslime pos=114,154,16 hp=641
living id=2473 type=spider pos=6,141,16 hp=778
living id=2474 type=giantspider pos=151,100,16 hp=920
living id=2475 type=goblinleader pos=39,185,16 hp=1901
living id=2476 type=redslime pos=134,154,16 hp=1109
living id=2477 type=spider pos=3,82,16 hp=616
living id=2478 type=goblin pos=59,44,16 hp=894
living id=2479 type=goblinleader pos=112,44,16 hp=1883
living id=2480 type=giantspider pos=192,164,16 hp=924
living id=2481 type=giantspider pos=36,144,16 hp=971
living id=2482 type=spider pos=177,95,16 hp=688
living id=2483 type=spider pos=173,7,16 hp=768
living id=2484 type=greenslime pos=140,83,16 hp=783
living id=2485 type=goblinleader pos=164,166,16 hp=1788
living id=2486 type=goblin pos=172,41,16 hp=933
living id=2487 type=spider pos=126,25,16 hp=717
living id=2488 type=goblin pos=62,20,16 hp=1038
living id=2489 type=goblinleader pos=133,114,16 hp=1494
living id=2490 type=greenslime pos=66,81,16 hp=597
living id=2491 type=greenslime pos=187,147,16 hp=657
living id=2492 type=greenslime pos=84,194,16 hp=657
living id=2493 type=redslime pos=20,71,16 hp=1141
living id=2494 type=goblin pos=54,31,16 hp=939
living id=2495 type=greenslime pos=44,86,16 hp=734
living id=2496 type=giantspider pos=164,176,16 hp=914
living id=2497 type=spider pos=177,93,16 hp=769
living id=2498 type=spider pos=2,197,16 hp=646
living id=2499 type=goblinleader pos=131,107,16 hp=1534
living id=2500 type=goblin pos=165,79,16 hp=1134
living id=2501 type=goblinleader pos=56,116,16 hp=1870
living id=2502 type=goblin pos=123,23,16 hp=914
living id=2503 type=giantspider pos=28,159,16 hp=922
living id=2504 type=spider pos=36,68,16 hp=646
living id=2505 type=goblin pos=42,47,16 hp=1051
living id=2506 type=spider pos=66,94,16 hp=722
living id=2507 type=redslime pos=48,34,16 hp=1127
living id=2508 type=goblin pos=96,115,16 hp=1131
living id=2509 type=goblin pos=114,160,16 hp=1068
living id=2510 type=giantspider pos=54,182,16 hp=971
living id=2511 type=nusepthegoblinking pos=58,35,16 hp=2035
living id=2512 type=hobgoblinkaiser pos=157,151,18 hp=2177
living id=2513 type=cyclop pos=91,161,18 hp=2296
living id=2514 type=hobgoblinkaiser pos=146,117,18 hp=2177
living id=2515 type=redslime pos=60,21,18 hp=992
living id=2516 type=giantspider pos=102,121,18 hp=923
living id=2517 type=redslime pos=97,121,18 hp=1146
living id=2518 type=giantspider pos=55,175,18 hp=956
living id=2519 type=goblinleader pos=73,148,18 hp=1617
living id=2520 type=hobgoblinkaiser pos=119,160,18 hp=2203
living id=2521 type=redslime pos=171,190,18 hp=1130
living id=2522 type=goblin pos=121,127,18 hp=949
living id=2523 type=giantspider pos=51,129,18 hp=1011
living id=2524 type=goblin pos=95,81,18 hp=1012
living id=2525 type=hobgoblin pos=153,36,18 hp=1954
living id=2526 type=cyclop pos=37,87,18 hp=2103
living id=2527 type=cyclop pos=84,24,18 hp=2383
living id=2528 type=giantspider pos=151,120,18 hp=966
living id=2529 type=hobgoblinkaiser pos=70,36,18 hp=2331
living id=2530 type=hobgoblin pos=173,76,18 hp=1744
living id=2531 type=hobgoblinkaiser pos=59,175,18 hp=2606
living id=2532 type=cyclop pos=26,149,18 hp=1697
living id=2533 type=hobgoblinkaiser pos=6,85,18 hp=1798
living id=2534 type=cyclop pos=72,121,18 hp=2225
living id=2535 type=hobgoblinkaiser pos=41,51,18 hp=2409
living id=2536 type=hobgoblin pos=94,183,18 hp=2135
living id=2537 type=goblinleader pos=130,115,18 hp=1576
living id=2538 type=giantspider pos=24,96,18 hp=1028
living id=2539 type=goblin pos=98,131,18 hp=926
living id=2540 type=goblinleader pos=172,3,18 hp=2021
living id=2541 type=redslime pos=150,119,18 hp=1075
living id=2542 type=hobgoblinkaiser pos=122,146,18 hp=2085
living id=2543 type=cyclop pos=32,84,18 hp=1917
living id=2544 type=redslime pos=60,29,18 hp=1024
living id=2545 type=hobgoblinkaiser pos=121,193,18 hp=2495
living id=2546 type=hobgoblinkaiser pos=9,84,18 hp=1923
living id=2547 type=cyclop pos=73,132,18 hp=2076
living id=2548 type=hobgoblinkaiser pos=119,107,18 hp=1802
living id=2549 type=cyclop pos=131,152,18 hp=1944
living id=2550 type=giantspider pos=128,107,18 hp=945
living id=2551 type=hobgoblinkaiser pos=101,25,18 hp=2214
living id=2552 type=goblinleader pos=36,25,18 hp=1553
living id=2553 type=hobgoblin pos=102,24,18 hp=1746
living id=2554 type=hobgoblinkaiser pos=54,84,18 hp=1811
living id=2555 type=goblin pos=146,123,18 hp=993
living id=2556 type=cyclop pos=94,67,18 hp=2258
living id=2557 type=hobgoblinkaiser pos=132,119,18 hp=2273
living id=2558 type=hobgoblinkaiser pos=58,135,18 hp=2125
living id=2559 type=hobgoblin pos=72,32,18 hp=2053
living id=2560 type=goblin pos=48,22,18 hp=864
living id=2561 type=hobgoblinkaiser pos=4,118,18 hp=1860
living id=2562 type=goblin pos=83,120,18 hp=893
living id=2563 type=hobgoblinkaiser pos=168,94,18 hp=2615
living id=2564 type=redslime pos=179,6,18 hp=863
living id=2565 type=goblin pos=66,117,18 hp=1122
living id=2566 type=cyclop pos=169,92,18 hp=1917
living id=2567 type=goblin pos=13,117,18 hp=1063
living id=2568 type=redslime pos=179,75,18 hp=1117
living id=2569 type=hobgoblinkaiser pos=114,53,18 hp=1768
living id=2570 type=goblinleader pos=132,89,18 hp=1714
living id=2571 type=goblin pos=14,133,18 hp=1128
living id=2572 type=goblinleader pos=37,173,18 hp=1597
living id=2573 type=giantspider pos=18,153,18 hp=1018
living id=2574 type=cyclop pos=48,11,18 hp=1706
living id=2575 type=hobgoblin pos=27,98,18 hp=1624
living id=2576 type=goblinleader pos=99,48,18 hp=1686
living id=2577 type=hobgoblinkaiser pos=144,115,18 hp=2099
living id=2578 type=goblinleader pos=2,180,18 hp=1573
living id=2579 type=hobgoblinkaiser pos=100,149,18 hp=1909
living id=2580 type=giantspider pos=3,172,18 hp=966
living id=2581 type=giantspider pos=22,64,18 hp=1004
living id=2582 type=giantspider pos=132,50,18 hp=1007
living id=2583 type=goblin pos=37,193,18 hp=1014
living id=2584 type=redslime pos=106,179,18 hp=1146
living id=2585 type=redslime pos=55,30,18 hp=926
living id=2586 type=goblin pos=23,40,18 hp=912
living id=2587 type=redslime pos=178,4,18 hp=1139
living id=2588 type=giantspider pos=54,71,18 hp=870
living id=2589 type=hobgoblinkaiser pos=37,145,18 hp=1957
living id=2590 type=giantspider pos=172,189,18 hp=1020
living id=2591 type=hobgoblinkaiser pos=145,113,18 hp=2454
living id=2592 type=giantspider pos=47,101,18 hp=1083
living id=2593 type=goblin pos=90,158,18 hp=864
living id=2594 type=hobgoblinkaiser pos=25,41,18 hp=2508
living id=2595 type=cyclop pos=12,136,18 hp=1841
living id=2596 type=redslime pos=169,93,18 hp=961
living id=2597 type=goblinleader pos=95,142,18 hp=1581
living id=2598 type=goblin pos=104,181,18 hp=1025
living id=2599 type=goblinleader pos=2,173,18 hp=1410
living id=2600 type=hobgoblinkaiser pos=40,139,18 hp=1872
living id=2601 type=cyclop pos=23,25,18 hp=2007
living id=2602 type=goblin pos=153,146,18 hp=911
living id=2603 type=hobgoblinkaiser pos=182,116,18 hp=2341
living id=2604 type=redslime pos=132,88,18 hp=894
living id=2605 type=hobgoblin pos=60,22,18 hp=2013
living id=2606 type=cyclop pos=172,50,18 hp=1848
living id=2607 type=hobgoblinkaiser pos=16,188,18 hp=1889
living id=2608 type=goblinleader pos=111,179,18 hp=1986
living id=2609 type=redslime pos=69,34,18 hp=886
living id=2610 type=goblin pos=17,52,18 hp=894
living id=2611 type=giantspider pos=37,52,18 hp=1060
living id=2612 type=redslime pos=132,46,18 hp=965
living id=2613 type=goblin pos=50,70,18 hp=1129
living id=2614 type=goblinleader pos=115,193,18 hp=1882
living id=2615 type=goblin pos=151,193,18 hp=922
living id=2616 type=redslime pos=179,59,18 hp=1086
living id=2617 type=goblin pos=140,28,18 hp=1097
living id=2618 type=giantspider pos=153,64,18 hp=1147
living id=2619 type=redslime pos=126,103,18 hp=1138
living id=2620 type=goblin pos=30,67,18 hp=964
living id=2621 type=goblin pos=95,79,18 hp=856
living id=2622 type=hobgoblinkaiser pos=176,32,18 hp=2305
living id=2623 type=cyclop pos=143,175,18 hp=1838
living id=2624 type=goblinleader pos=140,131,18 hp=1406
living id=2625 type=cyclop pos=14,72,18 hp=2474
living id=2626 type=goblinleader pos=22,14,18 hp=1400
living id=2627 type=goblinleader pos=139,30,18 hp=1688
living id=2628 type=redslime pos=60,40,18 hp=951
living id=2629 type=cyclop pos=129,95,18 hp=2332
living id=2630 type=goblinleader pos=19,16,18 hp=1405
living id=2631 type=goblinleader pos=38,199,18 hp=1961
living id=2632 type=hobgoblinkaiser pos=87,130,18 hp=2110
living id=2633 type=cyclop pos=143,168,18 hp=2108
living id=2634 type=goblin pos=151,49,18 hp=929
living id=2635 type=giantspider pos=71,119,18 hp=949
living id=2636 type=hobgoblin pos=106,93,18 hp=2179
living id=2637 type=goblinleader pos=87,154,18 hp=1949
living id=2638 type=hobgoblinkaiser pos=40,82,18 hp=1915
living id=2639 type=cyclop pos=83,84,18 hp=2301
living id=2640 type=goblin pos=120,158,18 hp=996
living id=2641 type=giantspider pos=117,74,18 hp=924
living id=2642 type=goblinleader pos=60,36,18 hp=1813
living id=2643 type=redslime pos=50,128,18 hp=907
living id=2644 type=hobgoblinkaiser pos=14,113,18 hp=2577
living id=2645 type=goblin pos=57,156,18 hp=913
living id=2646 type=hobgoblin pos=164,157,18 hp=1849
living id=2647 type=redslime pos=59,50,18 hp=1117
living id=2648 type=hobgoblin pos=170,92,18 hp=1860
living id=2649 type=goblin pos=56,27,18 hp=1101
living id=2650 type=goblin pos=154,144,18 hp=973
living id=2651 type=goblinleader pos=184,49,18 hp=1688
living id=2652 type=hobgoblinkaiser pos=18,187,18 hp=2018
living id=2653 type=hobgoblin pos=177,5,18 hp=1755
living id=2654 type=hobgoblin pos=15,132,18 hp=2098
living id=2655 type=goblin pos=68,35,18 hp=879
living id=2656 type=goblinleader pos=60,9,18 hp=1405
living id=2657 type=hobgoblin pos=182,60,18 hp=2117
living id=2658 type=hobgoblinkaiser pos=64,26,18 hp=2121
living id=2659 type=giantspider pos=139,8,18 hp=980
living id=2660 type=cyclop pos=119,103,18 hp=2039
living id=2661 type=goblin pos=90,40,18 hp=914
living id=2662 type=hobgoblinkaiser pos=57,157,18 hp=2425
living id=2663 type=goblinleader pos=91,125,18 hp=1388
living id=2664 type=redslime pos=113,185,18 hp=981
living id=2665 type=goblinleader pos=116,74,18 hp=1579
living id=2666 type=hobgoblinkaiser pos=133,21,18 hp=2207
living id=2667 type=giantspider pos=117,109,18 hp=941
living id=2668 type=giantspider pos=27,150,18 hp=1010
living id=2669 type=hobgoblinkaiser pos=36,20,18 hp=2635
living id=2670 type=hobgoblin pos=20,171,18 hp=1927
living id=2671 type=hobgoblinkaiser pos=62,25,18 hp=2096
living id=2672 type=redslime pos=116,24,18 hp=1116
living id=2673 type=goblin pos=19,139,18 hp=857
living id=2674 type=cyclop pos=97,73,18 hp=2330
living id=2675 type=hobgoblinkaiser pos=123,152,18 hp=2153
living id=2676 type=cyclop pos=98,109,18 hp=2249
living id=2677 type=giantspider pos=185,141,18 hp=1022
living id=2678 type=redslime pos=133,47,18 hp=1121
living id=2679 type=hobgoblinkaiser pos=19,186,18 hp=2078
living id=2680 type=goblinleader pos=101,89,18 hp=1478
living id=2681 type=hobgoblin pos=141,110,18 hp=1899
living id=2682 type=goblinleader pos=129,160,18 hp=1427
living id=2683 type=hobgoblin pos=170,105,18 hp=2051
living id=2684 type=cyclop pos=144,181,18 hp=1781
living id=2685 type=goblin pos=5,161,18 hp=929
living id=2686 type=goblinleader pos=40,31,18 hp=1670
living id=2687 type=cyclop pos=90,130,18 hp=1810
living id=2688 type=cyclop pos=106,130,18 hp=2326
living id=2689 type=goblin pos=65,111,18 hp=881
living id=2690 type=hobgoblinkaiser pos=0,180,18 hp=2190
living id=2691 type=hobgoblin pos=112,75,18 hp=1912
living id=2692 type=hobgoblin pos=170,100,18 hp=1745
living id=2693 type=hobgoblin pos=174,103,18 hp=1782
living id=2694 type=cyclop pos=63,111,18 hp=2007
living id=2695 type=cyclop pos=172,195,18 hp=2196
living id=2696 type=hobgoblin pos=4,135,18 hp=1637
living id=2697 type=giantspider pos=16,19,18 hp=911
living id=2698 type=redslime pos=165,143,18 hp=1003
living id=2699 type=redslime pos=166,49,18 hp=909
living id=2700 type=giantspider pos=180,4,18 hp=1012
living id=2701 type=goblinleader pos=169,197,18 hp=1827
living id=2702 type=goblinleader pos=166,27,18 hp=2014
living id=2703 type=cyclop pos=142,196,18 hp=2248
living id=2704 type=goblinleader pos=40,19,18 hp=1686
living id=2705 type=goblinleader pos=186,46,18 hp=1771
living id=2706 type=giantspider pos=105,53,18 hp=985
living id=2707 type=cyclop pos=177,72,18 hp=2162
living id=2708 type=cyclop pos=123,133,18 hp=2407
living id=2709 type=goblin pos=179,97,18 hp=1003
living id=2710 type=goblin pos=62,25,18 hp=1039
living id=2711 type=goblinleader pos=119,175,18 hp=1844
living id=2712 type=giantspider pos=164,46,18 hp=1086
living id=2713 type=redslime pos=142,26,18 hp=901
living id=2714 type=cyclop pos=172,192,18 hp=2156
living id=2715 type=goblin pos=152,146,18 hp=1046
living id=2716 type=goblin pos=183,74,18 hp=981
living id=2717 type=hobgoblinkaiser pos=103,102,18 hp=2557
living id=2718 type=giantspider pos=48,8,18 hp=899
living id=2719 type=goblin pos=140,177,18 hp=1113
living id=2720 type=hobgoblin pos=195,34,18 hp=2041
living id=2721 type=hobgoblin pos=134,62,18 hp=1776
living id=2722 type=cyclop pos=121,144,18 hp=2303
living id=2723 type=cyclop pos=73,66,18 hp=2376
living id=2724 type=goblinleader pos=15,16,18 hp=1604
living id=2725 type=hobgoblin pos=114,161,18 hp=1940
living id=2726 type=giantspider pos=58,27,18 hp=881
living id=2727 type=goblin pos=183,168,18 hp=948
living id=2728 type=hobgoblin pos=161,23,18 hp=2032
living id=2729 type=giantspider pos=177,94,18 hp=902
living id=2730 type=redslime pos=177,120,18 hp=863
living id=2731 type=goblinleader pos=168,186,18 hp=1823
living id=2732 type=goblin pos=123,102,18 hp=864
living id=2733 type=goblinleader pos=176,118,18 hp=1428
living id=2734 type=giantspider pos=70,30,18 hp=973
living id=2735 type=goblin pos=31,151,18 hp=914
living id=2736 type=hobgoblin pos=21,156,18 hp=1857
living id=2737 type=redslime pos=67,118,18 hp=933
living id=2738 type=goblin pos=25,67,18 hp=927
living id=2739 type=goblinleader pos=78,174,18 hp=1497
living id=2740 type=hobgoblinkaiser pos=41,101,18 hp=2588
living id=2741 type=redslime pos=27,85,18 hp=944
living id=2742 type=redslime pos=153,36,18 hp=1096
living id=2743 type=giantspider pos=104,138,18 hp=1003
living id=2744 type=giantspider pos=66,110,18 hp=998
living id=2745 type=goblin pos=139,26,18 hp=1084
living id=2746 type=hobgoblin pos=44,22,18 hp=2175
living id=2747 type=goblin pos=184,148,18 hp=905
living id=2748 type=cyclop pos=179,96,18 hp=2502
living id=2749 type=goblinleader pos=182,144,18 hp=1418
living id=2750 type=redslime pos=60,112,18 hp=879
living id=2751 type=hobgoblin pos=83,158,18 hp=1691
living id=2752 type=hobgoblinkaiser pos=34,174,18 hp=1891
living id=2753 type=goblin pos=176,96,18 hp=962
living id=2754 type=cyclop pos=21,160,18 hp=2375
living id=2755 type=cyclop pos=123,100,18 hp=1980
living id=2756 type=giantspider pos=113,38,18 hp=932
living id=2757 type=hobgoblinkaiser pos=73,41,18 hp=2527
living id=2758 type=goblinleader pos=159,55,18 hp=1826
living id=2759 type=giantspider pos=17,189,18 hp=1104
living id=2760 type=redslime pos=134,94,18 hp=946
living id=2761 type=goblin pos=140,109,18 hp=993
living id=2762 type=hobgoblinkaiser pos=101,75,18 hp=2058
living id=2763 type=goblin pos=155,144,18 hp=1079
living id=2764 type=cyclop pos=82,189,18 hp=2497
living id=2765 type=redslime pos=105,147,18 hp=1064
living id=2766 type=hobgoblinkaiser pos=17,170,18 hp=2636
living id=2767 type=redslime pos=1,53,18 hp=1116
living id=2768 type=redslime pos=32,86,18 hp=960
living id=2769 type=goblinleader pos=16,71,18 hp=1513
living id=2770 type=hobgoblinkaiser pos=160,50,18 hp=2309
living id=2771 type=hobgoblinkaiser pos=16,189,18 hp=2391
living id=2772 type=giantspider pos=116,77,18 hp=1066
living id=2773 type=hobgoblinkaiser pos=40,78,18 hp=1815
living id=2774 type=goblin pos=49,63,18 hp=1084
living id=2775 type=redslime pos=39,138,18 hp=1073
living id=2776 type=goblinleader pos=149,34,18 hp=1960
living id=2777 type=redslime pos=22,74,18 hp=1101
living id=2778 type=hobgoblinkaiser pos=119,32,18 hp=2221
living id=2779 type=goblinleader pos=21,62,18 hp=1520
living id=2780 type=goblinleader pos=179,166,18 hp=1944
living id=2781 type=goblinleader pos=84,123,18 hp=1472
living id=2782 type=hobgoblin pos=71,108,18 hp=1958
living id=2783 type=goblinleader pos=24,11,18 hp=1998
living id=2784 type=goblinleader pos=61,20,18 hp=1841
living id=2785 type=goblinleader pos=27,64,18 hp=1755
living id=2786 type=cyclop pos=107,115,18 hp=1840
living id=2787 type=giantspider pos=2,86,18 hp=1117
living id=2788 type=goblin pos=96,134,18 hp=1045
living id=2789 type=goblinleader pos=68,112,18 hp=1502
living id=2790 type=cyclop pos=0,179,18 hp=1873
living id=2791 type=cyclop pos=162,180,18 hp=2187
living id=2792 type=hobgoblin pos=168,179,18 hp=1625
living id=2793 type=goblinleader pos=37,53,18 hp=1842
living id=2794 type=goblin pos=7,178,18 hp=981
living id=2795 type=goblin pos=65,49,18 hp=1144
living id=2796 type=cyclop pos=135,24,18 hp=2238
living id=2797 type=hobgoblin pos=147,114,18 hp=2094
living id=2798 type=redslime pos=40,52,18 hp=1124
living id=2799 type=redslime pos=136,47,18 hp=1134
living id=2800 type=cyclop pos=117,42,18 hp=2058
living id=2801 type=redslime pos=64,29,18 hp=1126
living id=2802 type=hobgoblin pos=48,69,18 hp=1909
living id=2803 type=hobgoblin pos=187,148,18 hp=1926
living id=2804 type=goblin pos=37,10,18 hp=1026
living id=2805 type=hobgoblinkaiser pos=96,183,18 hp=1787
living id=2806 type=goblinleader pos=179,48,18 hp=1841
living id=2807 type=goblinleader pos=181,51,18 hp=1466
living id=2808 type=cyclop pos=27,73,18 hp=2023
living id=2809 type=goblinleader pos=85,110,18 hp=2001
living id=2810 type=giantspider pos=168,34,18 hp=982
living id=2811 type=hobgoblinkaiser pos=106,136,18 hp=1782
living id=2812 type=giantspider pos=129,121,18 hp=870
living id=2813 type=goblin pos=135,50,18 hp=1070
living id=2814 type=redslime pos=62,30,18 hp=860
living id=2815 type=hobgoblin pos=127,153,18 hp=1658
living id=2816 type=goblin pos=60,131,18 hp=1112
living id=2817 type=hobgoblinkaiser pos=40,82,18 hp=2426
living id=2818 type=hobgoblin pos=164,169,18 hp=1682
living id=2819 type=goblin pos=173,33,18 hp=1137
living id=2820 type=hobgoblin pos=24,99,18 hp=1817
living id=2821 type=redslime pos=55,84,18 hp=1007
living id=2822 type=hobgoblin pos=157,26,18 hp=1911
living id=2823 type=cyclop pos=36,197,18 hp=1806
living id=2824 type=redslime pos=28,65,18 hp=1035
living id=2825 type=redslime pos=18,179,18 hp=961
living id=2826 type=giantspider pos=120,114,18 hp=902
living id=2827 type=hobgoblinkaiser pos=140,134,18 hp=2038
living id=2828 type=goblinleader pos=63,50,18 hp=1693
living id=2829 type=hobgoblin pos=59,20,18 hp=1769
living id=2830 type=goblinleader pos=20,22,18 hp=1968
living id=2831 type=giantspider pos=99,34,18 hp=1036
living id=2832 type=giantspider pos=159,120,18 hp=1087
living id=2833 type=redslime pos=3,73,18 hp=1109
living id=2834 type=goblinleader pos=80,11,18 hp=1598
living id=2835 type=giantspider pos=19,130,18 hp=928
living id=2836 type=hobgoblinkaiser pos=53,20,18 hp=2413
living id=2837 type=hobgoblin pos=178,65,18 hp=1824
living id=2838 type=goblin pos=167,182,18 hp=952
living id=2839 type=cyclop pos=131,90,18 hp=1969
living id=2840 type=redslime pos=41,85,18 hp=1110
living id=2841 type=giantspider pos=120,99,18 hp=1071
living id=2842 type=goblin pos=182,121,18 hp=933
living id=2843 type=giantspider pos=27,87,18 hp=1131
living id=2844 type=hobgoblin pos=136,46,18 hp=1742
living id=2845 type=hobgoblinkaiser pos=136,11,18 hp=2260
living id=2846 type=hobgoblinkaiser pos=34,10,18 hp=2601
living id=2847 type=goblinleader pos=98,142,18 hp=1527
living id=2848 type=redslime pos=152,120,18 hp=918
living id=2849 type=giantspider pos=5,172,18 hp=1021
living id=2850 type=hobgoblinkaiser pos=10,174,18 hp=2416
living id=2851 type=redslime pos=19,139,18 hp=1122
living id=2852 type=hobgoblinkaiser pos=182,53,18 hp=2549
living id=2853 type=goblinleader pos=91,158,18 hp=1647
living id=2854 type=goblin pos=179,136,18 hp=997
living id=2855 type=redslime pos=169,187,18 hp=1077
living id=2856 type=giantspider pos=106,24,18 hp=853
living id=2857 type=hobgoblinkaiser pos=153,150,18 hp=2294
living id=2858 type=goblin pos=183,171,18 hp=855
living id=2859 type=giantspider pos=49,8,18 hp=858
living id=2860 type=hobgoblin pos=17,143,18 hp=2156
living id=2861 type=cyclop pos=126,102,18 hp=2294
living id=2862 type=hobgoblin pos=144,134,18 hp=1698
living id=2863 type=hobgoblin pos=90,122,18 hp=2168
living id=2864 type=redslime pos=40,51,18 hp=920
living id=2865 type=hobgoblin pos=83,129,18 hp=1651
living id=2866 type=goblin pos=119,54,18 hp=895
living id=2867 type=cyclop pos=39,143,18 hp=1758
living id=2868 type=cyclop pos=68,114,18 hp=1914
living id=2869 type=giantspider pos=114,150,18 hp=868
living id=2870 type=goblinleader pos=21,136,18 hp=1455
living id=2871 type=cyclop pos=54,54,18 hp=2253
living id=2872 type=giantspider pos=93,33,18 hp=1023
living id=2873 type=giantspider pos=163,130,18 hp=1047
living id=2874 type=redslime pos=136,19,18 hp=1021
living id=2875 type=redslime pos=76,36,18 hp=1040
living id=2876 type=goblinleader pos=183,33,18 hp=1486
living id=2877 type=hobgoblin pos=121,187,18 hp=2005
living id=2878 type=goblinleader pos=101,137,18 hp=1858
living id=2879 type=goblin pos=166,146,18 hp=1105
living id=2880 type=goblin pos=85,62,18 hp=1008
living id=2881 type=redslime pos=63,115,18 hp=869
living id=2882 type=hobgoblinkaiser pos=133,28,18 hp=2251
living id=2883 type=goblin pos=56,130,18 hp=1125
living id=2884 type=goblin pos=89,155,18 hp=993
living id=2885 type=redslime pos=164,176,18 hp=1085
living id=2886 type=hobgoblin pos=22,154,18 hp=1708
living id=2887 type=cyclop pos=54,156,18 hp=2411
living id=2888 type=hobgoblinkaiser pos=109,24,18 hp=2487
living id=2889 type=redslime pos=153,122,18 hp=1143
living id=2890 type=goblin pos=114,102,18 hp=920
living id=2891 type=giantspider pos=151,38,18 hp=993
living id=2892 type=goblinleader pos=144,176,18 hp=1826
living id=2893 type=hobgoblin pos=145,180,18 hp=1878
living id=2894 type=goblinleader pos=97,25,18 hp=1964
living id=2895 type=redslime pos=57,48,18 hp=1058
living id=2896 type=cyclop pos=23,97,18 hp=2488
living id=2897 type=giantspider pos=18,130,18 hp=1122
living id=2898 type=goblinleader pos=120,150,18 hp=2005
living id=2899 type=hobgoblin pos=55,26,18 hp=1892
living id=2900 type=goblinleader pos=50,82,18 hp=1799
living id=2901 type=hobgoblinkaiser pos=118,38,18 hp=2125
living id=2902 type=hobgoblin pos=136,160,18 hp=2059
living id=2903 type=hobgoblin pos=20,21,18 hp=1978
living id=2904 type=goblin pos=81,110,18 hp=990
living id=2905 type=redslime pos=104,102,18 hp=968
living id=2906 type=giantspider pos=161,46,18 hp=1005
living id=2907 type=redslime pos=140,150,18 hp=931
living id=2908 type=hobgoblinkaiser pos=83,127,18 hp=2173
living id=2909 type=cyclop pos=171,192,18 hp=1814
living id=2910 type=giantspider pos=136,47,18 hp=888
living id=2911 type=hobgoblinkaiser pos=159,134,18 hp=2367
living id=2912 type=redslime pos=91,159,18 hp=1134
living id=2913 type=hobgoblinkaiser pos=15,21,18 hp=2292
living id=2914 type=hobgoblin pos=52,85,18 hp=1827
living id=2915 type=giantspider pos=143,135,18 hp=1093
living id=2916 type=hobgoblin pos=13,116,18 hp=1763
living id=2917 type=goblinleader pos=147,159,18 hp=1651
living id=2918 type=giantspider pos=163,129,18 hp=1147
living id=2919 type=goblinleader pos=173,92,18 hp=1977
living id=2920 type=hobgoblinkaiser pos=52,23,18 hp=1828
living id=2921 type=hobgoblin pos=19,142,18 hp=1901
living id=2922 type=giantspider pos=120,192,18 hp=1127
living id=2923 type=cyclop pos=178,145,18 hp=1926
living id=2924 type=redslime pos=3,119,18 hp=920
living id=2925 type=giantspider pos=17,57,18 hp=1107
living id=2926 type=giantspider pos=16,72,18 hp=1056
living id=2927 type=giantspider pos=160,50,18 hp=1034
living id=2928 type=goblinleader pos=152,119,18 hp=1818
living id=2929 type=goblinleader pos=145,107,18 hp=1810
living id=2930 type=hobgoblinkaiser pos=148,79,18 hp=1980
living id=2931 type=redslime pos=63,177,18 hp=952
living id=2932 type=goblin pos=153,181,18 hp=918
living id=2933 type=goblinleader pos=187,144,18 hp=1707
living id=2934 type=hobgoblinkaiser pos=173,12,18 hp=2333
living id=2935 type=cyclop pos=78,8,18 hp=1683
living id=2936 type=cyclop pos=176,100,18 hp=2238
living id=2937 type=goblin pos=90,28,18 hp=1105
living id=2938 type=goblin pos=72,72,18 hp=879
living id=2939 type=goblin pos=190,142,18 hp=899
living id=2940 type=goblin pos=155,181,18 hp=903
living id=2941 type=goblin pos=69,112,18 hp=957
living id=2942 type=goblinleader pos=28,88,18 hp=1788
living id=2943 type=hobgoblinkaiser pos=51,53,18 hp=1791
living id=2944 type=goblinleader pos=116,38,18 hp=1533
living id=2945 type=cyclop pos=93,158,18 hp=2531
living id=2946 type=goblin pos=108,148,18 hp=1113
living id=2947 type=hobgoblin pos=36,143,18 hp=1708
living id=2948 type=hobgoblinkaiser pos=119,41,18 hp=1909
living id=2949 type=hobgoblinkaiser pos=155,149,18 hp=2489
living id=2950 type=hobgoblinkaiser pos=15,156,18 hp=2234
living id=2951 type=giantspider pos=136,95,18 hp=1057
living id=2952 type=giantspider pos=163,143,18 hp=1096
living id=2953 type=giantspider pos=92,65,18 hp=892
living id=2954 type=goblin pos=156,60,18 hp=992
living id=2955 type=cyclop pos=96,112,18 hp=2256
living id=2956 type=hobgoblinkaiser pos=107,56,18 hp=2255
living id=2957 type=giantspider pos=121,161,18 hp=1145
living id=2958 type=goblinleader pos=52,21,18 hp=1802
living id=2959 type=goblin pos=5,156,18 hp=1109
living id=2960 type=goblin pos=96,48,18 hp=1054
living id=2961 type=goblin pos=3,76,18 hp=1099
living id=2962 type=goblin pos=166,183,18 hp=999
living id=2963 type=goblin pos=20,154,18 hp=1035
living id=2964 type=hobgoblin pos=93,31,18 hp=1945
living id=2965 type=redslime pos=20,156,18 hp=1023
living id=2966 type=cyclop pos=37,89,18 hp=1950
living id=2967 type=redslime pos=122,127,18 hp=1069
living id=2968 type=goblinleader pos=54,121,18 hp=1749
living id=2969 type=goblinleader pos=3,115,18 hp=1823
living id=2970 type=redslime pos=96,140,18 hp=1102
living id=2971 type=cyclop pos=72,32,18 hp=2030
living id=2972 type=giantspider pos=12,115,18 hp=1070
living id=2973 type=hobgoblin pos=105,180,18 hp=1915
living id=2974 type=redslime pos=70,105,18 hp=1086
living id=2975 type=goblin pos=161,23,18 hp=997
living id=2976 type=goblin pos=175,3,18 hp=852
living id=2977 type=redslime pos=77,8,18 hp=1008
living id=2978 type=giantspider pos=57,27,18 hp=995
living id=2979 type=giantspider pos=55,159,18 hp=1055
living id=2980 type=goblinleader pos=121,136,18 hp=1626
living id=2981 type=hobgoblin pos=105,93,18 hp=2095
living id=2982 type=hobgoblin pos=138,6,18 hp=1988
living id=2983 type=giantspider pos=42,88,18 hp=867
living id=2984 type=redslime pos=87,138,18 hp=872
living id=2985 type=giantspider pos=90,126,18 hp=871
living id=2986 type=redslime pos=70,35,18 hp=948
living id=2987 type=giantspider pos=107,102,18 hp=1032
living id=2988 type=redslime pos=163,128,18 hp=870
living id=2989 type=goblin pos=48,127,18 hp=983
living id=2990 type=cyclop pos=114,109,18 hp=2240
living id=2991 type=cyclop pos=92,28,18 hp=2291
living id=2992 type=redslime pos=156,48,18 hp=1115
living id=2993 type=goblinleader pos=173,101,18 hp=1516
living id=2994 type=cyclop pos=107,9,18 hp=1681
living id=2995 type=redslime pos=131,91,18 hp=909
living id=2996 type=goblinleader pos=76,7,18 hp=1961
living id=2997 type=goblin pos=151,181,18 hp=921
living id=2998 type=redslime pos=35,85,18 hp=1119
living id=2999 type=hobgoblin pos=180,124,18 hp=1940
living id=3000 type=goblin pos=136,19,18 hp=1134
living id=3001 type=goblinleader pos=178,46,18 hp=2005
living id=3002 type=hobgoblin pos=168,197,18 hp=2128
living id=3003 type=cyclop pos=121,161,18 hp=2175
living id=3004 type=hobgoblin pos=108,152,18 hp=2140
living id=3005 type=hobgoblin pos=119,146,18 hp=1810
living id=3006 type=hobgoblinkaiser pos=49,53,18 hp=1854
living id=3007 type=redslime pos=48,127,18 hp=1075
living id=3008 type=cyclop pos=177,76,18 hp=2289
living id=3009 type=hobgoblinkaiser pos=173,189,18 hp=1825
living id=3010 type=hobgoblin pos=3,138,18 hp=1908
living id=3011 type=goblinleader pos=4,180,18 hp=1462
living id=3012 type=hobgoblin pos=113,56,18 hp=1976
living id=3013 type=hobgoblinkaiser pos=57,161,18 hp=2651
living id=3014 type=cyclop pos=146,80,18 hp=2261
living id=3015 type=hobgoblinkaiser pos=39,100,18 hp=1763
living id=3016 type=hobgoblinkaiser pos=182,168,18 hp=2436
living id=3017 type=goblinleader pos=105,154,18 hp=1914
living id=3018 type=goblinleader pos=144,7,18 hp=1540
living id=3019 type=hobgoblinkaiser pos=177,123,18 hp=2213
living id=3020 type=hobgoblin pos=38,85,18 hp=1907
living id=3021 type=hobgoblinkaiser pos=39,176,18 hp=2423
living id=3022 type=hobgoblin pos=59,129,18 hp=1776
living id=3023 type=goblinleader pos=143,186,18 hp=1659
living id=3024 type=redslime pos=148,124,18 hp=916
living id=3025 type=giantspider pos=134,90,18 hp=928
living id=3026 type=redslime pos=170,58,18 hp=878
living id=3027 type=goblin pos=163,193,18 hp=889
living id=3028 type=giantspider pos=118,34,18 hp=1086
living id=3029 type=hobgoblinkaiser pos=98,77,18 hp=2487
living id=3030 type=goblinleader pos=86,76,18 hp=1744
living id=3031 type=cyclop pos=61,52,18 hp=2461
living id=3032 type=hobgoblin pos=45,8,18 hp=1738
living id=3033 type=redslime pos=13,86,18 hp=975
living id=3034 type=goblin pos=59,128,18 hp=879
living id=3035 type=hobgoblin pos=99,96,18 hp=1997
living id=3036 type=goblin pos=59,20,18 hp=891
living id=3037 type=hobgoblinkaiser pos=169,100,18 hp=2246
living id=3038 type=goblin pos=97,32,18 hp=871
living id=3039 type=goblinleader pos=118,187,18 hp=1974
living id=3040 type=goblin pos=28,133,18 hp=1030
living id=3041 type=hobgoblin pos=105,52,18 hp=2122
living id=3042 type=goblinleader pos=93,121,18 hp=1659
living id=3043 type=hobgoblin pos=22,39,18 hp=1849
living id=3044 type=goblin pos=47,131,18 hp=946
living id=3045 type=hobgoblinkaiser pos=85,60,18 hp=2113
living id=3046 type=goblin pos=140,181,18 hp=913
living id=3047 type=goblin pos=55,48,18 hp=988
living id=3048 type=giantspider pos=113,76,18 hp=990
living id=3049 type=cyclop pos=26,95,18 hp=2023
living id=3050 type=redslime pos=47,114,18 hp=988
living id=3051 type=goblinleader pos=177,72,18 hp=1659
living id=3052 type=redslime pos=0,176,18 hp=1094
living id=3053 type=goblin pos=27,62,18 hp=989
living id=3054 type=hobgoblin pos=92,84,18 hp=1862
living id=3055 type=cyclop pos=122,146,18 hp=2373
living id=3056 type=hobgoblin pos=87,183,18 hp=1987
living id=3057 type=goblin pos=83,36,18 hp=965
living id=3058 type=hobgoblinkaiser pos=31,65,18 hp=2113
living id=3059 type=giantspider pos=88,83,18 hp=1085
living id=3060 type=hobgoblinkaiser pos=130,136,18 hp=2246
living id=3061 type=redslime pos=53,178,18 hp=1005
living id=3062 type=hobgoblin pos=122,190,18 hp=1642
living id=3063 type=giantspider pos=120,192,18 hp=902
living id=3064 type=giantspider pos=5,157,18 hp=1002
living id=3065 type=cyclop pos=76,81,18 hp=2306
living id=3066 type=hobgoblinkaiser pos=137,48,18 hp=1851
living id=3067 type=goblin pos=52,95,18 hp=981
living id=3068 type=giantspider pos=21,46,18 hp=1065
living id=3069 type=goblin pos=103,124,18 hp=906
living id=3070 type=goblinleader pos=70,158,18 hp=1992
living id=3071 type=hobgoblinkaiser pos=26,62,18 hp=2551
living id=3072 type=hobgoblin pos=61,156,18 hp=2083
living id=3073 type=giantspider pos=184,180,18 hp=974
living id=3074 type=hobgoblinkaiser pos=136,19,18 hp=2406
living id=3075 type=cyclop pos=95,140,18 hp=2343
living id=3076 type=goblinleader pos=41,50,18 hp=1430
living id=3077 type=hobgoblin pos=75,40,18 hp=1749
living id=3078 type=goblinleader pos=118,98,18 hp=1777
living id=3079 type=hobgoblin pos=122,100,18 hp=1726
living id=3080 type=goblin pos=177,69,18 hp=1042
living id=3081 type=cyclop pos=97,153,18 hp=2214
living id=3082 type=goblinleader pos=104,126,18 hp=1944
living id=3083 type=goblin pos=34,118,18 hp=1137
living id=3084 type=hobgoblin pos=3,115,18 hp=1760
living id=3085 type=redslime pos=141,84,18 hp=1135
living id=3086 type=goblinleader pos=57,136,18 hp=1713
living id=3087 type=hobgoblinkaiser pos=126,152,18 hp=2343
living id=3088 type=hobgoblin pos=119,188,18 hp=1942
living id=3089 type=redslime pos=79,11,18 hp=1105
living id=3090 type=cyclop pos=90,130,18 hp=2435
living id=3091 type=giantspider pos=130,132,18 hp=970
living id=3092 type=redslime pos=151,117,18 hp=1077
living id=3093 type=hobgoblinkaiser pos=140,79,18 hp=2122
living id=3094 type=goblinleader pos=90,131,18 hp=1780
living id=3095 type=hobgoblin pos=63,113,18 hp=1924
living id=3096 type=goblin pos=54,118,18 hp=1015
living id=3097 type=giantspider pos=141,158,18 hp=892
living id=3098 type=redslime pos=138,157,18 hp=1070
living id=3099 type=giantspider pos=122,24,18 hp=893
living id=3100 type=redslime pos=88,156,18 hp=1137
living id=3101 type=hobgoblinkaiser pos=121,142,18 hp=2481
living id=3102 type=goblin pos=29,86,18 hp=1115
living id=3103 type=giantspider pos=36,52,18 hp=1010
living id=3104 type=hobgoblin pos=16,21,18 hp=1915
living id=3105 type=hobgoblin pos=76,122,18 hp=2179
living id=3106 type=cyclop pos=140,76,18 hp=1839
living id=3107 type=giantspider pos=17,19,18 hp=871
living id=3108 type=goblin pos=37,90,18 hp=1024
living id=3109 type=goblinleader pos=175,31,18 hp=1738
living id=3110 type=goblinleader pos=138,156,18 hp=1631
living id=3111 type=cyclop pos=149,115,18 hp=2450
living id=3112 type=hobgoblinkaiser pos=120,93,18 hp=1900
living id=3113 type=redslime pos=155,193,18 hp=943
living id=3114 type=goblin pos=33,131,18 hp=1021
living id=3115 type=goblinleader pos=22,18,18 hp=1806
living id=3116 type=hobgoblin pos=76,118,18 hp=1927
living id=3117 type=redslime pos=93,64,18 hp=1099
living id=3118 type=hobgoblinkaiser pos=150,110,18 hp=1793
living id=3119 type=hobgoblin pos=90,49,18 hp=1783
living id=3120 type=redslime pos=106,151,18 hp=910
living id=3121 type=redslime pos=169,105,18 hp=1108
living id=3122 type=giantspider pos=174,74,18 hp=1013
living id=3123 type=hobgoblinkaiser pos=98,55,18 hp=1763
living id=3124 type=goblin pos=78,7,18 hp=1050
living id=3125 type=redslime pos=40,83,18 hp=1087
living id=3126 type=hobgoblinkaiser pos=136,27,18 hp=2202
living id=3127 type=redslime pos=177,93,18 hp=1034
living id=3128 type=cyclop pos=180,76,18 hp=1975
living id=3129 type=giantspider pos=52,105,18 hp=884
living id=3130 type=hobgoblin pos=122,158,18 hp=1901
living id=3131 type=cyclop pos=55,19,18 hp=2300
living id=3132 type=cyclop pos=12,138,18 hp=2108
living id=3133 type=redslime pos=40,85,18 hp=1053
living id=3134 type=redslime pos=138,23,18 hp=1041
living id=3135 type=redslime pos=23,14,18 hp=1111
living id=3136 type=cyclop pos=30,141,18 hp=1743
living id=3137 type=cyclop pos=151,53,18 hp=1942
living id=3138 type=hobgoblinkaiser pos=28,41,18 hp=2600
living id=3139 type=giantspider pos=64,177,18 hp=992
living id=3140 type=cyclop pos=142,162,18 hp=2389
living id=3141 type=hobgoblin pos=15,135,18 hp=2016
living id=3142 type=giantspider pos=108,11,18 hp=1099
living id=3143 type=redslime pos=76,179,18 hp=1110
living id=3144 type=giantspider pos=136,85,18 hp=904
living id=3145 type=giantspider pos=68,38,18 hp=1092
living id=3146 type=goblinleader pos=75,154,18 hp=1417
living id=3147 type=giantspider pos=143,134,18 hp=919
living id=3148 type=redslime pos=177,75,18 hp=1098
living id=3149 type=hobgoblin pos=41,179,18 hp=1720
living id=3150 type=redslime pos=31,148,18 hp=1146
living id=3151 type=cyclop pos=175,81,18 hp=2174
living id=3152 type=goblin pos=2,55,18 hp=1026
living id=3153 type=giantspider pos=181,51,18 hp=981
living id=3154 type=goblin pos=60,53,18 hp=877
living id=3155 type=cyclop pos=182,128,18 hp=2361
living id=3156 type=hobgoblinkaiser pos=117,161,18 hp=2327
living id=3157 type=giantspider pos=18,175,18 hp=1066
living id=3158 type=goblinleader pos=75,117,18 hp=1532
living id=3159 type=goblin pos=40,34,18 hp=1011
living id=3160 type=hobgoblinkaiser pos=184,72,18 hp=2022
living id=3161 type=cyclop pos=73,39,18 hp=1892
living id=3162 type=cyclop pos=70,40,18 hp=1868
living id=3163 type=cyclop pos=130,146,18 hp=2353
living id=3164 type=goblinleader pos=108,127,18 hp=1871
living id=3165 type=cyclop pos=8,180,18 hp=2172
living id=3166 type=goblin pos=152,125,18 hp=1106
living id=3167 type=giantspider pos=119,174,18 hp=964
living id=3168 type=giantspider pos=183,45,18 hp=1000
living id=3169 type=redslime pos=160,21,18 hp=1057
living id=3170 type=redslime pos=40,143,18 hp=1069
living id=3171 type=cyclop pos=122,95,18 hp=1809
living id=3172 type=goblinleader pos=104,128,18 hp=1403
living id=3173 type=hobgoblinkaiser pos=53,113,18 hp=2650
living id=3174 type=hobgoblin pos=99,121,18 hp=1621
living id=3175 type=cyclop pos=86,180,18 hp=2059
living id=3176 type=hobgoblin pos=178,116,18 hp=1922
living id=3177 type=giantspider pos=134,55,18 hp=1071
living id=3178 type=goblinleader pos=176,69,18 hp=1666
living id=3179 type=hobgoblin pos=113,33,18 hp=1711
living id=3180 type=goblinleader pos=106,149,18 hp=1750
living id=3181 type=redslime pos=69,158,18 hp=1090
living id=3182 type=redslime pos=141,195,18 hp=1108
living id=3183 type=redslime pos=53,19,18 hp=954
living id=3184 type=hobgoblin pos=161,28,18 hp=2153
living id=3185 type=goblinleader pos=94,112,18 hp=1983
living id=3186 type=goblinleader pos=25,67,18 hp=1467
living id=3187 type=hobgoblinkaiser pos=68,106,18 hp=1851
living id=3188 type=cyclop pos=146,198,18 hp=1905
living id=3189 type=redslime pos=183,181,18 hp=1114
living id=3190 type=goblin pos=18,55,18 hp=904
living id=3191 type=redslime pos=178,102,18 hp=897
living id=3192 type=hobgoblin pos=164,165,18 hp=2015
living id=3193 type=cyclop pos=146,76,18 hp=1910
living id=3194 type=hobgoblin pos=52,160,18 hp=1663
living id=3195 type=cyclop pos=91,65,18 hp=2096
living id=3196 type=cyclop pos=105,120,18 hp=2191
living id=3197 type=cyclop pos=26,46,18 hp=1926
living id=3198 type=cyclop pos=185,180,18 hp=1979
living id=3199 type=goblinleader pos=29,41,18 hp=1891
living id=3200 type=goblinleader pos=83,83,18 hp=1545
living id=3201 type=cyclop pos=25,13,18 hp=1833
living id=3202 type=goblinleader pos=139,82,18 hp=1413
living id=3203 type=hobgoblinkaiser pos=92,161,18 hp=1933
living id=3204 type=hobgoblinkaiser pos=22,68,18 hp=1860
living id=3205 type=redslime pos=49,83,18 hp=852
living id=3206 type=cyclop pos=0,175,18 hp=1719
living id=3207 type=hobgoblinkaiser pos=38,49,18 hp=1938
living id=3208 type=cyclop pos=95,53,18 hp=1732
living id=3209 type=hobgoblin pos=62,47,18 hp=1966
living id=3210 type=redslime pos=184,144,18 hp=1075
living id=3211 type=hobgoblinkaiser pos=178,128,18 hp=1761
living id=3212 type=cyclop pos=131,120,18 hp=2308
living id=3213 type=cyclop pos=99,29,18 hp=2036
living id=3214 type=giantspider pos=181,80,18 hp=1147
living id=3215 type=goblin pos=104,89,18 hp=1136
living id=3216 type=hobgoblin pos=156,120,18 hp=2037
living id=3217 type=goblin pos=115,191,18 hp=963
living id=3218 type=hobgoblinkaiser pos=57,164,18 hp=1858
living id=3219 type=hobgoblinkaiser pos=123,109,18 hp=1813
living id=3220 type=goblin pos=117,108,18 hp=979
living id=3221 type=goblin pos=134,56,18 hp=1136
living id=3222 type=hobgoblinkaiser pos=50,111,18 hp=2321
living id=3223 type=hobgoblin pos=13,130,18 hp=2064
living id=3224 type=giantspider pos=39,116,18 hp=1145
living id=3225 type=redslime pos=40,83,18 hp=934
living id=3226 type=giantspider pos=163,24,18 hp=1130
living id=3227 type=hobgoblinkaiser pos=48,7,18 hp=1905
living id=3228 type=giantspider pos=119,178,18 hp=1140
living id=3229 type=redslime pos=147,119,18 hp=862
living id=3230 type=giantspider pos=104,33,18 hp=1013
living id=3231 type=cyclop pos=43,51,18 hp=1996
living id=3232 type=giantspider pos=40,56,18 hp=1003
living id=3233 type=giantspider pos=151,63,18 hp=1134
living id=3234 type=hobgoblin pos=139,11,18 hp=1696
living id=3235 type=giantspider pos=176,98,18 hp=991
living id=3236 type=hobgoblinkaiser pos=40,171,18 hp=2233
living id=3237 type=cyclop pos=180,116,18 hp=2189
living id=3238 type=redslime pos=103,119,18 hp=1022
living id=3239 type=hobgoblinkaiser pos=67,150,18 hp=1776
living id=3240 type=goblin pos=15,16,18 hp=921
living id=3241 type=redslime pos=182,73,18 hp=1068
living id=3242 type=giantspider pos=173,97,18 hp=1091
living id=3243 type=goblin pos=171,94,18 hp=1091
living id=3244 type=goblin pos=94,112,18 hp=1026
living id=3245 type=redslime pos=136,20,18 hp=1032
living id=3246 type=goblin pos=160,53,18 hp=1084
living id=3247 type=hobgoblinkaiser pos=17,142,18 hp=1879
living id=3248 type=goblin pos=158,148,18 hp=1121
living id=3249 type=hobgoblin pos=130,119,18 hp=1867
living id=3250 type=hobgoblinkaiser pos=53,80,18 hp=2450
living id=3251 type=giantspider pos=40,179,18 hp=1049
living id=3252 type=hobgoblinkaiser pos=163,21,18 hp=2376
living id=3253 type=hobgoblinkaiser pos=135,26,18 hp=1912
living id=3254 type=giantspider pos=167,180,18 hp=999
living id=3255 type=goblin pos=106,140,18 hp=901
living id=3256 type=hobgoblin pos=180,103,18 hp=1668
living id=3257 type=cyclop pos=19,46,18 hp=2377
living id=3258 type=goblinleader pos=78,158,18 hp=1414
living id=3259 type=giantspider pos=108,183,18 hp=952
living id=3260 type=giantspider pos=108,8,18 hp=1033
living id=3261 type=goblin pos=74,173,18 hp=1041
living id=3262 type=hobgoblin pos=177,59,18 hp=1917
living id=3263 type=goblinleader pos=3,76,18 hp=1642
living id=3264 type=giantspider pos=109,21,18 hp=1013
living id=3265 type=hobgoblin pos=17,153,18 hp=1639
living id=3266 type=hobgoblinkaiser pos=18,160,18 hp=2145
living id=3267 type=hobgoblinkaiser pos=25,46,18 hp=1950
living id=3268 type=giantspider pos=57,84,18 hp=1092
living id=3269 type=hobgoblin pos=37,52,18 hp=1997
living id=3270 type=redslime pos=174,73,18 hp=986
living id=3271 type=hobgoblinkaiser pos=186,143,18 hp=2496
living id=3272 type=hobgoblinkaiser pos=166,187,18 hp=1913
living id=3273 type=goblin pos=91,154,18 hp=863
living id=3274 type=hobgoblin pos=117,192,18 hp=2163
living id=3275 type=hobgoblinkaiser pos=65,9,18 hp=2629
living id=3276 type=giantspider pos=74,114,18 hp=940
living id=3277 type=goblin pos=75,123,18 hp=1039
living id=3278 type=cyclop pos=52,160,18 hp=2081
living id=3279 type=goblinleader pos=105,148,18 hp=1748
living id=3280 type=goblinleader pos=17,74,18 hp=1481
living id=3281 type=giantspider pos=174,34,18 hp=914
living id=3282 type=giantspider pos=148,120,18 hp=867
living id=3283 type=goblin pos=20,23,18 hp=1029
living id=3284 type=cyclop pos=153,131,18 hp=2473
living id=3285 type=hobgoblin pos=64,31,18 hp=1952
living id=3286 type=goblin pos=176,58,18 hp=967
living id=3287 type=redslime pos=3,75,18 hp=1044
living id=3288 type=hobgoblin pos=116,32,18 hp=1729
living id=3289 type=cyclop pos=151,114,18 hp=1948
living id=3290 type=hobgoblinkaiser pos=147,93,18 hp=2151
living id=3291 type=giantspider pos=145,192,18 hp=1093
living id=3292 type=goblin pos=137,134,18 hp=963
living id=3293 type=cyclop pos=171,103,18 hp=2367
living id=3294 type=goblin pos=156,60,18 hp=876
living id=3295 type=cyclop pos=55,26,18 hp=1666
living id=3296 type=goblinleader pos=160,52,18 hp=1916
living id=3297 type=hobgoblin pos=1,63,18 hp=1697
living id=3298 type=hobgoblin pos=89,131,18 hp=1860
living id=3299 type=giantspider pos=103,111,18 hp=984
living id=3300 type=hobgoblinkaiser pos=16,194,18 hp=2525
living id=3301 type=giantspider pos=149,107,18 hp=995
living id=3302 type=hobgoblinkaiser pos=114,36,18 hp=1999
living id=3303 type=hobgoblinkaiser pos=53,175,18 hp=2107
living id=3304 type=giantspider pos=79,11,18 hp=1031
living id=3305 type=hobgoblin pos=55,135,18 hp=1657
living id=3306 type=redslime pos=94,84,18 hp=860
living id=3307 type=giantspider pos=133,95,18 hp=950
living id=3308 type=giantspider pos=137,11,18 hp=956
living id=3309 type=hobgoblin pos=121,109,18 hp=1692
living id=3310 type=hobgoblinkaiser pos=97,179,18 hp=2402
living id=3311 type=hobgoblinkaiser pos=85,61,18 hp=2122
living id=3312 type=draukthehobgoblinking pos=134,111,18 hp=2893
living id=3313 type=goblinleader pos=47,81,20 hp=1753
living id=3314 type=cyclop pos=91,67,20 hp=1885
living id=3315 type=giantspider pos=133,162,20 hp=924
living id=3316 type=goblin pos=8,31,20 hp=974
living id=3317 type=goblinleader pos=107,181,20 hp=1972
living id=3318 type=giantspider pos=174,174,20 hp=1032
living id=3319 type=cyclop pos=116,116,20 hp=1950
living id=3320 type=hobgoblinkaiser pos=83,123,20 hp=2517
living id=3321 type=cyclop pos=196,142,20 hp=1698
living id=3322 type=redslime pos=167,25,20 hp=1025
living id=3323 type=direwolfalpha pos=34,36,20 hp=1339
living id=3324 type=cyclop pos=164,14,20 hp=2089
living id=3325 type=direwolfalpha pos=121,13,20 hp=1597
living id=3326 type=goblin pos=191,152,20 hp=1131
living id=3327 type=hobgoblinkaiser pos=187,174,20 hp=2114
living id=3328 type=goblin pos=32,127,20 hp=939
living id=3329 type=direwolfalpha pos=168,23,20 hp=1389
living id=3330 type=redslime pos=164,183,20 hp=949
living id=3331 type=redslime pos=10,105,20 hp=988
living id=3332 type=cyclop pos=174,16,20 hp=2003
living id=3333 type=hobgoblin pos=103,190,20 hp=1930
living id=3334 type=giantspider pos=106,90,20 hp=1046
living id=3335 type=direwolf pos=29,58,20 hp=1659
living id=3336 type=hobgoblinkaiser pos=21,103,20 hp=1958
living id=3337 type=cyclop pos=72,69,20 hp=1980
living id=3338 type=hobgoblinkaiser pos=123,27,20 hp=1956
living id=3339 type=goblinleader pos=17,96,20 hp=1742
living id=3340 type=direwolfalpha pos=23,102,20 hp=1679
living id=3341 type=direwolf pos=100,179,20 hp=1366
living id=3342 type=cyclop pos=73,167,20 hp=2394
living id=3343 type=goblinleader pos=7,44,20 hp=1815
living id=3344 type=direwolfalpha pos=174,36,20 hp=1557
living id=3345 type=giantspider pos=180,13,20 hp=1001
living id=3346 type=direwolf pos=157,41,20 hp=1416
living id=3347 type=giantspider pos=79,145,20 hp=955
living id=3348 type=redslime pos=42,119,20 hp=969
living id=3349 type=cyclop pos=165,137,20 hp=2449
living id=3350 type=goblin pos=100,13,20 hp=948
living id=3351 type=direwolf pos=189,173,20 hp=1513
living id=3352 type=direwolf pos=27,85,20 hp=1459
living id=3353 type=direwolfalpha pos=116,17,20 hp=1364
living id=3354 type=goblin pos=165,159,20 hp=1004
living id=3355 type=goblin pos=141,198,20 hp=968
living id=3356 type=goblin pos=137,51,20 hp=1124
living id=3357 type=direwolfalpha pos=136,9,20 hp=1288
living id=3358 type=giantspider pos=69,149,20 hp=884
living id=3359 type=goblin pos=86,123,20 hp=998
living id=3360 type=giantspider pos=177,142,20 hp=950
living id=3361 type=hobgoblinkaiser pos=169,19,20 hp=2465
living id=3362 type=cyclop pos=4,182,20 hp=2349
living id=3363 type=goblinleader pos=184,165,20 hp=1987
living id=3364 type=giantspider pos=36,82,20 hp=851
living id=3365 type=goblin pos=67,71,20 hp=1023
living id=3366 type=cyclop pos=152,31,20 hp=2520
living id=3367 type=goblinleader pos=28,146,20 hp=1564
living id=3368 type=hobgoblin pos=22,139,20 hp=1852
living id=3369 type=goblinleader pos=186,189,20 hp=1426
living id=3370 type=cyclop pos=84,68,20 hp=1831
living id=3371 type=cyclop pos=171,28,20 hp=2341
living id=3372 type=goblinleader pos=125,25,20 hp=1950
living id=3373 type=direwolf pos=102,77,20 hp=1526
living id=3374 type=hobgoblinkaiser pos=11,36,20 hp=2475
living id=3375 type=direwolfalpha pos=84,196,20 hp=1518
living id=3376 type=hobgoblinkaiser pos=11,31,20 hp=2598
living id=3377 type=goblinleader pos=71,181,20 hp=1792
living id=3378 type=redslime pos=155,125,20 hp=884
living id=3379 type=cyclop pos=75,189,20 hp=2118
living id=3380 type=hobgoblinkaiser pos=187,73,20 hp=1878
living id=3381 type=goblin pos=147,76,20 hp=908
living id=3382 type=goblinleader pos=156,122,20 hp=1404
living id=3383 type=cyclop pos=165,56,20 hp=2429
living id=3384 type=hobgoblin pos=3,27,20 hp=1680
living id=3385 type=cyclop pos=5,82,20 hp=2516
living id=3386 type=cyclop pos=136,128,20 hp=1929
living id=3387 type=redslime pos=79,51,20 hp=938
living id=3388 type=redslime pos=151,75,20 hp=1001
living id=3389 type=hobgoblin pos=7,124,20 hp=1881
living id=3390 type=goblinleader pos=61,95,20 hp=1582
living id=3391 type=goblinleader pos=107,179,20 hp=1761
living id=3392 type=cyclop pos=3,128,20 hp=2281
living id=3393 type=direwolfalpha pos=162,155,20 hp=1338
living id=3394 type=direwolf pos=152,106,20 hp=1571
living id=3395 type=cyclop pos=197,59,20 hp=1776
living id=3396 type=direwolfalpha pos=125,157,20 hp=1406
living id=3397 type=redslime pos=7,69,20 hp=973
living id=3398 type=goblin pos=64,94,20 hp=990
living id=3399 type=direwolfalpha pos=86,67,20 hp=1544
living id=3400 type=direwolfalpha pos=145,104,20 hp=1622
living id=3401 type=redslime pos=183,61,20 hp=945
living id=3402 type=direwolfalpha pos=93,184,20 hp=1518
living id=3403 type=hobgoblin pos=113,77,20 hp=2065
living id=3404 type=goblin pos=82,49,20 hp=956
living id=3405 type=redslime pos=82,171,20 hp=1092
living id=3406 type=cyclop pos=82,57,20 hp=1683
living id=3407 type=direwolfalpha pos=135,192,20 hp=1414
living id=3408 type=redslime pos=45,39,20 hp=1045
living id=3409 type=goblinleader pos=162,29,20 hp=1828
living id=3410 type=giantspider pos=76,44,20 hp=917
living id=3411 type=direwolf pos=5,179,20 hp=1675
living id=3412 type=hobgoblin pos=66,62,20 hp=1684
living id=3413 type=hobgoblin pos=125,84,20 hp=2036
living id=3414 type=redslime pos=96,32,20 hp=922
living id=3415 type=cyclop pos=149,126,20 hp=1760
living id=3416 type=direwolf pos=196,191,20 hp=1342
living id=3417 type=redslime pos=73,26,20 hp=1024
living id=3418 type=direwolf pos=110,99,20 hp=1433
living id=3419 type=direwolf pos=106,104,20 hp=1456
living id=3420 type=direwolf pos=169,41,20 hp=1354
living id=3421 type=redslime pos=176,138,20 hp=1104
living id=3422 type=redslime pos=7,105,20 hp=1134
living id=3423 type=direwolf pos=15,85,20 hp=1547
living id=3424 type=direwolf pos=35,142,20 hp=1587
living id=3425 type=goblinleader pos=112,192,20 hp=1628
living id=3426 type=direwolfalpha pos=106,71,20 hp=1286
living id=3427 type=giantspider pos=163,179,20 hp=1048
living id=3428 type=cyclop pos=80,99,20 hp=1852
living id=3429 type=giantspider pos=164,29,20 hp=1064
living id=3430 type=redslime pos=165,12,20 hp=1110
living id=3431 type=cyclop pos=81,178,20 hp=1914
living id=3432 type=goblinleader pos=165,102,20 hp=1961
living id=3433 type=goblinleader pos=78,58,20 hp=1484
living id=3434 type=goblin pos=25,178,20 hp=909
living id=3435 type=giantspider pos=37,82,20 hp=869
living id=3436 type=cyclop pos=158,58,20 hp=1788
living id=3437 type=hobgoblin pos=114,119,20 hp=1742
living id=3438 type=goblin pos=117,168,20 hp=929
living id=3439 type=direwolfalpha pos=185,156,20 hp=1499
living id=3440 type=hobgoblin pos=50,32,20 hp=1715
living id=3441 type=goblinleader pos=165,107,20 hp=1990
living id=3442 type=redslime pos=155,42,20 hp=855
living id=3443 type=goblin pos=127,78,20 hp=932
living id=3444 type=giantspider pos=127,188,20 hp=976
living id=3445 type=goblin pos=197,122,20 hp=908
living id=3446 type=giantspider pos=135,12,20 hp=1083
living id=3447 type=direwolfalpha pos=148,18,20 hp=1510
living id=3448 type=cyclop pos=24,108,20 hp=2322
living id=3449 type=goblinleader pos=182,80,20 hp=1388
living id=3450 type=hobgoblinkaiser pos=9,84,20 hp=1809
living id=3451 type=goblinleader pos=17,110,20 hp=1730
living id=3452 type=goblin pos=42,149,20 hp=938
living id=3453 type=hobgoblinkaiser pos=152,62,20 hp=2085
living id=3454 type=hobgoblin pos=33,40,20 hp=1625
living id=3455 type=hobgoblin pos=91,120,20 hp=1730
living id=3456 type=giantspider pos=91,18,20 hp=1056
living id=3457 type=cyclop pos=167,107,20 hp=2076
living id=3458 type=goblinleader pos=107,104,20 hp=1427
living id=3459 type=giantspider pos=158,4,20 hp=882
living id=3460 type=direwolfalpha pos=58,193,20 hp=1280
living id=3461 type=direwolfalpha pos=79,131,20 hp=1535
living id=3462 type=goblin pos=187,197,20 hp=926
living id=3463 type=redslime pos=68,74,20 hp=883
living id=3464 type=direwolf pos=161,133,20 hp=1513
living id=3465 type=goblinleader pos=87,117,20 hp=1752
living id=3466 type=redslime pos=133,187,20 hp=1038
living id=3467 type=hobgoblinkaiser pos=111,124,20 hp=2409
living id=3468 type=direwolf pos=159,124,20 hp=1359
living id=3469 type=direwolfalpha pos=104,148,20 hp=1695
living id=3470 type=giantspider pos=93,113,20 hp=1140
living id=3471 type=goblin pos=179,141,20 hp=869
living id=3472 type=cyclop pos=1,52,20 hp=1836
living id=3473 type=direwolfalpha pos=11,109,20 hp=1500
living id=3474 type=direwolf pos=183,180,20 hp=1636
living id=3475 type=direwolf pos=136,179,20 hp=1473
living id=3476 type=hobgoblinkaiser pos=74,73,20 hp=1844
living id=3477 type=giantspider pos=29,144,20 hp=1023
living id=3478 type=redslime pos=183,188,20 hp=1085
living id=3479 type=goblinleader pos=136,57,20 hp=1856
living id=3480 type=goblinleader pos=112,81,20 hp=1601
living id=3481 type=goblinleader pos=137,66,20 hp=1798
living id=3482 type=goblin pos=124,173,20 hp=1147
living id=3483 type=direwolf pos=70,136,20 hp=1341
living id=3484 type=goblin pos=137,2,20 hp=1069
living id=3485 type=goblin pos=14,85,20 hp=1032
living id=3486 type=hobgoblin pos=45,171,20 hp=1916
living id=3487 type=hobgoblinkaiser pos=110,133,20 hp=2260
living id=3488 type=goblin pos=91,138,20 hp=961
living id=3489 type=cyclop pos=136,108,20 hp=2186
living id=3490 type=direwolf pos=88,91,20 hp=1335
living id=3491 type=cyclop pos=54,7,20 hp=1794
living id=3492 type=goblin pos=91,183,20 hp=871
living id=3493 type=goblinleader pos=13,82,20 hp=1786
living id=3494 type=hobgoblin pos=176,31,20 hp=2182
living id=3495 type=goblinleader pos=115,107,20 hp=1759
living id=3496 type=direwolfalpha pos=89,66,20 hp=1611
living id=3497 type=goblinleader pos=66,11,20 hp=1924
living id=3498 type=hobgoblin pos=195,75,20 hp=2098
living id=3499 type=hobgoblin pos=109,120,20 hp=1765
living id=3500 type=redslime pos=118,94,20 hp=1004
living id=3501 type=hobgoblin pos=127,6,20 hp=1756
living id=3502 type=giantspider pos=108,34,20 hp=1023
living id=3503 type=giantspider pos=149,189,20 hp=925
living id=3504 type=goblinleader pos=58,2,20 hp=1561
living id=3505 type=goblin pos=128,67,20 hp=898
living id=3506 type=goblinleader pos=50,53,20 hp=1769
living id=3507 type=giantspider pos=149,119,20 hp=884
living id=3508 type=goblin pos=150,69,20 hp=1096
living id=3509 type=goblinleader pos=178,30,20 hp=1775
living id=3510 type=redslime pos=155,108,20 hp=1030
living id=3511 type=direwolf pos=93,160,20 hp=1571
living id=3512 type=giantspider pos=94,66,20 hp=862
living id=3513 type=hobgoblin pos=185,29,20 hp=1702
living id=3514 type=goblinleader pos=15,21,20 hp=1997
living id=3515 type=direwolf pos=134,197,20 hp=1562
living id=3516 type=goblinleader pos=133,140,20 hp=1604
living id=3517 type=direwolf pos=189,114,20 hp=1422
living id=3518 type=cyclop pos=102,144,20 hp=2229
living id=3519 type=direwolf pos=178,144,20 hp=1415
living id=3520 type=hobgoblin pos=78,142,20 hp=2113
living id=3521 type=direwolf pos=135,108,20 hp=1325
living id=3522 type=direwolfalpha pos=178,50,20 hp=1410
living id=3523 type=cyclop pos=68,102,20 hp=1984
living id=3524 type=redslime pos=117,155,20 hp=964
living id=3525 type=goblin pos=170,125,20 hp=898
living id=3526 type=giantspider pos=92,106,20 hp=986
living id=3527 type=direwolf pos=132,183,20 hp=1339
living id=3528 type=redslime pos=189,53,20 hp=856
living id=3529 type=direwolfalpha pos=134,162,20 hp=1670
living id=3530 type=hobgoblin pos=129,53,20 hp=1787
living id=3531 type=hobgoblin pos=4,150,20 hp=1875
living id=3532 type=redslime pos=163,79,20 hp=1051
living id=3533 type=direwolfalpha pos=36,81,20 hp=1296
living id=3534 type=direwolfalpha pos=151,49,20 hp=1538
living id=3535 type=redslime pos=194,174,20 hp=921
living id=3536 type=hobgoblin pos=32,103,20 hp=2125
living id=3537 type=hobgoblin pos=102,88,20 hp=1751
living id=3538 type=goblin pos=7,184,20 hp=957
living id=3539 type=hobgoblin pos=97,12,20 hp=2040
living id=3540 type=goblin pos=189,16,20 hp=932
living id=3541 type=giantspider pos=5,61,20 hp=954
living id=3542 type=direwolfalpha pos=162,67,20 hp=1546
living id=3543 type=direwolfalpha pos=190,133,20 hp=1625
living id=3544 type=giantspider pos=5,19,20 hp=1131
living id=3545 type=hobgoblinkaiser pos=75,116,20 hp=1914
living id=3546 type=direwolf pos=172,8,20 hp=1544
living id=3547 type=redslime pos=80,93,20 hp=897
living id=3548 type=direwolfalpha pos=138,135,20 hp=1716
living id=3549 type=goblinleader pos=37,92,20 hp=1900
living id=3550 type=hobgoblin pos=119,31,20 hp=2054
living id=3551 type=direwolf pos=113,61,20 hp=1475
living id=3552 type=hobgoblin pos=156,95,20 hp=1987
living id=3553 type=goblin pos=16,191,20 hp=1075
living id=3554 type=hobgoblinkaiser pos=73,192,20 hp=2372
living id=3555 type=hobgoblinkaiser pos=190,195,20 hp=1861
living id=3556 type=goblin pos=2,93,20 hp=871
living id=3557 type=direwolf pos=135,88,20 hp=1394
living id=3558 type=direwolf pos=67,11,20 hp=1563
living id=3559 type=giantspider pos=152,139,20 hp=1002
living id=3560 type=hobgoblin pos=86,150,20 hp=1685
living id=3561 type=cyclop pos=69,197,20 hp=2254
living id=3562 type=goblinleader pos=11,79,20 hp=1603
living id=3563 type=redslime pos=115,164,20 hp=924
living id=3564 type=redslime pos=47,140,20 hp=1116
living id=3565 type=goblinleader pos=150,140,20 hp=1395
living id=3566 type=goblinleader pos=120,6,20 hp=1711
living id=3567 type=direwolf pos=64,197,20 hp=1370
living id=3568 type=goblinleader pos=108,131,20 hp=1860
living id=3569 type=goblin pos=10,32,20 hp=1090
living id=3570 type=goblinleader pos=143,160,20 hp=1836
living id=3571 type=redslime pos=177,181,20 hp=1131
living id=3572 type=redslime pos=168,30,20 hp=992
living id=3573 type=hobgoblinkaiser pos=105,2,20 hp=1924
living id=3574 type=goblin pos=125,157,20 hp=1093
living id=3575 type=hobgoblin pos=133,183,20 hp=1901
living id=3576 type=direwolf pos=52,157,20 hp=1571
living id=3577 type=direwolf pos=72,179,20 hp=1654
living id=3578 type=giantspider pos=153,59,20 hp=1053
living id=3579 type=direwolf pos=78,176,20 hp=1555
living id=3580 type=cyclop pos=27,182,20 hp=2039
living id=3581 type=goblin pos=49,123,20 hp=1024
living id=3582 type=direwolf pos=136,74,20 hp=1443
living id=3583 type=direwolf pos=124,190,20 hp=1508
living id=3584 type=giantspider pos=195,185,20 hp=1009
living id=3585 type=giantspider pos=73,117,20 hp=1015
living id=3586 type=hobgoblin pos=73,192,20 hp=1675
living id=3587 type=redslime pos=32,6,20 hp=1077
living id=3588 type=direwolf pos=90,184,20 hp=1561
living id=3589 type=direwolfalpha pos=124,32,20 hp=1371
living id=3590 type=cyclop pos=194,131,20 hp=2334
living id=3591 type=direwolfalpha pos=183,122,20 hp=1496
living id=3592 type=direwolf pos=122,101,20 hp=1661
living id=3593 type=hobgoblinkaiser pos=189,159,20 hp=2122
living id=3594 type=direwolfalpha pos=162,115,20 hp=1373
living id=3595 type=redslime pos=30,147,20 hp=966
living id=3596 type=direwolf pos=58,103,20 hp=1664
living id=3597 type=hobgoblin pos=3,159,20 hp=1944
living id=3598 type=direwolf pos=195,148,20 hp=1505
living id=3599 type=giantspider pos=31,109,20 hp=942
living id=3600 type=cyclop pos=13,116,20 hp=1954
living id=3601 type=direwolfalpha pos=37,125,20 hp=1406
living id=3602 type=giantspider pos=192,180,20 hp=1114
living id=3603 type=direwolfalpha pos=75,11,20 hp=1598
living id=3604 type=direwolfalpha pos=25,81,20 hp=1328
living id=3605 type=hobgoblinkaiser pos=82,143,20 hp=2146
living id=3606 type=direwolf pos=89,118,20 hp=1337
living id=3607 type=redslime pos=18,90,20 hp=1079
living id=3608 type=redslime pos=25,77,20 hp=1104
living id=3609 type=hobgoblin pos=179,119,20 hp=1720
living id=3610 type=cyclop pos=127,13,20 hp=1958
living id=3611 type=direwolf pos=186,53,20 hp=1487
living id=3612 type=cyclop pos=137,166,20 hp=1865
living id=3613 type=direwolfalpha pos=113,103,20 hp=1652
living id=3614 type=goblinleader pos=137,176,20 hp=1806
living id=3615 type=direwolf pos=117,137,20 hp=1619
living id=3616 type=giantspider pos=158,37,20 hp=1061
living id=3617 type=direwolf pos=100,100,20 hp=1432
living id=3618 type=giantspider pos=68,132,20 hp=1064
living id=3619 type=hobgoblinkaiser pos=60,146,20 hp=2039
living id=3620 type=hobgoblin pos=88,49,20 hp=1897
living id=3621 type=cyclop pos=129,166,20 hp=2295
living id=3622 type=goblin pos=148,46,20 hp=1141
living id=3623 type=direwolf pos=185,110,20 hp=1574
living id=3624 type=goblinleader pos=71,155,20 hp=1748
living id=3625 type=redslime pos=178,184,20 hp=1030
living id=3626 type=direwolf pos=40,120,20 hp=1622
living id=3627 type=goblinleader pos=167,197,20 hp=1767
living id=3628 type=hobgoblin pos=103,182,20 hp=1882
living id=3629 type=hobgoblin pos=162,136,20 hp=1790
living id=3630 type=hobgoblinkaiser pos=66,169,20 hp=1763
living id=3631 type=redslime pos=62,174,20 hp=943
living id=3632 type=goblin pos=128,134,20 hp=858
living id=3633 type=giantspider pos=179,84,20 hp=863
living id=3634 type=direwolf pos=68,87,20 hp=1393
living id=3635 type=giantspider pos=154,164,20 hp=1054
living id=3636 type=direwolfalpha pos=131,34,20 hp=1657
living id=3637 type=giantspider pos=160,145,20 hp=1083
living id=3638 type=cyclop pos=191,51,20 hp=2322
living id=3639 type=hobgoblinkaiser pos=70,61,20 hp=2287
living id=3640 type=goblin pos=124,151,20 hp=935
living id=3641 type=goblin pos=51,75,20 hp=1149
living id=3642 type=hobgoblinkaiser pos=57,179,20 hp=2282
living id=3643 type=hobgoblin pos=42,136,20 hp=1958
living id=3644 type=cyclop pos=37,190,20 hp=2169
living id=3645 type=hobgoblin pos=42,87,20 hp=1626
living id=3646 type=redslime pos=102,69,20 hp=969
living id=3647 type=hobgoblinkaiser pos=133,198,20 hp=2413
living id=3648 type=goblin pos=128,189,20 hp=1137
living id=3649 type=cyclop pos=89,38,20 hp=2172
living id=3650 type=direwolf pos=134,173,20 hp=1410
living id=3651 type=hobgoblinkaiser pos=168,76,20 hp=2260
living id=3652 type=cyclop pos=99,134,20 hp=1965
living id=3653 type=goblin pos=192,54,20 hp=1111
living id=3654 type=hobgoblinkaiser pos=24,97,20 hp=2059
living id=3655 type=redslime pos=144,135,20 hp=1023
living id=3656 type=direwolfalpha pos=62,183,20 hp=1294
living id=3657 type=hobgoblin pos=166,188,20 hp=1982
living id=3658 type=direwolf pos=63,22,20 hp=1515
living id=3659 type=giantspider pos=12,78,20 hp=1044
living id=3660 type=direwolfalpha pos=55,61,20 hp=1532
living id=3661 type=hobgoblinkaiser pos=185,86,20 hp=2121
living id=3662 type=hobgoblinkaiser pos=13,138,20 hp=1977
living id=3663 type=direwolfalpha pos=93,115,20 hp=1444
living id=3664 type=direwolfalpha pos=84,8,20 hp=1675
living id=3665 type=direwolfalpha pos=72,179,20 hp=1563
living id=3666 type=hobgoblinkaiser pos=160,45,20 hp=1790
living id=3667 type=direwolfalpha pos=51,150,20 hp=1578
living id=3668 type=giantspider pos=122,55,20 hp=959
living id=3669 type=giantspider pos=51,63,20 hp=1103
living id=3670 type=goblin pos=116,77,20 hp=983
living id=3671 type=goblin pos=44,120,20 hp=904
living id=3672 type=hobgoblinkaiser pos=105,15,20 hp=1777
living id=3673 type=hobgoblin pos=188,108,20 hp=1925
living id=3674 type=goblinleader pos=138,182,20 hp=1472
living id=3675 type=direwolf pos=128,19,20 hp=1650
living id=3676 type=hobgoblinkaiser pos=183,123,20 hp=2432
living id=3677 type=goblinleader pos=104,176,20 hp=1764
living id=3678 type=hobgoblinkaiser pos=117,55,20 hp=2425
living id=3679 type=redslime pos=130,134,20 hp=985
living id=3680 type=direwolfalpha pos=144,66,20 hp=1571
living id=3681 type=redslime pos=23,171,20 hp=1038
living id=3682 type=redslime pos=127,83,20 hp=928
living id=3683 type=cyclop pos=41,11,20 hp=2224
living id=3684 type=giantspider pos=120,160,20 hp=1085
living id=3685 type=hobgoblin pos=30,161,20 hp=1722
living id=3686 type=direwolfalpha pos=94,10,20 hp=1602
living id=3687 type=hobgoblinkaiser pos=14,75,20 hp=2501
living id=3688 type=hobgoblinkaiser pos=174,28,20 hp=2043
living id=3689 type=direwolfalpha pos=165,73,20 hp=1330
living id=3690 type=giantspider pos=39,82,20 hp=893
living id=3691 type=redslime pos=46,141,20 hp=949
living id=3692 type=redslime pos=114,123,20 hp=904
living id=3693 type=hobgoblin pos=126,161,20 hp=2103
living id=3694 type=cyclop pos=168,11,20 hp=2271
living id=3695 type=direwolf pos=139,177,20 hp=1363
living id=3696 type=hobgoblin pos=140,24,20 hp=1927
living id=3697 type=hobgoblinkaiser pos=156,135,20 hp=1916
living id=3698 type=hobgoblinkaiser pos=111,121,20 hp=2522
living id=3699 type=goblin pos=100,100,20 hp=955
living id=3700 type=goblinleader pos=171,37,20 hp=1683
living id=3701 type=hobgoblinkaiser pos=29,178,20 hp=1767
living id=3702 type=giantspider pos=19,17,20 hp=1006
living id=3703 type=redslime pos=176,30,20 hp=904
living id=3704 type=hobgoblinkaiser pos=158,181,20 hp=1800
living id=3705 type=direwolfalpha pos=37,147,20 hp=1611
living id=3706 type=goblin pos=188,26,20 hp=1015
living id=3707 type=giantspider pos=44,119,20 hp=1068
living id=3708 type=direwolf pos=29,159,20 hp=1458
living id=3709 type=hobgoblinkaiser pos=110,90,20 hp=2396
living id=3710 type=hobgoblinkaiser pos=85,31,20 hp=1813
living id=3711 type=cyclop pos=89,21,20 hp=1913
living id=3712 type=hobgoblin pos=69,1,20 hp=1875
living id=3713 type=goblin pos=178,30,20 hp=884
living id=3714 type=hobgoblin pos=41,3,20 hp=1968
living id=3715 type=hobgoblin pos=180,41,20 hp=1891
living id=3716 type=giantspider pos=68,131,20 hp=991
living id=3717 type=hobgoblin pos=18,32,20 hp=1670
living id=3718 type=redslime pos=180,101,20 hp=1001
living id=3719 type=direwolfalpha pos=149,150,20 hp=1646
living id=3720 type=giantspider pos=102,58,20 hp=898
living id=3721 type=hobgoblinkaiser pos=101,176,20 hp=1950
living id=3722 type=redslime pos=153,58,20 hp=1072
living id=3723 type=cyclop pos=62,23,20 hp=2140
living id=3724 type=hobgoblinkaiser pos=85,161,20 hp=2032
living id=3725 type=cyclop pos=166,185,20 hp=2061
living id=3726 type=direwolfalpha pos=112,193,20 hp=1468
living id=3727 type=cyclop pos=32,197,20 hp=1784
living id=3728 type=hobgoblinkaiser pos=49,10,20 hp=2575
living id=3729 type=redslime pos=95,23,20 hp=868
living id=3730 type=redslime pos=125,66,20 hp=1122
living id=3731 type=goblinleader pos=18,86,20 hp=1871
living id=3732 type=goblinleader pos=169,6,20 hp=1451
living id=3733 type=cyclop pos=148,78,20 hp=1973
living id=3734 type=cyclop pos=170,123,20 hp=2410
living id=3735 type=redslime pos=73,10,20 hp=898
living id=3736 type=direwolf pos=157,48,20 hp=1426
living id=3737 type=goblinleader pos=121,40,20 hp=1942
living id=3738 type=goblin pos=103,135,20 hp=867
living id=3739 type=hobgoblin pos=165,108,20 hp=1951
living id=3740 type=redslime pos=66,12,20 hp=1056
living id=3741 type=redslime pos=125,7,20 hp=1013
living id=3742 type=goblin pos=151,143,20 hp=921
living id=3743 type=hobgoblinkaiser pos=164,56,20 hp=2108
living id=3744 type=hobgoblinkaiser pos=193,197,20 hp=1880
living id=3745 type=goblin pos=35,160,20 hp=950
living id=3746 type=redslime pos=24,21,20 hp=1009
living id=3747 type=cyclop pos=85,151,20 hp=2417
living id=3748 type=giantspider pos=88,128,20 hp=856
living id=3749 type=direwolfalpha pos=66,194,20 hp=1518
living id=3750 type=direwolf pos=97,47,20 hp=1648
living id=3751 type=direwolf pos=136,132,20 hp=1344
living id=3752 type=hobgoblin pos=1,96,20 hp=2078
living id=3753 type=goblin pos=58,16,20 hp=1113
living id=3754 type=direwolfalpha pos=132,122,20 hp=1447
living id=3755 type=goblinleader pos=46,124,20 hp=1542
living id=3756 type=direwolf pos=129,100,20 hp=1518
living id=3757 type=cyclop pos=121,64,20 hp=1663
living id=3758 type=cyclop pos=169,13,20 hp=1798
living id=3759 type=direwolfalpha pos=179,185,20 hp=1322
living id=3760 type=cyclop pos=159,60,20 hp=1691
living id=3761 type=giantspider pos=60,99,20 hp=924
living id=3762 type=hobgoblin pos=20,191,20 hp=2166
living id=3763 type=direwolf pos=146,74,20 hp=1394
living id=3764 type=hobgoblin pos=146,67,20 hp=2031
living id=3765 type=direwolfalpha pos=60,137,20 hp=1678
living id=3766 type=goblin pos=8,86,20 hp=903
living id=3767 type=hobgoblinkaiser pos=113,121,20 hp=2010
living id=3768 type=redslime pos=26,47,20 hp=968
living id=3769 type=direwolfalpha pos=177,69,20 hp=1687
living id=3770 type=goblinleader pos=21,114,20 hp=1668
living id=3771 type=direwolf pos=76,2,20 hp=1419
living id=3772 type=direwolf pos=156,42,20 hp=1501
living id=3773 type=goblin pos=75,46,20 hp=862
living id=3774 type=goblinleader pos=32,147,20 hp=1431
living id=3775 type=direwolfalpha pos=151,63,20 hp=1366
living id=3776 type=goblinleader pos=152,47,20 hp=1752
living id=3777 type=redslime pos=107,10,20 hp=883
living id=3778 type=direwolfalpha pos=170,157,20 hp=1372
living id=3779 type=direwolfalpha pos=18,117,20 hp=1445
living id=3780 type=cyclop pos=149,46,20 hp=1955
living id=3781 type=goblinleader pos=61,72,20 hp=1575
living id=3782 type=hobgoblin pos=46,97,20 hp=2119
living id=3783 type=hobgoblin pos=5,80,20 hp=1628
living id=3784 type=goblin pos=65,140,20 hp=859
living id=3785 type=cyclop pos=69,78,20 hp=1794
living id=3786 type=cyclop pos=22,194,20 hp=1849
living id=3787 type=goblinleader pos=97,69,20 hp=1465
living id=3788 type=hobgoblinkaiser pos=160,160,20 hp=2645
living id=3789 type=goblin pos=100,140,20 hp=1142
living id=3790 type=giantspider pos=126,147,20 hp=863
living id=3791 type=hobgoblinkaiser pos=79,141,20 hp=2118
living id=3792 type=hobgoblin pos=83,184,20 hp=1770
living id=3793 type=giantspider pos=45,94,20 hp=899
living id=3794 type=cyclop pos=146,71,20 hp=1902
living id=3795 type=direwolf pos=179,142,20 hp=1335
living id=3796 type=goblin pos=129,104,20 hp=1110
living id=3797 type=giantspider pos=171,179,20 hp=1106
living id=3798 type=goblin pos=53,2,20 hp=1091
living id=3799 type=direwolf pos=33,64,20 hp=1326
living id=3800 type=direwolf pos=155,168,20 hp=1598
living id=3801 type=direwolfalpha pos=51,154,20 hp=1534
living id=3802 type=giantspider pos=55,62,20 hp=1121
living id=3803 type=goblinleader pos=108,137,20 hp=1618
living id=3804 type=giantspider pos=173,10,20 hp=1057
living id=3805 type=direwolfalpha pos=177,96,20 hp=1600
living id=3806 type=giantspider pos=110,181,20 hp=1035
living id=3807 type=direwolfalpha pos=87,56,20 hp=1533
living id=3808 type=hobgoblin pos=157,150,20 hp=1998
living id=3809 type=direwolfalpha pos=162,45,20 hp=1656
living id=3810 type=goblin pos=2,77,20 hp=1023
living id=3811 type=direwolf pos=98,35,20 hp=1603
living id=3812 type=direwolf pos=122,43,20 hp=1443
living id=3813 type=hobgoblinkaiser pos=51,75,20 hp=2231
living id=3814 type=cyclop pos=187,180,20 hp=1869
living id=3815 type=direwolf pos=44,22,20 hp=1585
living id=3816 type=direwolfalpha pos=85,182,20 hp=1564
living id=3817 type=hobgoblin pos=84,104,20 hp=1725
living id=3818 type=hobgoblin pos=119,158,20 hp=1915
living id=3819 type=direwolfalpha pos=187,28,20 hp=1392
living id=3820 type=redslime pos=145,168,20 hp=969
living id=3821 type=goblin pos=121,96,20 hp=925
living id=3822 type=hobgoblin pos=59,92,20 hp=2042
living id=3823 type=direwolf pos=77,145,20 hp=1404
living id=3824 type=direwolfalpha pos=140,61,20 hp=1621
living id=3825 type=hobgoblinkaiser pos=88,121,20 hp=1997
living id=3826 type=redslime pos=47,42,20 hp=877
living id=3827 type=direwolfalpha pos=176,35,20 hp=1284
living id=3828 type=giantspider pos=54,167,20 hp=867
living id=3829 type=direwolf pos=45,89,20 hp=1679
living id=3830 type=hobgoblin pos=157,38,20 hp=1720
living id=3831 type=redslime pos=184,56,20 hp=1132
living id=3832 type=redslime pos=96,166,20 hp=1134
living id=3833 type=cyclop pos=3,130,20 hp=2341
living id=3834 type=direwolfalpha pos=51,160,20 hp=1708
living id=3835 type=direwolf pos=13,129,20 hp=1381
living id=3836 type=hobgoblinkaiser pos=21,24,20 hp=2477
living id=3837 type=hobgoblin pos=63,138,20 hp=2128
living id=3838 type=goblin pos=63,139,20 hp=1006
living id=3839 type=giantspider pos=62,174,20 hp=957
living id=3840 type=goblinleader pos=107,189,20 hp=1476
living id=3841 type=direwolfalpha pos=127,133,20 hp=1392
living id=3842 type=direwolfalpha pos=192,158,20 hp=1598
living id=3843 type=goblinleader pos=109,35,20 hp=1410
living id=3844 type=direwolfalpha pos=164,68,20 hp=1681
living id=3845 type=direwolf pos=109,194,20 hp=1610
living id=3846 type=redslime pos=176,135,20 hp=1038
living id=3847 type=direwolf pos=44,87,20 hp=1473
living id=3848 type=goblinleader pos=145,125,20 hp=1925
living id=3849 type=goblin pos=75,159,20 hp=967
living id=3850 type=cyclop pos=36,188,20 hp=1718
living id=3851 type=goblin pos=140,14,20 hp=982
living id=3852 type=giantspider pos=49,124,20 hp=1094
living id=3853 type=hobgoblinkaiser pos=144,134,20 hp=2224
living id=3854 type=hobgoblin pos=52,7,20 hp=1693
living id=3855 type=hobgoblinkaiser pos=57,26,20 hp=2261
living id=3856 type=giantspider pos=185,116,20 hp=977
living id=3857 type=redslime pos=187,127,20 hp=1053
living id=3858 type=goblinleader pos=127,164,20 hp=1803
living id=3859 type=giantspider pos=13,190,20 hp=1098
living id=3860 type=direwolf pos=81,64,20 hp=1613
living id=3861 type=redslime pos=44,148,20 hp=1042
living id=3862 type=direwolf pos=169,84,20 hp=1375
living id=3863 type=hobgoblin pos=47,89,20 hp=1854
living id=3864 type=cyclop pos=179,93,20 hp=1698
living id=3865 type=direwolfalpha pos=11,50,20 hp=1442
living id=3866 type=cyclop pos=22,92,20 hp=2338
living id=3867 type=goblin pos=138,145,20 hp=1088
living id=3868 type=cyclop pos=111,67,20 hp=2492
living id=3869 type=redslime pos=133,84,20 hp=927
living id=3870 type=giantspider pos=163,132,20 hp=988
living id=3871 type=hobgoblin pos=137,159,20 hp=1702
living id=3872 type=goblin pos=94,49,20 hp=979
living id=3873 type=giantspider pos=147,17,20 hp=968
living id=3874 type=goblin pos=29,161,20 hp=952
living id=3875 type=giantspider pos=59,71,20 hp=986
living id=3876 type=redslime pos=39,122,20 hp=888
living id=3877 type=goblin pos=126,8,20 hp=907
living id=3878 type=goblin pos=51,152,20 hp=1043
living id=3879 type=direwolf pos=118,175,20 hp=1433
living id=3880 type=goblinleader pos=34,107,20 hp=1512
living id=3881 type=redslime pos=73,20,20 hp=925
living id=3882 type=goblin pos=95,137,20 hp=1140
living id=3883 type=giantspider pos=116,93,20 hp=1093
living id=3884 type=direwolf pos=194,132,20 hp=1399
living id=3885 type=hobgoblinkaiser pos=179,136,20 hp=2327
living id=3886 type=redslime pos=75,147,20 hp=1107
living id=3887 type=goblinleader pos=66,4,20 hp=1734
living id=3888 type=redslime pos=181,8,20 hp=944
living id=3889 type=hobgoblin pos=163,115,20 hp=2164
living id=3890 type=goblinleader pos=100,80,20 hp=1610
living id=3891 type=direwolf pos=111,110,20 hp=1517
living id=3892 type=giantspider pos=26,114,20 hp=938
living id=3893 type=direwolfalpha pos=133,13,20 hp=1364
living id=3894 type=goblin pos=69,1,20 hp=984
living id=3895 type=hobgoblin pos=79,135,20 hp=1898
living id=3896 type=hobgoblinkaiser pos=177,80,20 hp=2222
living id=3897 type=direwolfalpha pos=113,119,20 hp=1380
living id=3898 type=direwolf pos=127,122,20 hp=1439
living id=3899 type=direwolfalpha pos=197,19,20 hp=1347
living id=3900 type=hobgoblin pos=114,178,20 hp=1837
living id=3901 type=goblinleader pos=61,182,20 hp=1654
living id=3902 type=hobgoblin pos=164,183,20 hp=2126
living id=3903 type=giantspider pos=68,83,20 hp=893
living id=3904 type=goblinleader pos=126,78,20 hp=1977
living id=3905 type=giantspider pos=125,7,20 hp=868
living id=3906 type=goblin pos=10,88,20 hp=926
living id=3907 type=hobgoblinkaiser pos=34,105,20 hp=1825
living id=3908 type=direwolfalpha pos=160,9,20 hp=1557
living id=3909 type=goblinleader pos=52,116,20 hp=1383
living id=3910 type=redslime pos=188,175,20 hp=858
living id=3911 type=goblinleader pos=91,176,20 hp=1880
living id=3912 type=hobgoblin pos=99,9,20 hp=1861
living id=3913 type=goblinleader pos=60,100,20 hp=1685
living id=3914 type=goblinleader pos=116,138,20 hp=1837
living id=3915 type=cyclop pos=193,121,20 hp=2425
living id=3916 type=hobgoblinkaiser pos=171,56,20 hp=1827
living id=3917 type=redslime pos=32,12,20 hp=1071
living id=3918 type=giantspider pos=137,168,20 hp=889
living id=3919 type=cyclop pos=13,131,20 hp=1740
living id=3920 type=giantspider pos=49,153,20 hp=887
living id=3921 type=direwolfalpha pos=117,124,20 hp=1528
living id=3922 type=goblin pos=97,68,20 hp=1041
living id=3923 type=hobgoblinkaiser pos=79,52,20 hp=2307
living id=3924 type=cyclop pos=34,81,20 hp=1967
living id=3925 type=giantspider pos=159,28,20 hp=966
living id=3926 type=redslime pos=99,77,20 hp=880
living id=3927 type=direwolf pos=63,101,20 hp=1432
living id=3928 type=goblin pos=33,105,20 hp=919
living id=3929 type=giantspider pos=162,45,20 hp=1008
living id=3930 type=direwolf pos=43,41,20 hp=1616
living id=3931 type=direwolfalpha pos=172,81,20 hp=1672
living id=3932 type=hobgoblin pos=21,37,20 hp=2070
living id=3933 type=direwolfalpha pos=175,136,20 hp=1304
living id=3934 type=goblinleader pos=105,92,20 hp=1458
living id=3935 type=direwolfalpha pos=197,12,20 hp=1690
living id=3936 type=giantspider pos=62,152,20 hp=908
living id=3937 type=direwolf pos=165,77,20 hp=1485
living id=3938 type=direwolf pos=26,77,20 hp=1415
living id=3939 type=direwolfalpha pos=54,79,20 hp=1324
living id=3940 type=direwolfalpha pos=129,4,20 hp=1447
living id=3941 type=giantspider pos=162,131,20 hp=942
living id=3942 type=direwolfalpha pos=153,63,20 hp=1490
living id=3943 type=direwolf pos=180,50,20 hp=1562
living id=3944 type=direwolf pos=88,139,20 hp=1535
living id=3945 type=hobgoblin pos=28,178,20 hp=1967
living id=3946 type=direwolf pos=197,193,20 hp=1603
living id=3947 type=direwolfalpha pos=163,26,20 hp=1548
living id=3948 type=goblin pos=86,125,20 hp=989
living id=3949 type=redslime pos=48,90,20 hp=1145
living id=3950 type=direwolf pos=174,81,20 hp=1406
living id=3951 type=direwolfalpha pos=77,189,20 hp=1559
living id=3952 type=hobgoblin pos=129,187,20 hp=1986
living id=3953 type=hobgoblin pos=172,33,20 hp=1980
living id=3954 type=direwolfalpha pos=53,125,20 hp=1647
living id=3955 type=cyclop pos=45,144,20 hp=1665
living id=3956 type=redslime pos=24,57,20 hp=886
living id=3957 type=giantspider pos=91,49,20 hp=1115
living id=3958 type=cyclop pos=47,22,20 hp=1994
living id=3959 type=cyclop pos=15,157,20 hp=1748
living id=3960 type=giantspider pos=191,141,20 hp=892
living id=3961 type=giantspider pos=146,70,20 hp=1037
living id=3962 type=hobgoblinkaiser pos=65,14,20 hp=1992
living id=3963 type=goblin pos=2,3,20 hp=910
living id=3964 type=goblin pos=61,24,20 hp=990
living id=3965 type=giantspider pos=162,132,20 hp=1039
living id=3966 type=cyclop pos=125,147,20 hp=2355
living id=3967 type=hobgoblinkaiser pos=105,2,20 hp=2227
living id=3968 type=cyclop pos=188,39,20 hp=2270
living id=3969 type=goblinleader pos=54,185,20 hp=1609
living id=3970 type=giantspider pos=135,70,20 hp=1026
living id=3971 type=goblinleader pos=182,181,20 hp=1391
living id=3972 type=goblin pos=142,145,20 hp=1080
living id=3973 type=direwolfalpha pos=27,97,20 hp=1597
living id=3974 type=goblin pos=150,29,20 hp=913
living id=3975 type=goblinleader pos=191,85,20 hp=1570
living id=3976 type=hobgoblin pos=158,166,20 hp=2106
living id=3977 type=direwolfalpha pos=32,30,20 hp=1705
living id=3978 type=direwolf pos=38,108,20 hp=1648
living id=3979 type=hobgoblinkaiser pos=25,138,20 hp=2565
living id=3980 type=goblinleader pos=23,108,20 hp=1846
living id=3981 type=hobgoblinkaiser pos=57,143,20 hp=2394
living id=3982 type=redslime pos=84,161,20 hp=1089
living id=3983 type=hobgoblinkaiser pos=107,95,20 hp=1864
living id=3984 type=hobgoblin pos=58,74,20 hp=1658
living id=3985 type=hobgoblin pos=1,155,20 hp=1931
living id=3986 type=goblinleader pos=24,76,20 hp=2009
living id=3987 type=direwolfalpha pos=72,80,20 hp=1622
living id=3988 type=redslime pos=123,26,20 hp=1102
living id=3989 type=goblinleader pos=116,5,20 hp=1724
living id=3990 type=direwolf pos=166,47,20 hp=1330
living id=3991 type=redslime pos=9,181,20 hp=981
living id=3992 type=goblin pos=184,182,20 hp=1033
living id=3993 type=hobgoblin pos=80,105,20 hp=1659
living id=3994 type=hobgoblin pos=49,34,20 hp=1639
living id=3995 type=giantspider pos=101,178,20 hp=940
living id=3996 type=cyclop pos=128,45,20 hp=2273
living id=3997 type=hobgoblin pos=116,154,20 hp=1681
living id=3998 type=hobgoblinkaiser pos=34,165,20 hp=1873
living id=3999 type=redslime pos=63,165,20 hp=911
living id=4000 type=hobgoblin pos=193,177,20 hp=2059
living id=4001 type=hobgoblin pos=131,65,20 hp=1860
living id=4002 type=goblinleader pos=55,132,20 hp=1513
living id=4003 type=giantspider pos=86,67,20 hp=978
living id=4004 type=giantspider pos=8,4,20 hp=946
living id=4005 type=hobgoblinkaiser pos=196,194,20 hp=2535
living id=4006 type=cyclop pos=173,11,20 hp=1853
living id=4007 type=goblinleader pos=9,29,20 hp=1877
living id=4008 type=redslime pos=98,68,20 hp=1033
living id=4009 type=direwolf pos=27,75,20 hp=1435
living id=4010 type=hobgoblin pos=78,7,20 hp=2159
living id=4011 type=hobgoblinkaiser pos=103,190,20 hp=1862
living id=4012 type=hobgoblinkaiser pos=85,179,20 hp=2408
living id=4013 type=direwolfalpha pos=59,70,20 hp=1649
living id=4014 type=hobgoblin pos=126,17,20 hp=1729
living id=4015 type=hobgoblin pos=89,188,20 hp=2058
living id=4016 type=redslime pos=49,9,20 hp=1095
living id=4017 type=hobgoblin pos=3,64,20 hp=1621
living id=4018 type=hobgoblin pos=153,126,20 hp=1961
living id=4019 type=cyclop pos=121,71,20 hp=2420
living id=4020 type=hobgoblin pos=39,130,20 hp=2123
living id=4021 type=direwolf pos=108,139,20 hp=1358
living id=4022 type=hobgoblinkaiser pos=149,98,20 hp=2048
living id=4023 type=giantspider pos=87,144,20 hp=863
living id=4024 type=giantspider pos=83,102,20 hp=1011
living id=4025 type=redslime pos=33,76,20 hp=865
living id=4026 type=cyclop pos=130,48,20 hp=2451
living id=4027 type=cyclop pos=27,145,20 hp=2312
living id=4028 type=hobgoblinkaiser pos=77,157,20 hp=1841
living id=4029 type=giantspider pos=193,179,20 hp=866
living id=4030 type=giantspider pos=183,6,20 hp=900
living id=4031 type=goblin pos=123,64,20 hp=1010
living id=4032 type=cyclop pos=90,11,20 hp=2244
living id=4033 type=direwolfalpha pos=102,97,20 hp=1644
living id=4034 type=goblin pos=198,61,20 hp=1111
living id=4035 type=giantspider pos=38,177,20 hp=1081
living id=4036 type=giantspider pos=17,134,20 hp=890
living id=4037 type=hobgoblin pos=50,169,20 hp=1703
living id=4038 type=goblin pos=164,19,20 hp=1088
living id=4039 type=goblin pos=114,45,20 hp=1082
living id=4040 type=hobgoblin pos=17,135,20 hp=2153
living id=4041 type=hobgoblinkaiser pos=164,31,20 hp=2601
living id=4042 type=hobgoblin pos=192,59,20 hp=1892
living id=4043 type=hobgoblin pos=113,80,20 hp=2096
living id=4044 type=cyclop pos=47,8,20 hp=2272
living id=4045 type=redslime pos=36,78,20 hp=1094
living id=4046 type=giantspider pos=12,159,20 hp=1011
living id=4047 type=redslime pos=66,177,20 hp=1068
living id=4048 type=giantspider pos=115,123,20 hp=1123
living id=4049 type=direwolfalpha pos=70,66,20 hp=1521
living id=4050 type=goblin pos=49,144,20 hp=1086
living id=4051 type=giantspider pos=142,51,20 hp=914
living id=4052 type=redslime pos=61,183,20 hp=1124
living id=4053 type=hobgoblinkaiser pos=63,180,20 hp=2423
living id=4054 type=goblin pos=69,161,20 hp=1103
living id=4055 type=direwolf pos=19,33,20 hp=1354
living id=4056 type=cyclop pos=15,160,20 hp=2169
living id=4057 type=hobgoblinkaiser pos=73,179,20 hp=1830
living id=4058 type=direwolf pos=5,75,20 hp=1576
living id=4059 type=direwolf pos=12,32,20 hp=1523
living id=4060 type=goblinleader pos=95,130,20 hp=1731
living id=4061 type=hobgoblinkaiser pos=47,74,20 hp=1895
living id=4062 type=goblinleader pos=33,31,20 hp=1812
living id=4063 type=hobgoblin pos=179,29,20 hp=1991
living id=4064 type=hobgoblinkaiser pos=183,4,20 hp=2466
living id=4065 type=direwolfalpha pos=121,111,20 hp=1368
living id=4066 type=hobgoblinkaiser pos=83,52,20 hp=2182
living id=4067 type=direwolf pos=126,117,20 hp=1667
living id=4068 type=cyclop pos=195,124,20 hp=1956
living id=4069 type=direwolfalpha pos=121,61,20 hp=1357
living id=4070 type=direwolf pos=161,133,20 hp=1485
living id=4071 type=giantspider pos=44,79,20 hp=941
living id=4072 type=direwolf pos=122,64,20 hp=1505
living id=4073 type=direwolf pos=39,166,20 hp=1607
living id=4074 type=hobgoblinkaiser pos=131,134,20 hp=1956
living id=4075 type=giantspider pos=198,99,20 hp=1032
living id=4076 type=giantspider pos=48,127,20 hp=1119
living id=4077 type=direwolf pos=164,184,20 hp=1459
living id=4078 type=giantspider pos=2,49,20 hp=1122
living id=4079 type=goblin pos=134,25,20 hp=1076
living id=4080 type=direwolf pos=138,174,20 hp=1656
living id=4081 type=hobgoblinkaiser pos=176,187,20 hp=2333
living id=4082 type=cyclop pos=91,163,20 hp=2370
living id=4083 type=cyclop pos=23,58,20 hp=2086
living id=4084 type=goblinleader pos=74,165,20 hp=2011
living id=4085 type=goblin pos=165,57,20 hp=1014
living id=4086 type=redslime pos=109,34,20 hp=937
living id=4087 type=hobgoblin pos=51,42,20 hp=1717
living id=4088 type=giantspider pos=53,112,20 hp=1059
living id=4089 type=direwolf pos=106,123,20 hp=1516
living id=4090 type=direwolf pos=152,144,20 hp=1541
living id=4091 type=goblinleader pos=102,146,20 hp=1633
living id=4092 type=giantspider pos=197,73,20 hp=961
living id=4093 type=redslime pos=145,98,20 hp=902
living id=4094 type=giantspider pos=124,25,20 hp=927
living id=4095 type=hobgoblinkaiser pos=97,102,20 hp=1870
living id=4096 type=direwolfalpha pos=104,93,20 hp=1618
living id=4097 type=redslime pos=3,28,20 hp=1103
living id=4098 type=goblin pos=176,109,20 hp=948
living id=4099 type=giantspider pos=161,118,20 hp=936
living id=4100 type=goblin pos=74,179,20 hp=1081
living id=4101 type=redslime pos=141,46,20 hp=1119
living id=4102 type=hobgoblin pos=87,134,20 hp=2026
living id=4103 type=cyclop pos=93,138,20 hp=1809
living id=4104 type=redslime pos=177,105,20 hp=959
living id=4105 type=cyclop pos=154,16,20 hp=1933
living id=4106 type=redslime pos=70,61,20 hp=1104
living id=4107 type=hobgoblinkaiser pos=142,137,20 hp=2167
living id=4108 type=cyclop pos=143,116,20 hp=1664
living id=4109 type=giantspider pos=19,29,20 hp=1048
living id=4110 type=direwolf pos=132,102,20 hp=1677
living id=4111 type=hobgoblinkaiser pos=117,190,20 hp=1940
living id=4112 type=goblin pos=63,13,20 hp=1017
living id=4113 type=sikuthewolf pos=96,35,20 hp=3544
living id=4114 type=hobgoblinkaiser pos=122,8,22 hp=1964
living id=4115 type=evilturtle pos=155,170,22 hp=2192
living id=4116 type=blueslime pos=48,69,22 hp=1990
living id=4117 type=snickerblade pos=122,148,22 hp=1691
living id=4118 type=hobgoblinkaiser pos=38,169,22 hp=2141
living id=4119 type=evilturtle pos=156,170,22 hp=2389
living id=4120 type=blueslime pos=21,142,22 hp=1949
living id=4121 type=firehead pos=100,14,22 hp=2075
living id=4123 type=evilturtle pos=129,85,22 hp=2283
living id=4124 type=hobgoblinkaiser pos=152,86,22 hp=1931
living id=4125 type=snickerblade pos=139,190,22 hp=1834
living id=4126 type=firehead pos=141,50,22 hp=2072
living id=4128 type=direwolfalpha pos=66,84,22 hp=1641
living id=4129 type=snickerblade pos=116,142,22 hp=1992
living id=4130 type=direwolfalpha pos=12,26,22 hp=1334
living id=4131 type=evilturtle pos=27,58,22 hp=1900
living id=4132 type=cyclop pos=190,119,22 hp=2176
living id=4133 type=direwolfalpha pos=136,143,22 hp=1696
living id=4134 type=direwolf pos=167,123,22 hp=1342
living id=4135 type=hobgoblinkaiser pos=13,78,22 hp=1928
living id=4136 type=firehead pos=99,156,22 hp=1962
living id=4138 type=direwolfalpha pos=55,91,22 hp=1412
living id=4139 type=blueslime pos=5,184,22 hp=2119
living id=4140 type=hobgoblin pos=5,192,22 hp=1779
living id=4141 type=hobgoblin pos=131,51,22 hp=1702
living id=4142 type=snickerblade pos=37,171,22 hp=2005
living id=4143 type=cyclop pos=48,111,22 hp=2338
living id=4144 type=hobgoblinkaiser pos=153,39,22 hp=2252
living id=4145 type=cyclop pos=133,66,22 hp=2204
living id=4146 type=direwolf pos=10,47,22 hp=1635
living id=4147 type=evilturtle pos=113,149,22 hp=2033
living id=4148 type=blueslime pos=13,187,22 hp=1640
living id=4149 type=hobgoblinkaiser pos=118,172,22 hp=1848
living id=4150 type=hobgoblin pos=34,143,22 hp=2095
living id=4151 type=evilturtle pos=167,154,22 hp=1748
living id=4152 type=hobgoblin pos=146,183,22 hp=1693
living id=4153 type=cyclop pos=148,37,22 hp=1836
living id=4154 type=firehead pos=116,140,22 hp=1729
living id=4156 type=firehead pos=125,184,22 hp=2015
living id=4158 type=direwolfalpha pos=186,89,22 hp=1651
living id=4159 type=firehead pos=101,176,22 hp=1974
living id=4161 type=direwolfalpha pos=118,31,22 hp=1414
living id=4162 type=blueslime pos=123,102,22 hp=2029
living id=4163 type=blueslime pos=17,91,22 hp=1726
living id=4164 type=direwolfalpha pos=152,100,22 hp=1315
living id=4165 type=cyclop pos=126,87,22 hp=2099
living id=4166 type=blueslime pos=170,39,22 hp=1938
living id=4167 type=snickerblade pos=48,58,22 hp=2025
living id=4168 type=firehead pos=50,68,22 hp=2159
living id=4170 type=blueslime pos=17,177,22 hp=1783
living id=4171 type=hobgoblin pos=5,13,22 hp=1852
living id=4172 type=direwolfalpha pos=84,162,22 hp=1345
living id=4173 type=snickerblade pos=187,52,22 hp=2171
living id=4174 type=direwolf pos=62,80,22 hp=1619
living id=4175 type=snickerblade pos=58,57,22 hp=2044
living id=4176 type=hobgoblin pos=174,39,22 hp=1819
living id=4177 type=direwolf pos=76,46,22 hp=1649
living id=4178 type=hobgoblin pos=36,177,22 hp=1902
living id=4179 type=blueslime pos=44,73,22 hp=1983
living id=4180 type=firehead pos=95,13,22 hp=1839
living id=4182 type=direwolfalpha pos=109,95,22 hp=1548
living id=4183 type=cyclop pos=40,142,22 hp=2203
living id=4184 type=firehead pos=123,141,22 hp=2276
living id=4186 type=evilturtle pos=22,178,22 hp=1812
living id=4187 type=evilturtle pos=140,143,22 hp=1795
living id=4188 type=blueslime pos=66,159,22 hp=1668
living id=4189 type=cyclop pos=143,87,22 hp=1758
living id=4190 type=snickerblade pos=141,179,22 hp=1899
living id=4191 type=blueslime pos=143,86,22 hp=2145
living id=4192 type=hobgoblin pos=72,149,22 hp=1655
living id=4193 type=direwolfalpha pos=67,188,22 hp=1432
living id=4194 type=firehead pos=66,83,22 hp=2211
living id=4196 type=firehead pos=134,48,22 hp=1874
living id=4198 type=direwolfalpha pos=40,7,22 hp=1649
living id=4199 type=direwolf pos=131,77,22 hp=1450
living id=4200 type=snickerblade pos=128,48,22 hp=1957
living id=4201 type=hobgoblinkaiser pos=3,176,22 hp=2065
living id=4202 type=cyclop pos=169,120,22 hp=2133
living id=4203 type=hobgoblinkaiser pos=47,111,22 hp=2224
living id=4204 type=hobgoblinkaiser pos=20,145,22 hp=2050
living id=4205 type=direwolf pos=50,183,22 hp=1376
living id=4206 type=direwolf pos=8,29,22 hp=1640
living id=4207 type=direwolf pos=148,58,22 hp=1611
living id=4208 type=snickerblade pos=71,145,22 hp=1724
living id=4209 type=snickerblade pos=160,168,22 hp=1700
living id=4210 type=hobgoblin pos=7,56,22 hp=2164
living id=4211 type=hobgoblinkaiser pos=4,182,22 hp=2076
living id=4212 type=evilturtle pos=119,30,22 hp=1718
living id=4213 type=direwolf pos=32,149,22 hp=1498
living id=4214 type=direwolf pos=80,48,22 hp=1648
living id=4215 type=blueslime pos=135,121,22 hp=2179
living id=4216 type=snickerblade pos=44,74,22 hp=2060
living id=4217 type=hobgoblinkaiser pos=29,117,22 hp=2359
living id=4218 type=blueslime pos=141,87,22 hp=1983
living id=4219 type=cyclop pos=30,52,22 hp=2338
living id=4220 type=cyclop pos=4,12,22 hp=2091
living id=4221 type=direwolfalpha pos=18,184,22 hp=1461
living id=4222 type=cyclop pos=43,51,22 hp=2027
living id=4223 type=hobgoblinkaiser pos=52,3,22 hp=2645
living id=4224 type=direwolf pos=77,128,22 hp=1657
living id=4225 type=hobgoblin pos=99,62,22 hp=2160
living id=4226 type=blueslime pos=84,82,22 hp=1743
living id=4227 type=firehead pos=136,144,22 hp=1969
living id=4229 type=direwolfalpha pos=51,115,22 hp=1481
living id=4230 type=firehead pos=188,69,22 hp=2279
living id=4232 type=blueslime pos=53,88,22 hp=1908
living id=4233 type=direwolfalpha pos=187,51,22 hp=1288
living id=4234 type=hobgoblin pos=13,29,22 hp=1869
living id=4235 type=blueslime pos=53,41,22 hp=1894
living id=4236 type=firehead pos=84,172,22 hp=2233
living id=4238 type=snickerblade pos=49,34,22 hp=1766
living id=4239 type=direwolfalpha pos=123,73,22 hp=1547
living id=4240 type=cyclop pos=98,30,22 hp=1805
living id=4241 type=snickerblade pos=44,186,22 hp=1644
living id=4242 type=cyclop pos=63,80,22 hp=1880
living id=4243 type=evilturtle pos=64,67,22 hp=2298
living id=4244 type=hobgoblin pos=156,59,22 hp=1807
living id=4245 type=hobgoblin pos=152,98,22 hp=2170
living id=4246 type=hobgoblin pos=65,77,22 hp=1664
living id=4247 type=firehead pos=55,51,22 hp=2251
living id=4249 type=snickerblade pos=121,8,22 hp=1978
living id=4250 type=snickerblade pos=76,138,22 hp=2097
living id=4251 type=direwolfalpha pos=146,178,22 hp=1456
living id=4252 type=hobgoblin pos=42,187,22 hp=1865
living id=4253 type=snickerblade pos=32,125,22 hp=1983
living id=4254 type=cyclop pos=19,75,22 hp=1706
living id=4255 type=direwolfalpha pos=167,103,22 hp=1705
living id=4256 type=evilturtle pos=148,15,22 hp=2252
living id=4257 type=firehead pos=48,184,22 hp=1764
living id=4259 type=direwolfalpha pos=91,14,22 hp=1485
living id=4260 type=cyclop pos=130,105,22 hp=1932
living id=4261 type=hobgoblinkaiser pos=96,30,22 hp=2234
living id=4262 type=direwolf pos=86,135,22 hp=1630
living id=4263 type=evilturtle pos=127,17,22 hp=2233
living id=4264 type=firehead pos=150,108,22 hp=2192
living id=4266 type=firehead pos=144,11,22 hp=2002
living id=4268 type=snickerblade pos=37,191,22 hp=1678
living id=4269 type=blueslime pos=124,101,22 hp=1813
living id=4270 type=direwolfalpha pos=143,81,22 hp=1366
living id=4271 type=hobgoblin pos=66,154,22 hp=2120
living id=4272 type=hobgoblinkaiser pos=134,39,22 hp=2181
living id=4273 type=direwolfalpha pos=12,120,22 hp=1624
living id=4274 type=hobgoblinkaiser pos=39,165,22 hp=2148
living id=4275 type=cyclop pos=143,143,22 hp=1691
living id=4276 type=hobgoblin pos=191,123,22 hp=1751
living id=4277 type=evilturtle pos=103,97,22 hp=1863
living id=4278 type=cyclop pos=36,38,22 hp=1944
living id=4279 type=firehead pos=172,32,22 hp=2211
living id=4281 type=direwolf pos=101,31,22 hp=1389
living id=4282 type=hobgoblinkaiser pos=52,40,22 hp=2226
living id=4283 type=cyclop pos=101,184,22 hp=1772
living id=4284 type=snickerblade pos=121,31,22 hp=1627
living id=4285 type=direwolf pos=185,56,22 hp=1617
living id=4286 type=hobgoblinkaiser pos=9,71,22 hp=2005
living id=4287 type=direwolfalpha pos=35,165,22 hp=1283
living id=4288 type=evilturtle pos=51,126,22 hp=2155
living id=4289 type=cyclop pos=144,182,22 hp=2243
living id=4290 type=snickerblade pos=67,146,22 hp=2118
living id=4291 type=firehead pos=43,174,22 hp=1805
living id=4293 type=hobgoblin pos=58,56,22 hp=2048
living id=4294 type=hobgoblin pos=97,134,22 hp=1993
living id=4295 type=evilturtle pos=143,181,22 hp=1860
living id=4296 type=direwolf pos=137,156,22 hp=1556
living id=4297 type=hobgoblin pos=48,190,22 hp=1906
living id=4298 type=direwolfalpha pos=123,96,22 hp=1674
living id=4299 type=direwolfalpha pos=71,147,22 hp=1626
living id=4300 type=snickerblade pos=54,56,22 hp=1981
living id=4301 type=evilturtle pos=74,102,22 hp=1860
living id=4302 type=cyclop pos=82,179,22 hp=1980
living id=4303 type=snickerblade pos=129,46,22 hp=1810
living id=4304 type=snickerblade pos=80,32,22 hp=1767
living id=4305 type=cyclop pos=52,6,22 hp=2527
living id=4306 type=direwolfalpha pos=6,180,22 hp=1434
living id=4307 type=direwolf pos=118,149,22 hp=1440
living id=4308 type=cyclop pos=55,31,22 hp=1688
living id=4309 type=direwolfalpha pos=119,152,22 hp=1475
living id=4310 type=direwolf pos=31,13,22 hp=1358
living id=4311 type=firehead pos=88,128,22 hp=2093
living id=4313 type=direwolf pos=176,12,22 hp=1656
living id=4314 type=hobgoblinkaiser pos=73,102,22 hp=2491
living id=4315 type=cyclop pos=76,60,22 hp=2006
living id=4316 type=snickerblade pos=164,158,22 hp=2127
living id=4317 type=evilturtle pos=176,183,22 hp=1887
living id=4318 type=hobgoblinkaiser pos=51,94,22 hp=2436
living id=4319 type=direwolf pos=186,54,22 hp=1619
living id=4320 type=evilturtle pos=51,75,22 hp=1989
living id=4321 type=hobgoblinkaiser pos=13,75,22 hp=2455
living id=4322 type=evilturtle pos=21,171,22 hp=2045
living id=4323 type=blueslime pos=11,23,22 hp=1820
living id=4324 type=blueslime pos=70,65,22 hp=1991
living id=4325 type=firehead pos=189,76,22 hp=2018
living id=4327 type=evilturtle pos=13,30,22 hp=1882
living id=4328 type=direwolf pos=74,8,22 hp=1654
living id=4329 type=hobgoblin pos=2,10,22 hp=2166
living id=4330 type=snickerblade pos=7,26,22 hp=1796
living id=4331 type=evilturtle pos=127,43,22 hp=2327
living id=4332 type=evilturtle pos=10,55,22 hp=2437
living id=4333 type=blueslime pos=148,3,22 hp=1861
living id=4334 type=snickerblade pos=138,148,22 hp=1709
living id=4335 type=firehead pos=144,185,22 hp=2181
living id=4337 type=blueslime pos=66,180,22 hp=1978
living id=4338 type=hobgoblinkaiser pos=155,110,22 hp=1838
living id=4339 type=blueslime pos=78,163,22 hp=1746
living id=4340 type=hobgoblin pos=38,193,22 hp=1843
living id=4341 type=cyclop pos=101,133,22 hp=2067
living id=4342 type=direwolfalpha pos=54,87,22 hp=1451
living id=4343 type=hobgoblinkaiser pos=67,185,22 hp=2003
living id=4344 type=evilturtle pos=143,85,22 hp=2326
living id=4345 type=cyclop pos=59,126,22 hp=2161
living id=4346 type=direwolf pos=52,105,22 hp=1375
living id=4347 type=evilturtle pos=167,133,22 hp=2233
living id=4348 type=hobgoblin pos=62,126,22 hp=2098
living id=4349 type=evilturtle pos=45,149,22 hp=1771
living id=4350 type=snickerblade pos=151,110,22 hp=1862
living id=4351 type=snickerblade pos=134,144,22 hp=1814
living id=4352 type=cyclop pos=73,8,22 hp=2270
living id=4353 type=firehead pos=33,125,22 hp=1723
living id=4355 type=hobgoblinkaiser pos=5,172,22 hp=2021
living id=4356 type=cyclop pos=112,97,22 hp=1989
living id=4357 type=direwolf pos=122,184,22 hp=1464
living id=4358 type=cyclop pos=88,183,22 hp=1905
living id=4359 type=firehead pos=140,139,22 hp=1879
living id=4361 type=direwolfalpha pos=89,183,22 hp=1551
living id=4362 type=hobgoblin pos=135,54,22 hp=1618
living id=4363 type=blueslime pos=28,162,22 hp=1805
living id=4364 type=cyclop pos=152,121,22 hp=1780
living id=4365 type=blueslime pos=89,13,22 hp=2009
living id=4366 type=direwolfalpha pos=82,124,22 hp=1639
living id=4367 type=hobgoblin pos=69,123,22 hp=2045
living id=4368 type=direwolf pos=126,35,22 hp=1335
living id=4369 type=snickerblade pos=34,120,22 hp=1888
living id=4370 type=direwolfalpha pos=10,37,22 hp=1594
living id=4371 type=firehead pos=135,85,22 hp=2028
living id=4373 type=firehead pos=57,61,22 hp=1884
living id=4375 type=hobgoblin pos=126,134,22 hp=1697
living id=4376 type=evilturtle pos=63,31,22 hp=2087
living id=4377 type=evilturtle pos=33,151,22 hp=1896
living id=4378 type=hobgoblin pos=44,80,22 hp=1893
living id=4379 type=direwolfalpha pos=10,55,22 hp=1287
living id=4380 type=evilturtle pos=98,99,22 hp=2005
living id=4381 type=firehead pos=19,120,22 hp=2227
living id=4383 type=hobgoblin pos=32,128,22 hp=1839
living id=4384 type=direwolfalpha pos=151,111,22 hp=1693
living id=4385 type=firehead pos=34,16,22 hp=2020
living id=4387 type=hobgoblin pos=80,103,22 hp=2025
living id=4388 type=firehead pos=138,48,22 hp=2259
living id=4390 type=cyclop pos=169,155,22 hp=1832
living id=4391 type=evilturtle pos=183,75,22 hp=1919
living id=4392 type=hobgoblin pos=13,178,22 hp=1873
living id=4393 type=cyclop pos=124,107,22 hp=1789
living id=4394 type=firehead pos=151,35,22 hp=2064
living id=4396 type=direwolf pos=7,68,22 hp=1348
living id=4397 type=evilturtle pos=101,100,22 hp=2441
living id=4398 type=direwolfalpha pos=188,27,22 hp=1309
living id=4399 type=direwolfalpha pos=21,169,22 hp=1607
living id=4400 type=hobgoblin pos=58,185,22 hp=1993
living id=4401 type=hobgoblin pos=168,138,22 hp=1877
living id=4402 type=cyclop pos=104,157,22 hp=2129
living id=4403 type=direwolf pos=39,191,22 hp=1530
living id=4404 type=snickerblade pos=76,181,22 hp=2023
living id=4405 type=cyclop pos=122,34,22 hp=2498
living id=4406 type=firehead pos=34,164,22 hp=2249
living id=4408 type=blueslime pos=120,105,22 hp=1703
living id=4409 type=direwolf pos=162,123,22 hp=1570
living id=4410 type=direwolf pos=170,190,22 hp=1359
living id=4411 type=direwolfalpha pos=147,180,22 hp=1515
living id=4412 type=snickerblade pos=95,19,22 hp=1678
living id=4413 type=hobgoblin pos=126,30,22 hp=1824
living id=4414 type=snickerblade pos=89,174,22 hp=2174
living id=4415 type=hobgoblinkaiser pos=164,121,22 hp=2318
living id=4416 type=cyclop pos=150,121,22 hp=1834
living id=4417 type=firehead pos=32,58,22 hp=2266
living id=4419 type=direwolf pos=69,183,22 hp=1651
living id=4420 type=cyclop pos=117,97,22 hp=1714
living id=4421 type=evilturtle pos=47,119,22 hp=1857
living id=4422 type=firehead pos=110,185,22 hp=2289
living id=4424 type=direwolf pos=41,13,22 hp=1607
living id=4425 type=snickerblade pos=129,84,22 hp=1930
living id=4426 type=hobgoblinkaiser pos=128,79,22 hp=2233
living id=4427 type=cyclop pos=161,170,22 hp=1933
living id=4428 type=snickerblade pos=120,13,22 hp=1713
living id=4429 type=blueslime pos=28,117,22 hp=1896
living id=4430 type=evilturtle pos=160,123,22 hp=1803
living id=4431 type=direwolfalpha pos=79,154,22 hp=1702
living id=4432 type=direwolfalpha pos=103,163,22 hp=1407
living id=4433 type=evilturtle pos=82,169,22 hp=2045
living id=4434 type=hobgoblinkaiser pos=154,55,22 hp=2166
living id=4435 type=hobgoblin pos=123,100,22 hp=1879
living id=4436 type=direwolf pos=63,54,22 hp=1395
living id=4437 type=direwolfalpha pos=69,84,22 hp=1625
living id=4438 type=firehead pos=66,60,22 hp=2195
living id=4440 type=hobgoblinkaiser pos=2,180,22 hp=2499
living id=4441 type=firehead pos=7,182,22 hp=2023
living id=4443 type=hobgoblinkaiser pos=54,59,22 hp=2088
living id=4444 type=firehead pos=173,170,22 hp=1763
living id=4446 type=hobgoblinkaiser pos=35,36,22 hp=2063
living id=4447 type=direwolf pos=93,16,22 hp=1366
living id=4448 type=hobgoblin pos=110,102,22 hp=2179
living id=4449 type=hobgoblinkaiser pos=84,60,22 hp=1976
living id=4450 type=hobgoblinkaiser pos=101,99,22 hp=2364
living id=4451 type=hobgoblinkaiser pos=151,121,22 hp=2030
living id=4452 type=direwolfalpha pos=65,152,22 hp=1452
living id=4453 type=firehead pos=157,172,22 hp=1870
living id=4455 type=blueslime pos=46,149,22 hp=1789
living id=4456 type=direwolfalpha pos=121,20,22 hp=1699
living id=4457 type=direwolfalpha pos=109,98,22 hp=1321
living id=4458 type=evilturtle pos=0,10,22 hp=1734
living id=4459 type=snickerblade pos=51,29,22 hp=2004
living id=4460 type=direwolfalpha pos=144,178,22 hp=1479
living id=4461 type=evilturtle pos=52,190,22 hp=1823
living id=4462 type=blueslime pos=100,186,22 hp=1894
living id=4463 type=cyclop pos=86,21,22 hp=1738
living id=4464 type=evilturtle pos=140,52,22 hp=2242
living id=4465 type=snickerblade pos=27,91,22 hp=1804
living id=4466 type=hobgoblinkaiser pos=64,70,22 hp=2487
living id=4467 type=firehead pos=123,43,22 hp=1709
living id=4469 type=hobgoblinkaiser pos=141,184,22 hp=1844
living id=4470 type=cyclop pos=188,65,22 hp=2232
living id=4471 type=firehead pos=20,89,22 hp=1820
living id=4473 type=firehead pos=39,125,22 hp=1860
living id=4475 type=blueslime pos=13,71,22 hp=2170
living id=4476 type=firehead pos=169,92,22 hp=1938
living id=4478 type=snickerblade pos=169,98,22 hp=1848
living id=4479 type=direwolf pos=99,32,22 hp=1589
living id=4480 type=direwolfalpha pos=156,80,22 hp=1593
living id=4481 type=hobgoblin pos=40,15,22 hp=1861
living id=4482 type=direwolf pos=67,55,22 hp=1606
living id=4483 type=snickerblade pos=123,18,22 hp=1697
living id=4484 type=cyclop pos=119,168,22 hp=2347
living id=4485 type=hobgoblin pos=148,58,22 hp=1818
living id=4486 type=snickerblade pos=87,62,22 hp=2120
living id=4487 type=snickerblade pos=169,178,22 hp=2149
living id=4488 type=blueslime pos=186,80,22 hp=1968
living id=4489 type=blueslime pos=33,192,22 hp=1740
living id=4490 type=hobgoblin pos=13,12,22 hp=1687
living id=4491 type=direwolf pos=84,133,22 hp=1658
living id=4492 type=hobgoblin pos=63,188,22 hp=1980
living id=4493 type=blueslime pos=130,54,22 hp=1619
living id=4494 type=blueslime pos=79,183,22 hp=1758
living id=4495 type=blueslime pos=48,60,22 hp=2151
living id=4496 type=blueslime pos=101,184,22 hp=1994
living id=4497 type=snickerblade pos=65,118,22 hp=1999
living id=4498 type=cyclop pos=129,50,22 hp=2314
living id=4499 type=blueslime pos=36,125,22 hp=1778
living id=4500 type=hobgoblinkaiser pos=58,51,22 hp=1803
living id=4501 type=direwolfalpha pos=10,45,22 hp=1696
living id=4502 type=cyclop pos=108,188,22 hp=2343
living id=4503 type=snickerblade pos=65,97,22 hp=2014
living id=4504 type=evilturtle pos=130,21,22 hp=2346
living id=4505 type=hobgoblinkaiser pos=44,79,22 hp=2281
living id=4506 type=firehead pos=84,132,22 hp=2151
living id=4508 type=evilturtle pos=9,178,22 hp=1769
living id=4509 type=evilturtle pos=43,185,22 hp=2441
living id=4510 type=direwolf pos=87,161,22 hp=1676
living id=4511 type=cyclop pos=140,83,22 hp=2350
living id=4512 type=direwolf pos=66,84,22 hp=1381
living id=4513 type=direwolfalpha pos=169,180,22 hp=1493
living id=4514 type=blueslime pos=61,71,22 hp=1863
living id=4515 type=evilturtle pos=102,95,22 hp=2308
living id=4516 type=evilturtle pos=73,123,22 hp=2134
living id=4517 type=blueslime pos=147,160,22 hp=1797
living id=4518 type=direwolfalpha pos=100,135,22 hp=1517
living id=4519 type=hobgoblin pos=51,118,22 hp=1903
living id=4520 type=evilturtle pos=159,158,22 hp=2215
living id=4521 type=direwolf pos=34,16,22 hp=1506
living id=4522 type=cyclop pos=71,181,22 hp=2532
living id=4523 type=direwolfalpha pos=63,77,22 hp=1546
living id=4524 type=cyclop pos=126,138,22 hp=2500
living id=4525 type=hobgoblinkaiser pos=44,126,22 hp=2225
living id=4526 type=firehead pos=188,67,22 hp=1771
living id=4528 type=snickerblade pos=99,96,22 hp=1860
living id=4529 type=blueslime pos=164,152,22 hp=1795
living id=4530 type=direwolf pos=32,146,22 hp=1497
living id=4531 type=evilturtle pos=174,5,22 hp=1842
living id=4532 type=snickerblade pos=174,179,22 hp=1787
living id=4533 type=firehead pos=138,85,22 hp=2215
living id=4535 type=direwolf pos=34,146,22 hp=1665
living id=4536 type=direwolfalpha pos=56,61,22 hp=1611
living id=4537 type=direwolf pos=172,9,22 hp=1448
living id=4538 type=firehead pos=97,153,22 hp=1859
living id=4540 type=direwolfalpha pos=132,77,22 hp=1541
living id=4541 type=hobgoblin pos=34,12,22 hp=1802
living id=4542 type=direwolfalpha pos=172,187,22 hp=1435
living id=4543 type=direwolf pos=86,80,22 hp=1397
living id=4544 type=direwolfalpha pos=172,180,22 hp=1286
living id=4545 type=snickerblade pos=123,13,22 hp=1727
living id=4546 type=firehead pos=63,118,22 hp=1718
living id=4548 type=direwolfalpha pos=126,104,22 hp=1654
living id=4549 type=hobgoblinkaiser pos=31,166,22 hp=1825
living id=4550 type=direwolf pos=105,184,22 hp=1591
living id=4551 type=firehead pos=40,12,22 hp=2078
living id=4553 type=direwolfalpha pos=123,170,22 hp=1631
living id=4554 type=hobgoblinkaiser pos=36,150,22 hp=2087
living id=4555 type=cyclop pos=36,123,22 hp=2116
living id=4556 type=cyclop pos=142,172,22 hp=2316
living id=4557 type=direwolf pos=135,62,22 hp=1345
living id=4558 type=firehead pos=47,37,22 hp=1964
living id=4560 type=direwolf pos=118,155,22 hp=1538
living id=4561 type=hobgoblinkaiser pos=118,129,22 hp=2528
living id=4562 type=firehead pos=13,11,22 hp=1712
living id=4564 type=snickerblade pos=73,149,22 hp=1679
living id=4565 type=snickerblade pos=67,71,22 hp=1670
living id=4566 type=evilturtle pos=35,120,22 hp=1761
living id=4567 type=snickerblade pos=168,188,22 hp=1703
living id=4568 type=cyclop pos=49,31,22 hp=2282
living id=4569 type=cyclop pos=142,85,22 hp=2139
living id=4570 type=hobgoblin pos=67,81,22 hp=1833
living id=4571 type=hobgoblin pos=95,14,22 hp=1899
living id=4572 type=hobgoblinkaiser pos=184,53,22 hp=1925
living id=4573 type=hobgoblinkaiser pos=149,5,22 hp=2363
living id=4574 type=cyclop pos=147,111,22 hp=2498
living id=4575 type=direwolf pos=16,112,22 hp=1605
living id=4576 type=firehead pos=16,76,22 hp=2013
living id=4578 type=snickerblade pos=32,159,22 hp=1834
living id=4579 type=hobgoblinkaiser pos=93,21,22 hp=2606
living id=4580 type=snickerblade pos=79,130,22 hp=1681
living id=4581 type=snickerblade pos=188,9,22 hp=2010
living id=4582 type=hobgoblin pos=186,9,22 hp=1937
living id=4583 type=direwolf pos=128,121,22 hp=1493
living id=4584 type=direwolfalpha pos=78,124,22 hp=1381
living id=4585 type=snickerblade pos=127,95,22 hp=1896
living id=4586 type=direwolf pos=14,60,22 hp=1353
living id=4587 type=blueslime pos=20,141,22 hp=1979
living id=4588 type=direwolf pos=107,185,22 hp=1530
living id=4589 type=hobgoblinkaiser pos=7,31,22 hp=1978
living id=4590 type=blueslime pos=10,37,22 hp=1935
living id=4591 type=cyclop pos=152,53,22 hp=2410
living id=4592 type=snickerblade pos=187,76,22 hp=1821
living id=4593 type=cyclop pos=117,129,22 hp=2054
living id=4594 type=hobgoblin pos=148,14,22 hp=2178
living id=4595 type=cyclop pos=21,92,22 hp=1762
living id=4596 type=hobgoblin pos=140,138,22 hp=1737
living id=4597 type=evilturtle pos=152,107,22 hp=2395
living id=4598 type=direwolf pos=100,160,22 hp=1323
living id=4599 type=direwolf pos=89,181,22 hp=1402
living id=4600 type=cyclop pos=125,129,22 hp=1800
living id=4601 type=firehead pos=102,156,22 hp=1819
living id=4603 type=snickerblade pos=119,152,22 hp=1892
living id=4604 type=hobgoblinkaiser pos=40,185,22 hp=1763
living id=4605 type=cyclop pos=174,186,22 hp=1933
living id=4606 type=cyclop pos=64,116,22 hp=2020
living id=4607 type=firehead pos=190,58,22 hp=2229
living id=4609 type=hobgoblin pos=197,124,22 hp=1974
living id=4610 type=cyclop pos=169,181,22 hp=2415
living id=4611 type=direwolf pos=76,7,22 hp=1549
living id=4612 type=hobgoblinkaiser pos=66,162,22 hp=2022
living id=4613 type=blueslime pos=174,190,22 hp=1678
living id=4614 type=hobgoblinkaiser pos=167,119,22 hp=2104
living id=4615 type=snickerblade pos=129,21,22 hp=1931
living id=4616 type=direwolfalpha pos=110,183,22 hp=1637
living id=4617 type=direwolf pos=51,4,22 hp=1467
living id=4618 type=cyclop pos=140,84,22 hp=1922
living id=4619 type=firehead pos=127,76,22 hp=2183
living id=4621 type=direwolfalpha pos=121,10,22 hp=1667
living id=4622 type=hobgoblin pos=107,182,22 hp=1737
living id=4623 type=direwolf pos=150,56,22 hp=1673
living id=4624 type=evilturtle pos=96,50,22 hp=2422
living id=4625 type=hobgoblin pos=21,70,22 hp=2109
living id=4626 type=hobgoblinkaiser pos=55,90,22 hp=2342
living id=4627 type=direwolf pos=9,30,22 hp=1356
living id=4628 type=hobgoblin pos=68,121,22 hp=2045
living id=4629 type=direwolfalpha pos=2,176,22 hp=1709
living id=4630 type=direwolfalpha pos=151,160,22 hp=1570
living id=4631 type=hobgoblinkaiser pos=80,128,22 hp=1799
living id=4632 type=blueslime pos=189,8,22 hp=1718
living id=4633 type=direwolf pos=54,117,22 hp=1569
living id=4634 type=hobgoblinkaiser pos=108,188,22 hp=1906
living id=4635 type=cyclop pos=67,113,22 hp=2353
living id=4636 type=hobgoblinkaiser pos=122,170,22 hp=2156
living id=4637 type=blueslime pos=188,71,22 hp=2010
living id=4638 type=cyclop pos=36,10,22 hp=1792
living id=4639 type=direwolf pos=9,10,22 hp=1404
living id=4640 type=snickerblade pos=10,40,22 hp=2134
living id=4641 type=evilturtle pos=111,184,22 hp=2476
living id=4642 type=snickerblade pos=39,34,22 hp=1648
living id=4643 type=blueslime pos=49,179,22 hp=2184
living id=4644 type=blueslime pos=127,77,22 hp=2164
living id=4645 type=evilturtle pos=67,145,22 hp=1731
living id=4646 type=snickerblade pos=48,187,22 hp=1872
living id=4647 type=hobgoblin pos=140,54,22 hp=1985
living id=4648 type=snickerblade pos=188,8,22 hp=1708
living id=4649 type=firehead pos=17,141,22 hp=2153
living id=4651 type=cyclop pos=15,193,22 hp=2052
living id=4652 type=cyclop pos=48,71,22 hp=2161
living id=4653 type=evilturtle pos=130,18,22 hp=2399
living id=4654 type=snickerblade pos=54,88,22 hp=1878
living id=4655 type=evilturtle pos=85,99,22 hp=1904
living id=4656 type=hobgoblin pos=51,187,22 hp=2184
living id=4657 type=direwolf pos=87,163,22 hp=1632
living id=4658 type=hobgoblinkaiser pos=103,31,22 hp=2225
living id=4659 type=direwolfalpha pos=129,96,22 hp=1507
living id=4660 type=snickerblade pos=147,38,22 hp=2004
living id=4661 type=direwolf pos=114,157,22 hp=1549
living id=4662 type=direwolfalpha pos=85,174,22 hp=1557
living id=4663 type=blueslime pos=160,171,22 hp=1834
living id=4664 type=direwolf pos=191,120,22 hp=1390
living id=4665 type=firehead pos=33,132,22 hp=1726
living id=4667 type=direwolfalpha pos=11,12,22 hp=1716
living id=4668 type=cyclop pos=54,89,22 hp=2135
living id=4669 type=hobgoblinkaiser pos=70,187,22 hp=2511
living id=4670 type=blueslime pos=48,42,22 hp=1750
living id=4671 type=firehead pos=7,8,22 hp=1893
living id=4673 type=cyclop pos=47,185,22 hp=1810
living id=4674 type=evilturtle pos=76,99,22 hp=2423
living id=4675 type=hobgoblin pos=154,82,22 hp=1777
living id=4676 type=firehead pos=65,181,22 hp=1988
living id=4678 type=direwolf pos=48,190,22 hp=1483
living id=4679 type=hobgoblinkaiser pos=138,160,22 hp=2456
living id=4680 type=cyclop pos=121,106,22 hp=1744
living id=4681 type=direwolf pos=96,157,22 hp=1410
living id=4682 type=evilturtle pos=53,80,22 hp=1754
living id=4683 type=hobgoblinkaiser pos=3,194,22 hp=1799
living id=4684 type=blueslime pos=51,37,22 hp=2064
living id=4685 type=hobgoblinkaiser pos=196,121,22 hp=2336
living id=4686 type=hobgoblinkaiser pos=19,136,22 hp=2620
living id=4687 type=firehead pos=6,183,22 hp=2122
living id=4689 type=direwolfalpha pos=43,54,22 hp=1330
living id=4690 type=direwolf pos=144,15,22 hp=1363
living id=4691 type=snickerblade pos=123,43,22 hp=2103
living id=4692 type=direwolfalpha pos=108,96,22 hp=1352
living id=4693 type=hobgoblinkaiser pos=142,2,22 hp=1851
living id=4694 type=cyclop pos=82,60,22 hp=2269
living id=4695 type=firehead pos=125,32,22 hp=2049
living id=4697 type=firehead pos=3,179,22 hp=2068
living id=4699 type=hobgoblinkaiser pos=127,10,22 hp=2319
living id=4700 type=snickerblade pos=125,16,22 hp=1658
living id=4701 type=blueslime pos=44,177,22 hp=2110
living id=4702 type=direwolfalpha pos=42,184,22 hp=1648
living id=4703 type=blueslime pos=162,155,22 hp=1671
living id=4704 type=evilturtle pos=100,150,22 hp=2221
living id=4705 type=hobgoblin pos=65,90,22 hp=1725
living id=4706 type=evilturtle pos=126,82,22 hp=1800
living id=4707 type=snickerblade pos=145,182,22 hp=1747
living id=4708 type=direwolf pos=190,107,22 hp=1569
living id=4709 type=firehead pos=138,49,22 hp=2115
living id=4711 type=hobgoblinkaiser pos=54,61,22 hp=2466
living id=4712 type=direwolfalpha pos=100,31,22 hp=1341
living id=4713 type=hobgoblin pos=132,84,22 hp=1617
living id=4714 type=direwolf pos=79,121,22 hp=1408
living id=4715 type=blueslime pos=34,55,22 hp=2034
living id=4716 type=direwolf pos=84,124,22 hp=1405
living id=4717 type=direwolfalpha pos=37,165,22 hp=1631
living id=4718 type=hobgoblinkaiser pos=171,189,22 hp=2259
living id=4719 type=evilturtle pos=97,49,22 hp=2370
living id=4720 type=direwolfalpha pos=127,129,22 hp=1325
living id=4721 type=hobgoblin pos=20,171,22 hp=2055
living id=4722 type=direwolfalpha pos=128,12,22 hp=1504
living id=4723 type=direwolfalpha pos=131,78,22 hp=1635
living id=4724 type=direwolf pos=162,123,22 hp=1513
living id=4725 type=snickerblade pos=121,121,22 hp=1924
living id=4726 type=evilturtle pos=63,152,22 hp=1907
living id=4727 type=evilturtle pos=36,18,22 hp=1786
living id=4728 type=hobgoblinkaiser pos=78,50,22 hp=2527
living id=4729 type=cyclop pos=65,63,22 hp=2438
living id=4730 type=evilturtle pos=152,170,22 hp=1976
living id=4731 type=direwolf pos=52,59,22 hp=1557
living id=4732 type=direwolf pos=105,87,22 hp=1358
living id=4733 type=snickerblade pos=50,35,22 hp=1985
living id=4734 type=direwolf pos=135,31,22 hp=1624
living id=4735 type=hobgoblin pos=152,78,22 hp=1733
living id=4736 type=snickerblade pos=159,112,22 hp=1739
living id=4737 type=firehead pos=82,59,22 hp=2177
living id=4739 type=blueslime pos=16,79,22 hp=2045
living id=4740 type=snickerblade pos=62,86,22 hp=1756
living id=4741 type=cyclop pos=33,163,22 hp=2070
living id=4742 type=snickerblade pos=98,163,22 hp=1983
living id=4743 type=hobgoblin pos=122,126,22 hp=1804
living id=4744 type=hobgoblinkaiser pos=27,58,22 hp=2603
living id=4745 type=direwolf pos=37,174,22 hp=1346
living id=4746 type=evilturtle pos=152,84,22 hp=2206
living id=4747 type=blueslime pos=132,101,22 hp=2093
living id=4748 type=hobgoblin pos=4,182,22 hp=2074
living id=4749 type=direwolf pos=48,72,22 hp=1386
living id=4750 type=firehead pos=78,173,22 hp=2292
living id=4752 type=blueslime pos=151,12,22 hp=1631
living id=4753 type=hobgoblin pos=168,140,22 hp=1780
living id=4754 type=direwolf pos=52,90,22 hp=1453
living id=4755 type=cyclop pos=147,40,22 hp=2323
living id=4756 type=cyclop pos=94,16,22 hp=1666
living id=4757 type=firehead pos=125,146,22 hp=2298
living id=4759 type=direwolf pos=141,178,22 hp=1636
living id=4760 type=cyclop pos=50,118,22 hp=2243
living id=4761 type=evilturtle pos=46,77,22 hp=2351
living id=4762 type=direwolfalpha pos=103,101,22 hp=1703
living id=4763 type=direwolfalpha pos=86,156,22 hp=1674
living id=4764 type=hobgoblin pos=145,6,22 hp=1763
living id=4765 type=snickerblade pos=126,80,22 hp=2128
living id=4766 type=direwolfalpha pos=52,187,22 hp=1663
living id=4767 type=hobgoblin pos=34,122,22 hp=1701
living id=4768 type=snickerblade pos=136,160,22 hp=2118
living id=4769 type=firehead pos=69,126,22 hp=2095
living id=4771 type=cyclop pos=38,171,22 hp=1973
living id=4772 type=hobgoblin pos=12,14,22 hp=2180
living id=4773 type=hobgoblinkaiser pos=10,193,22 hp=1837
living id=4774 type=snickerblade pos=52,87,22 hp=1634
living id=4775 type=snickerblade pos=149,41,22 hp=1962
living id=4776 type=snickerblade pos=67,49,22 hp=2111
living id=4777 type=direwolf pos=85,63,22 hp=1599
living id=4778 type=direwolfalpha pos=18,156,22 hp=1481
living id=4779 type=firehead pos=164,184,22 hp=1793
living id=4781 type=direwolf pos=199,124,22 hp=1630
living id=4782 type=evilturtle pos=137,139,22 hp=2090
living id=4783 type=blueslime pos=7,29,22 hp=1932
living id=4784 type=hobgoblin pos=15,169,22 hp=2165
living id=4785 type=direwolf pos=52,187,22 hp=1453
living id=4786 type=snickerblade pos=81,97,22 hp=1733
living id=4787 type=direwolf pos=154,53,22 hp=1321
living id=4788 type=direwolfalpha pos=36,18,22 hp=1390
living id=4789 type=direwolf pos=85,59,22 hp=1547
living id=4790 type=direwolf pos=149,11,22 hp=1589
living id=4791 type=cyclop pos=134,65,22 hp=2409
living id=4792 type=snickerblade pos=161,170,22 hp=1701
living id=4793 type=evilturtle pos=101,155,22 hp=1847
living id=4794 type=firehead pos=85,77,22 hp=1752
living id=4796 type=cyclop pos=38,13,22 hp=1984
living id=4797 type=blueslime pos=104,181,22 hp=1617
living id=4798 type=direwolf pos=18,149,22 hp=1641
living id=4799 type=blueslime pos=38,144,22 hp=1815
living id=4800 type=direwolfalpha pos=146,115,22 hp=1289
living id=4801 type=firehead pos=188,75,22 hp=2136
living id=4803 type=hobgoblinkaiser pos=12,69,22 hp=2011
living id=4804 type=direwolfalpha pos=179,36,22 hp=1713
living id=4805 type=hobgoblin pos=97,49,22 hp=1740
living id=4806 type=firehead pos=8,29,22 hp=2067
living id=4808 type=direwolfalpha pos=113,153,22 hp=1454
living id=4809 type=hobgoblin pos=111,128,22 hp=1973
living id=4810 type=snickerblade pos=170,151,22 hp=2019
living id=4811 type=evilturtle pos=144,187,22 hp=2301
living id=4812 type=direwolfalpha pos=34,39,22 hp=1360
living id=4813 type=direwolf pos=34,171,22 hp=1323
living id=4814 type=blueslime pos=158,81,22 hp=1969
living id=4815 type=firehead pos=105,99,22 hp=2177
living id=4817 type=blueslime pos=66,161,22 hp=1671
living id=4818 type=snickerblade pos=76,50,22 hp=1861
living id=4819 type=direwolf pos=5,183,22 hp=1369
living id=4820 type=snickerblade pos=97,153,22 hp=2081
living id=4821 type=cyclop pos=72,151,22 hp=1968
living id=4822 type=cyclop pos=4,189,22 hp=2491
living id=4823 type=blueslime pos=71,69,22 hp=1684
living id=4824 type=blueslime pos=71,126,22 hp=1767
living id=4825 type=evilturtle pos=126,101,22 hp=1808
living id=4826 type=snickerblade pos=126,106,22 hp=2131
living id=4827 type=blueslime pos=68,68,22 hp=1923
living id=4828 type=firehead pos=142,4,22 hp=2260
living id=4830 type=direwolfalpha pos=126,72,22 hp=1359
living id=4831 type=firehead pos=189,75,22 hp=1963
living id=4833 type=blueslime pos=10,73,22 hp=2163
living id=4834 type=hobgoblinkaiser pos=149,6,22 hp=1833
living id=4835 type=blueslime pos=56,57,22 hp=1871
living id=4836 type=firehead pos=152,87,22 hp=2128
living id=4838 type=evilturtle pos=14,120,22 hp=2328
living id=4839 type=hobgoblinkaiser pos=83,103,22 hp=1908
living id=4840 type=direwolfalpha pos=131,103,22 hp=1491
living id=4841 type=cyclop pos=3,193,22 hp=2154
living id=4842 type=hobgoblin pos=30,74,22 hp=1632
living id=4843 type=blueslime pos=5,181,22 hp=2069
living id=4844 type=evilturtle pos=53,41,22 hp=2188
living id=4845 type=hobgoblin pos=32,192,22 hp=2075
living id=4846 type=evilturtle pos=65,191,22 hp=2403
living id=4847 type=blueslime pos=93,30,22 hp=1666
living id=4848 type=firehead pos=167,117,22 hp=1873
living id=4850 type=snickerblade pos=159,115,22 hp=2144
living id=4851 type=evilturtle pos=69,125,22 hp=1737
living id=4852 type=hobgoblin pos=96,50,22 hp=1616
living id=4853 type=firehead pos=126,38,22 hp=2181
living id=4855 type=direwolfalpha pos=97,30,22 hp=1535
living id=4856 type=snickerblade pos=137,65,22 hp=1713
living id=4857 type=hobgoblin pos=132,121,22 hp=2054
living id=4858 type=hobgoblin pos=121,14,22 hp=2018
living id=4859 type=direwolf pos=172,186,22 hp=1435
living id=4860 type=direwolf pos=19,178,22 hp=1349
living id=4861 type=blueslime pos=130,7,22 hp=1632
living id=4862 type=direwolfalpha pos=4,54,22 hp=1276
living id=4863 type=blueslime pos=15,169,22 hp=1739
living id=4864 type=blueslime pos=118,18,22 hp=1847
living id=4865 type=hobgoblin pos=130,100,22 hp=1883
living id=4866 type=direwolf pos=167,96,22 hp=1424
living id=4867 type=hobgoblin pos=122,8,22 hp=1634
living id=4868 type=evilturtle pos=165,184,22 hp=2422
living id=4869 type=firehead pos=99,51,22 hp=2125
living id=4871 type=direwolfalpha pos=47,189,22 hp=1546
living id=4872 type=evilturtle pos=141,142,22 hp=1863
living id=4873 type=direwolf pos=46,145,22 hp=1622
living id=4874 type=hobgoblin pos=101,137,22 hp=2183
living id=4875 type=firehead pos=103,163,22 hp=1868
living id=4877 type=cyclop pos=110,14,22 hp=1949
living id=4878 type=cyclop pos=41,144,22 hp=1729
living id=4879 type=blueslime pos=51,97,22 hp=1928
living id=4880 type=evilturtle pos=48,41,22 hp=2213
living id=4881 type=firehead pos=30,171,22 hp=2045
living id=4883 type=hobgoblinkaiser pos=115,169,22 hp=2037
living id=4884 type=evilturtle pos=45,181,22 hp=1837
living id=4885 type=evilturtle pos=146,182,22 hp=1755
living id=4886 type=hobgoblinkaiser pos=101,176,22 hp=1772
living id=4887 type=snickerblade pos=104,61,22 hp=1906
living id=4888 type=snickerblade pos=43,125,22 hp=2133
living id=4889 type=hobgoblinkaiser pos=53,37,22 hp=1785
living id=4890 type=snickerblade pos=139,181,22 hp=2006
living id=4891 type=cyclop pos=98,150,22 hp=2478
living id=4892 type=firehead pos=71,123,22 hp=1851
living id=4894 type=hobgoblinkaiser pos=39,146,22 hp=1787
living id=4895 type=hobgoblinkaiser pos=127,17,22 hp=1924
living id=4896 type=direwolf pos=36,14,22 hp=1556
living id=4897 type=hobgoblin pos=176,185,22 hp=1776
living id=4898 type=snickerblade pos=100,102,22 hp=1646
living id=4899 type=blueslime pos=7,117,22 hp=1632
living id=4900 type=evilturtle pos=165,151,22 hp=2400
living id=4901 type=hobgoblinkaiser pos=107,49,22 hp=2191
living id=4902 type=direwolf pos=66,187,22 hp=1589
living id=4903 type=firehead pos=130,109,22 hp=2285
living id=4905 type=direwolfalpha pos=163,162,22 hp=1348
living id=4906 type=direwolfalpha pos=15,180,22 hp=1393
living id=4907 type=blueslime pos=86,180,22 hp=1957
living id=4908 type=blueslime pos=122,139,22 hp=1743
living id=4909 type=direwolf pos=10,68,22 hp=1416
living id=4910 type=cyclop pos=65,112,22 hp=2218
living id=4911 type=hobgoblin pos=18,91,22 hp=1766
living id=4912 type=firehead pos=100,136,22 hp=2064
living id=4914 type=direwolfalpha pos=91,133,22 hp=1697
living id=4915 type=evilturtle pos=119,18,22 hp=1824
living id=4916 type=firehead pos=99,103,22 hp=1904
living id=4918 type=firehead pos=142,143,22 hp=1803
living id=4920 type=blueslime pos=167,96,22 hp=2069
living id=4921 type=snickerblade pos=112,127,22 hp=1996
living id=4922 type=hobgoblinkaiser pos=17,77,22 hp=2258
living id=4923 type=evilturtle pos=53,87,22 hp=2252
living id=4924 type=hobgoblinkaiser pos=105,81,22 hp=2256
living id=4925 type=hobgoblin pos=82,180,22 hp=1810
living id=4926 type=snickerblade pos=10,69,22 hp=1787
living id=4927 type=firehead pos=128,97,22 hp=1871
living id=4929 type=hobgoblin pos=156,50,22 hp=1944
living id=4930 type=snickerblade pos=72,63,22 hp=1677
living id=4931 type=direwolf pos=42,126,22 hp=1441
living id=4932 type=cyclop pos=102,187,22 hp=1770
living id=4933 type=direwolfalpha pos=111,131,22 hp=1437
living id=4934 type=direwolf pos=152,51,22 hp=1483
living id=4935 type=direwolf pos=188,74,22 hp=1651
living id=4936 type=firehead pos=167,125,22 hp=2206
living id=4938 type=direwolf pos=121,108,22 hp=1553
living id=4939 type=direwolf pos=198,120,22 hp=1355
living id=4940 type=blueslime pos=33,33,22 hp=1990
living id=4941 type=cyclop pos=103,101,22 hp=1928
living id=4942 type=hobgoblin pos=19,76,22 hp=2007
living id=4943 type=cyclop pos=35,10,22 hp=2202
living id=4944 type=hobgoblin pos=125,120,22 hp=1797
living id=4945 type=direwolf pos=163,155,22 hp=1549
living id=4946 type=hobgoblin pos=86,151,22 hp=1795
living id=4947 type=evilturtle pos=0,175,22 hp=2124
living id=4948 type=direwolfalpha pos=22,91,22 hp=1334
living id=4949 type=cyclop pos=47,78,22 hp=1748
living id=4950 type=direwolfalpha pos=78,170,22 hp=1532
living id=4951 type=evilturtle pos=169,99,22 hp=1806
living id=4952 type=hobgoblin pos=99,49,22 hp=2003
living id=4953 type=cyclop pos=63,116,22 hp=1675
living id=4954 type=blueslime pos=48,39,22 hp=1670
living id=4955 type=blueslime pos=78,126,22 hp=1790
living id=4956 type=hobgoblinkaiser pos=52,97,22 hp=1994
living id=4957 type=snickerblade pos=131,107,22 hp=1771
living id=4958 type=cyclop pos=19,135,22 hp=2172
living id=4959 type=direwolf pos=45,127,22 hp=1447
living id=4960 type=firehead pos=173,158,22 hp=1958
living id=4962 type=hobgoblinkaiser pos=106,90,22 hp=2319
living id=4963 type=hobgoblinkaiser pos=127,19,22 hp=2348
living id=4964 type=evilturtle pos=83,165,22 hp=2183
living id=4965 type=evilturtle pos=132,101,22 hp=2408
living id=4966 type=hobgoblinkaiser pos=89,165,22 hp=2071
living id=4967 type=firehead pos=116,134,22 hp=1702
living id=4969 type=blueslime pos=144,9,22 hp=1637
living id=4970 type=hobgoblinkaiser pos=54,97,22 hp=1848
living id=4971 type=snickerblade pos=151,41,22 hp=1709
living id=4972 type=hobgoblin pos=89,133,22 hp=1839
living id=4973 type=evilturtle pos=80,102,22 hp=1838
living id=4974 type=evilturtle pos=137,163,22 hp=2330
living id=4975 type=evilturtle pos=13,75,22 hp=2169
living id=4976 type=cyclop pos=157,122,22 hp=2093
living id=4977 type=direwolf pos=14,116,22 hp=1538
living id=4978 type=hobgoblin pos=128,49,22 hp=2089
living id=4979 type=hobgoblinkaiser pos=188,77,22 hp=2440
living id=4980 type=blueslime pos=73,181,22 hp=1709
living id=4981 type=snickerblade pos=32,153,22 hp=1843
living id=4982 type=direwolf pos=13,89,22 hp=1643
living id=4983 type=direwolfalpha pos=152,53,22 hp=1388
living id=4984 type=blueslime pos=89,171,22 hp=2130
living id=4985 type=firehead pos=39,172,22 hp=1807
living id=4987 type=direwolfalpha pos=106,182,22 hp=1458
living id=4988 type=hobgoblin pos=120,104,22 hp=1685
living id=4989 type=direwolfalpha pos=47,73,22 hp=1347
living id=4990 type=hobgoblinkaiser pos=188,78,22 hp=2465
living id=4991 type=hobgoblinkaiser pos=18,176,22 hp=2619
living id=4992 type=blueslime pos=149,188,22 hp=2087
living id=4993 type=firehead pos=35,11,22 hp=2080
living id=4995 type=hobgoblinkaiser pos=154,108,22 hp=2240
living id=4996 type=hobgoblin pos=43,143,22 hp=2081
living id=4997 type=blueslime pos=163,142,22 hp=1648
living id=4998 type=direwolf pos=119,169,22 hp=1464
living id=4999 type=snickerblade pos=31,124,22 hp=1909
living id=5000 type=direwolf pos=159,114,22 hp=1383
living id=5001 type=cyclop pos=142,168,22 hp=2204
living id=5002 type=firehead pos=75,50,22 hp=2203
living id=5004 type=hobgoblin pos=119,12,22 hp=1993
living id=5005 type=nexythesnickeredge pos=16,171,22 hp=2876
living id=5006 type=cavetroll pos=102,182,22 hp=3202
living id=5007 type=cavetroll pos=64,82,22 hp=2985
living id=5008 type=cavetroll pos=68,194,22 hp=2826
living id=5009 type=cavetroll pos=171,145,24 hp=2953
living id=5010 type=blueslime pos=26,85,24 hp=1712
living id=5011 type=blueslime pos=94,12,24 hp=1889
living id=5012 type=werewolf pos=190,119,24 hp=1840
living id=5013 type=werewolf pos=151,41,24 hp=1864
living id=5014 type=cavetroll pos=46,121,24 hp=2984
living id=5015 type=cavetroll pos=74,10,24 hp=2703
living id=5016 type=snickerbladewizard pos=137,12,24 hp=3391
living id=5017 type=zombie pos=164,83,24 hp=2844
living id=5018 type=snickerblade pos=173,130,24 hp=1699
living id=5019 type=direwolfalpha pos=151,122,24 hp=1663
living id=5020 type=snickerbladewizard pos=11,60,24 hp=3341
living id=5021 type=werewolf pos=191,142,24 hp=1483
living id=5022 type=direwolf pos=107,149,24 hp=1504
living id=5023 type=direwolfalpha pos=82,158,24 hp=1636
living id=5024 type=snickerblade pos=174,117,24 hp=1737
living id=5025 type=firehead pos=90,54,24 hp=2221
living id=5027 type=evilturtle pos=179,122,24 hp=2482
living id=5028 type=snickerbladewizard pos=153,35,24 hp=3256
living id=5029 type=werewolf pos=151,65,24 hp=1485
living id=5030 type=direwolfalpha pos=179,182,24 hp=1496
living id=5031 type=evilturtle pos=30,61,24 hp=1900
living id=5032 type=infectedzombie pos=23,63,24 hp=2411
living id=5033 type=evilturtle pos=175,187,24 hp=2105
living id=5034 type=zombie pos=190,89,24 hp=2499
living id=5035 type=zombie pos=157,108,24 hp=3135
living id=5036 type=zombie pos=193,164,24 hp=3148
living id=5037 type=cavetroll pos=193,175,24 hp=2743
living id=5038 type=snickerbladewizard pos=26,102,24 hp=3365
living id=5039 type=zombie pos=74,35,24 hp=3134
living id=5040 type=snickerblade pos=53,142,24 hp=1670
living id=5041 type=direwolf pos=85,129,24 hp=1351
living id=5042 type=evilturtle pos=52,87,24 hp=2064
living id=5043 type=firehead pos=154,121,24 hp=2041
living id=5045 type=zombie pos=132,128,24 hp=2736
living id=5046 type=direwolfalpha pos=118,36,24 hp=1536
living id=5047 type=werewolf pos=186,124,24 hp=1506
living id=5048 type=direwolfalpha pos=13,27,24 hp=1708
living id=5049 type=evilturtle pos=74,12,24 hp=2404
living id=5050 type=firehead pos=50,176,24 hp=1959
living id=5052 type=werewolf pos=116,23,24 hp=1494
living id=5053 type=werewolf pos=99,37,24 hp=1366
living id=5054 type=snickerbladewizard pos=133,132,24 hp=3354
living id=5055 type=direwolfalpha pos=25,35,24 hp=1661
living id=5056 type=evilturtle pos=12,0,24 hp=2178
living id=5057 type=snickerbladewizard pos=110,69,24 hp=3338
living id=5058 type=direwolfalpha pos=192,113,24 hp=1470
living id=5059 type=direwolfalpha pos=21,181,24 hp=1276
living id=5060 type=evilturtle pos=118,23,24 hp=1831
living id=5061 type=direwolf pos=84,20,24 hp=1619
living id=5062 type=snickerblade pos=102,77,24 hp=1795
living id=5063 type=blueslime pos=21,146,24 hp=2118
living id=5064 type=firehead pos=12,25,24 hp=1703
living id=5066 type=blueslime pos=155,74,24 hp=1625
living id=5067 type=firehead pos=191,176,24 hp=2275
living id=5069 type=blueslime pos=181,31,24 hp=2175
living id=5070 type=snickerblade pos=103,76,24 hp=2012
living id=5071 type=direwolf pos=100,143,24 hp=1404
living id=5072 type=evilturtle pos=105,181,24 hp=2267
living id=5073 type=direwolfalpha pos=8,180,24 hp=1442
living id=5074 type=werewolf pos=156,62,24 hp=1799
living id=5075 type=snickerbladewizard pos=65,50,24 hp=3373
living id=5076 type=snickerbladewizard pos=131,78,24 hp=3367
living id=5077 type=infectedzombie pos=92,43,24 hp=2812
living id=5078 type=direwolfalpha pos=171,21,24 hp=1682
living id=5079 type=cavetroll pos=34,162,24 hp=3090
living id=5080 type=snickerblade pos=117,48,24 hp=2158
living id=5081 type=snickerbladewizard pos=191,156,24 hp=3389
living id=5082 type=direwolfalpha pos=126,102,24 hp=1724
living id=5083 type=snickerblade pos=7,101,24 hp=1647
living id=5084 type=blueslime pos=29,66,24 hp=1648
living id=5085 type=firehead pos=46,119,24 hp=2102
living id=5087 type=snickerbladewizard pos=100,92,24 hp=3277
living id=5088 type=infectedzombie pos=116,23,24 hp=2892
living id=5089 type=direwolf pos=191,24,24 hp=1494
living id=5090 type=werewolf pos=198,116,24 hp=1348
living id=5091 type=blueslime pos=13,59,24 hp=1706
living id=5092 type=snickerbladewizard pos=151,24,24 hp=3353
living id=5093 type=blueslime pos=178,185,24 hp=1687
living id=5094 type=direwolf pos=89,83,24 hp=1623
living id=5095 type=direwolfalpha pos=9,62,24 hp=1499
living id=5096 type=infectedzombie pos=84,94,24 hp=2605
living id=5097 type=snickerbladewizard pos=5,129,24 hp=3378
living id=5098 type=zombie pos=15,4,24 hp=2881
living id=5099 type=snickerbladewizard pos=186,77,24 hp=3255
living id=5100 type=blueslime pos=143,156,24 hp=1737
living id=5101 type=zombie pos=185,12,24 hp=2697
living id=5102 type=cavetroll pos=121,45,24 hp=2985
living id=5103 type=werewolf pos=61,170,24 hp=1563
living id=5104 type=zombie pos=12,128,24 hp=3580
living id=5105 type=werewolf pos=3,162,24 hp=1348
living id=5106 type=snickerbladewizard pos=124,34,24 hp=3305
living id=5107 type=zombie pos=148,68,24 hp=3250
living id=5108 type=werewolf pos=193,112,24 hp=1705
living id=5109 type=evilturtle pos=194,151,24 hp=1949
living id=5110 type=werewolf pos=106,98,24 hp=1733
living id=5111 type=firehead pos=149,43,24 hp=1745
living id=5113 type=blueslime pos=154,40,24 hp=1847
living id=5114 type=snickerblade pos=72,43,24 hp=2071
living id=5115 type=direwolfalpha pos=10,62,24 hp=1458
living id=5116 type=firehead pos=22,144,24 hp=2259
living id=5118 type=direwolf pos=182,177,24 hp=1608
living id=5119 type=direwolf pos=173,128,24 hp=1536
living id=5120 type=snickerbladewizard pos=79,153,24 hp=3261
living id=5121 type=infectedzombie pos=160,77,24 hp=2513
living id=5122 type=blueslime pos=82,178,24 hp=1775
living id=5123 type=cavetroll pos=166,11,24 hp=3153
living id=5124 type=snickerblade pos=90,129,24 hp=2109
living id=5125 type=blueslime pos=144,117,24 hp=1660
living id=5126 type=direwolfalpha pos=11,9,24 hp=1698
living id=5127 type=snickerblade pos=3,1,24 hp=1902
living id=5128 type=zombie pos=54,86,24 hp=3278
living id=5129 type=infectedzombie pos=24,91,24 hp=2230
living id=5130 type=werewolf pos=87,156,24 hp=1580
living id=5131 type=blueslime pos=72,6,24 hp=1750
living id=5132 type=direwolfalpha pos=95,97,24 hp=1514
living id=5133 type=infectedzombie pos=45,160,24 hp=2849
living id=5134 type=blueslime pos=104,144,24 hp=1987
living id=5135 type=infectedzombie pos=86,130,24 hp=2602
living id=5136 type=firehead pos=21,140,24 hp=2295
living id=5138 type=zombie pos=121,65,24 hp=2625
living id=5139 type=cavetroll pos=57,180,24 hp=3027
living id=5140 type=evilturtle pos=85,19,24 hp=2425
living id=5141 type=zombie pos=19,141,24 hp=3299
living id=5142 type=werewolf pos=90,93,24 hp=1722
living id=5143 type=blueslime pos=127,11,24 hp=2028
living id=5144 type=snickerblade pos=178,176,24 hp=2013
living id=5145 type=firehead pos=167,10,24 hp=1827
living id=5147 type=snickerblade pos=52,119,24 hp=2150
living id=5148 type=firehead pos=27,25,24 hp=2043
living id=5150 type=firehead pos=6,130,24 hp=2277
living id=5152 type=werewolf pos=23,181,24 hp=1690
living id=5153 type=blueslime pos=103,153,24 hp=1650
living id=5154 type=firehead pos=28,55,24 hp=1773
living id=5156 type=zombie pos=171,65,24 hp=2709
living id=5157 type=evilturtle pos=42,162,24 hp=2128
living id=5158 type=cavetroll pos=23,83,24 hp=2860
living id=5159 type=werewolf pos=175,160,24 hp=1591
living id=5160 type=direwolfalpha pos=175,159,24 hp=1318
living id=5161 type=zombie pos=94,97,24 hp=3299
living id=5162 type=direwolf pos=110,61,24 hp=1345
living id=5163 type=cavetroll pos=186,117,24 hp=2843
living id=5164 type=cavetroll pos=143,106,24 hp=3141
living id=5165 type=firehead pos=181,119,24 hp=2103
living id=5167 type=firehead pos=129,127,24 hp=1868
living id=5169 type=zombie pos=114,24,24 hp=2959
living id=5170 type=blueslime pos=9,85,24 hp=1629
living id=5171 type=firehead pos=103,100,24 hp=1774
living id=5173 type=direwolfalpha pos=30,59,24 hp=1503
living id=5174 type=firehead pos=110,13,24 hp=2017
living id=5176 type=snickerbladewizard pos=81,185,24 hp=3363
living id=5177 type=direwolfalpha pos=122,35,24 hp=1481
living id=5178 type=infectedzombie pos=145,154,24 hp=2276
living id=5179 type=firehead pos=153,64,24 hp=1727
living id=5181 type=firehead pos=116,15,24 hp=2014
living id=5183 type=werewolf pos=12,100,24 hp=1352
living id=5184 type=direwolf pos=20,47,24 hp=1343
living id=5185 type=snickerbladewizard pos=78,93,24 hp=3291
living id=5186 type=snickerblade pos=112,181,24 hp=2166
living id=5187 type=infectedzombie pos=80,182,24 hp=2659
living id=5188 type=zombie pos=23,146,24 hp=2989
living id=5189 type=cavetroll pos=151,120,24 hp=2860
living id=5190 type=evilturtle pos=107,126,24 hp=2413
living id=5191 type=direwolf pos=49,85,24 hp=1668
living id=5192 type=blueslime pos=10,18,24 hp=1867
living id=5193 type=werewolf pos=188,79,24 hp=1594
living id=5194 type=evilturtle pos=84,148,24 hp=2433
living id=5195 type=werewolf pos=177,174,24 hp=1766
living id=5196 type=cavetroll pos=24,143,24 hp=3023
living id=5197 type=werewolf pos=26,44,24 hp=1506
living id=5198 type=infectedzombie pos=74,12,24 hp=2235
living id=5199 type=direwolf pos=184,69,24 hp=1584
living id=5200 type=evilturtle pos=112,85,24 hp=2281
living id=5201 type=blueslime pos=41,20,24 hp=1914
living id=5202 type=zombie pos=178,153,24 hp=2707
living id=5203 type=blueslime pos=182,34,24 hp=2052
living id=5204 type=direwolf pos=126,105,24 hp=1436
living id=5205 type=direwolf pos=91,96,24 hp=1448
living id=5206 type=zombie pos=129,79,24 hp=3652
living id=5207 type=evilturtle pos=53,86,24 hp=1821
living id=5208 type=snickerblade pos=174,182,24 hp=1870
living id=5209 type=evilturtle pos=147,125,24 hp=2232
living id=5210 type=infectedzombie pos=56,85,24 hp=2831
living id=5211 type=cavetroll pos=153,119,24 hp=3150
living id=5212 type=snickerbladewizard pos=86,21,24 hp=3329
living id=5213 type=direwolfalpha pos=120,67,24 hp=1684
living id=5214 type=evilturtle pos=13,64,24 hp=2006
living id=5215 type=snickerblade pos=104,41,24 hp=1931
living id=5216 type=firehead pos=137,179,24 hp=2157
living id=5218 type=infectedzombie pos=167,83,24 hp=2368
living id=5219 type=evilturtle pos=44,163,24 hp=2072
living id=5220 type=zombie pos=21,102,24 hp=3081
living id=5221 type=snickerblade pos=183,122,24 hp=1787
living id=5222 type=infectedzombie pos=81,184,24 hp=2295
living id=5223 type=zombie pos=162,81,24 hp=2516
living id=5224 type=snickerblade pos=105,93,24 hp=2035
living id=5225 type=direwolfalpha pos=111,181,24 hp=1431
living id=5226 type=evilturtle pos=171,117,24 hp=2103
living id=5227 type=snickerblade pos=76,146,24 hp=1972
living id=5228 type=zombie pos=53,87,24 hp=2912
living id=5229 type=direwolf pos=174,79,24 hp=1529
living id=5230 type=infectedzombie pos=60,175,24 hp=2481
living id=5231 type=direwolfalpha pos=184,108,24 hp=1718
living id=5232 type=snickerbladewizard pos=113,112,24 hp=3380
living id=5233 type=direwolfalpha pos=39,14,24 hp=1349
living id=5234 type=snickerblade pos=181,131,24 hp=2031
living id=5235 type=blueslime pos=186,58,24 hp=1853
living id=5236 type=cavetroll pos=169,72,24 hp=2867
living id=5237 type=zombie pos=3,129,24 hp=2902
living id=5238 type=snickerbladewizard pos=73,30,24 hp=3276
living id=5239 type=snickerbladewizard pos=34,38,24 hp=3365
living id=5240 type=evilturtle pos=56,45,24 hp=2052
living id=5241 type=zombie pos=77,128,24 hp=2360
living id=5242 type=direwolfalpha pos=113,21,24 hp=1488
living id=5243 type=werewolf pos=35,118,24 hp=1862
living id=5244 type=snickerblade pos=108,84,24 hp=1916
living id=5245 type=firehead pos=26,64,24 hp=2221
living id=5247 type=snickerbladewizard pos=117,34,24 hp=3327
living id=5248 type=werewolf pos=43,43,24 hp=1781
living id=5249 type=direwolfalpha pos=169,67,24 hp=1348
living id=5250 type=firehead pos=108,58,24 hp=2160
living id=5252 type=direwolf pos=146,74,24 hp=1542
living id=5253 type=direwolf pos=67,93,24 hp=1551
living id=5254 type=firehead pos=107,99,24 hp=1729
living id=5256 type=direwolfalpha pos=5,83,24 hp=1523
living id=5257 type=blueslime pos=11,186,24 hp=1695
living id=5258 type=firehead pos=184,70,24 hp=2269
living id=5260 type=direwolfalpha pos=7,102,24 hp=1681
living id=5261 type=cavetroll pos=48,73,24 hp=3126
living id=5262 type=werewolf pos=183,119,24 hp=1481
living id=5263 type=zombie pos=192,187,24 hp=3368
living id=5264 type=snickerblade pos=159,24,24 hp=2034
living id=5265 type=cavetroll pos=57,47,24 hp=2701
living id=5266 type=blueslime pos=166,10,24 hp=1746
living id=5267 type=infectedzombie pos=106,35,24 hp=2280
living id=5268 type=snickerblade pos=190,29,24 hp=2091
living id=5269 type=infectedzombie pos=28,29,24 hp=2238
living id=5270 type=zombie pos=50,156,24 hp=3285
living id=5271 type=direwolf pos=77,47,24 hp=1336
living id=5272 type=zombie pos=84,132,24 hp=3554
living id=5273 type=cavetroll pos=42,42,24 hp=3011
living id=5274 type=werewolf pos=191,27,24 hp=1684
living id=5275 type=snickerblade pos=180,180,24 hp=1930
living id=5276 type=snickerblade pos=79,182,24 hp=1693
living id=5277 type=snickerbladewizard pos=3,158,24 hp=3339
living id=5278 type=cavetroll pos=30,66,24 hp=2997
living id=5279 type=infectedzombie pos=96,42,24 hp=2703
living id=5280 type=cavetroll pos=100,153,24 hp=3168
living id=5281 type=cavetroll pos=84,94,24 hp=3264
living id=5282 type=werewolf pos=131,86,24 hp=1794
living id=5283 type=direwolfalpha pos=125,35,24 hp=1519
living id=5284 type=snickerblade pos=177,135,24 hp=1764
living id=5285 type=evilturtle pos=96,188,24 hp=2082
living id=5286 type=infectedzombie pos=55,120,24 hp=2479
living id=5287 type=snickerbladewizard pos=8,178,24 hp=3323
living id=5288 type=infectedzombie pos=104,98,24 hp=2592
living id=5289 type=direwolfalpha pos=30,57,24 hp=1588
living id=5290 type=snickerbladewizard pos=87,132,24 hp=3400
living id=5291 type=werewolf pos=105,180,24 hp=1320
living id=5292 type=werewolf pos=10,158,24 hp=1584
living id=5293 type=cavetroll pos=9,143,24 hp=2782
living id=5294 type=direwolf pos=111,66,24 hp=1417
living id=5295 type=infectedzombie pos=27,72,24 hp=2660
living id=5296 type=cavetroll pos=42,71,24 hp=2825
living id=5297 type=snickerbladewizard pos=32,99,24 hp=3395
living id=5298 type=direwolf pos=77,158,24 hp=1585
living id=5299 type=direwolfalpha pos=176,18,24 hp=1685
living id=5300 type=cavetroll pos=7,85,24 hp=2722
living id=5301 type=snickerbladewizard pos=77,84,24 hp=3274
living id=5302 type=evilturtle pos=106,143,24 hp=2001
living id=5303 type=cavetroll pos=104,15,24 hp=2735
living id=5304 type=zombie pos=173,139,24 hp=3617
living id=5305 type=zombie pos=52,70,24 hp=3128
living id=5306 type=evilturtle pos=50,49,24 hp=2335
living id=5307 type=blueslime pos=25,90,24 hp=2040
living id=5308 type=zombie pos=155,119,24 hp=2905
living id=5309 type=blueslime pos=40,119,24 hp=2049
living id=5310 type=zombie pos=183,87,24 hp=3485
living id=5311 type=firehead pos=176,161,24 hp=1995
living id=5313 type=evilturtle pos=25,98,24 hp=2345
living id=5314 type=cavetroll pos=40,12,24 hp=3089
living id=5315 type=snickerblade pos=81,51,24 hp=1646
living id=5316 type=werewolf pos=21,45,24 hp=1453
living id=5317 type=snickerblade pos=25,37,24 hp=2154
living id=5318 type=zombie pos=26,29,24 hp=3046
living id=5319 type=direwolf pos=6,12,24 hp=1508
living id=5320 type=werewolf pos=108,170,24 hp=1630
living id=5321 type=firehead pos=85,147,24 hp=2126
living id=5323 type=evilturtle pos=190,24,24 hp=1773
living id=5324 type=snickerbladewizard pos=46,44,24 hp=3253
living id=5325 type=werewolf pos=142,175,24 hp=1359
living id=5326 type=infectedzombie pos=9,183,24 hp=2681
living id=5327 type=werewolf pos=21,162,24 hp=1457
living id=5328 type=infectedzombie pos=128,123,24 hp=2792
living id=5329 type=direwolf pos=191,36,24 hp=1429
living id=5330 type=werewolf pos=111,13,24 hp=1733
living id=5331 type=evilturtle pos=65,91,24 hp=2051
living id=5332 type=snickerblade pos=153,40,24 hp=2130
living id=5333 type=werewolf pos=150,42,24 hp=1432
living id=5334 type=evilturtle pos=62,54,24 hp=1762
living id=5335 type=snickerblade pos=116,47,24 hp=2032
living id=5336 type=direwolfalpha pos=128,131,24 hp=1511
living id=5337 type=werewolf pos=101,147,24 hp=1726
living id=5338 type=werewolf pos=103,95,24 hp=1822
living id=5339 type=zombie pos=74,41,24 hp=3008
living id=5340 type=werewolf pos=27,162,24 hp=1774
living id=5341 type=snickerbladewizard pos=101,70,24 hp=3352
living id=5342 type=infectedzombie pos=135,132,24 hp=2823
living id=5343 type=zombie pos=3,182,24 hp=3161
living id=5344 type=blueslime pos=121,45,24 hp=2065
living id=5345 type=evilturtle pos=199,183,24 hp=2453
living id=5346 type=firehead pos=30,177,24 hp=1911
living id=5348 type=snickerbladewizard pos=10,72,24 hp=3308
living id=5349 type=werewolf pos=87,146,24 hp=1342
living id=5350 type=evilturtle pos=102,92,24 hp=1838
living id=5351 type=direwolfalpha pos=8,129,24 hp=1618
living id=5352 type=snickerblade pos=118,17,24 hp=1781
living id=5353 type=snickerbladewizard pos=139,120,24 hp=3343
living id=5354 type=snickerbladewizard pos=10,58,24 hp=3261
living id=5355 type=cavetroll pos=90,54,24 hp=3248
living id=5356 type=zombie pos=59,172,24 hp=3320
living id=5357 type=direwolf pos=75,5,24 hp=1575
living id=5358 type=infectedzombie pos=77,135,24 hp=2288
living id=5359 type=evilturtle pos=80,98,24 hp=1867
living id=5360 type=zombie pos=23,110,24 hp=3542
living id=5361 type=direwolfalpha pos=186,175,24 hp=1606
living id=5362 type=direwolf pos=27,179,24 hp=1430
living id=5363 type=infectedzombie pos=150,12,24 hp=2378
living id=5364 type=firehead pos=6,165,24 hp=2060
living id=5366 type=snickerblade pos=12,59,24 hp=1941
living id=5367 type=infectedzombie pos=51,113,24 hp=2668
living id=5368 type=firehead pos=54,92,24 hp=1715
living id=5370 type=zombie pos=84,19,24 hp=2788
living id=5371 type=blueslime pos=131,83,24 hp=1903
living id=5372 type=firehead pos=93,54,24 hp=1964
living id=5374 type=evilturtle pos=123,67,24 hp=2433
living id=5375 type=direwolfalpha pos=188,79,24 hp=1424
living id=5376 type=direwolf pos=40,98,24 hp=1575
living id=5377 type=evilturtle pos=136,126,24 hp=1852
living id=5378 type=direwolfalpha pos=82,115,24 hp=1475
living id=5379 type=direwolfalpha pos=82,57,24 hp=1653
living id=5380 type=snickerbladewizard pos=63,170,24 hp=3260
living id=5381 type=direwolf pos=77,34,24 hp=1502
living id=5382 type=snickerblade pos=180,150,24 hp=1786
living id=5383 type=werewolf pos=34,69,24 hp=1523
living id=5384 type=direwolf pos=130,86,24 hp=1449
living id=5385 type=snickerblade pos=16,0,24 hp=1761
living id=5386 type=blueslime pos=24,49,24 hp=1662
living id=5387 type=evilturtle pos=100,68,24 hp=2006
living id=5388 type=snickerblade pos=166,24,24 hp=1744
living id=5389 type=direwolfalpha pos=104,102,24 hp=1339
living id=5390 type=cavetroll pos=81,151,24 hp=2844
living id=5391 type=snickerbladewizard pos=104,144,24 hp=3274
living id=5392 type=cavetroll pos=60,178,24 hp=3026
living id=5393 type=direwolf pos=129,134,24 hp=1632
living id=5394 type=direwolf pos=191,123,24 hp=1402
living id=5395 type=zombie pos=66,90,24 hp=2530
living id=5396 type=werewolf pos=115,80,24 hp=1431
living id=5397 type=direwolf pos=183,32,24 hp=1451
living id=5398 type=snickerblade pos=103,102,24 hp=2138
living id=5399 type=snickerbladewizard pos=27,29,24 hp=3340
living id=5400 type=blueslime pos=3,125,24 hp=1917
living id=5401 type=snickerbladewizard pos=88,132,24 hp=3341
living id=5402 type=firehead pos=75,35,24 hp=1897
living id=5404 type=direwolf pos=28,99,24 hp=1432
living id=5405 type=snickerblade pos=183,186,24 hp=2122
living id=5406 type=zombie pos=151,46,24 hp=2717
living id=5407 type=werewolf pos=79,52,24 hp=1376
living id=5408 type=snickerbladewizard pos=10,26,24 hp=3373
living id=5409 type=direwolf pos=40,10,24 hp=1387
living id=5410 type=snickerblade pos=39,117,24 hp=2085
living id=5411 type=werewolf pos=120,26,24 hp=1851
living id=5412 type=evilturtle pos=187,112,24 hp=2170
living id=5413 type=infectedzombie pos=115,32,24 hp=2476
living id=5414 type=zombie pos=170,158,24 hp=2444
living id=5415 type=evilturtle pos=141,145,24 hp=2030
living id=5416 type=firehead pos=151,62,24 hp=2262
living id=5418 type=zombie pos=186,122,24 hp=3030
living id=5419 type=evilturtle pos=167,108,24 hp=2043
living id=5420 type=blueslime pos=108,8,24 hp=1889
living id=5421 type=firehead pos=23,111,24 hp=2041
living id=5423 type=firehead pos=72,34,24 hp=2252
living id=5425 type=blueslime pos=141,156,24 hp=1762
living id=5426 type=direwolf pos=173,156,24 hp=1549
living id=5427 type=evilturtle pos=87,100,24 hp=2048
living id=5428 type=evilturtle pos=101,41,24 hp=2047
living id=5429 type=snickerbladewizard pos=82,92,24 hp=3323
living id=5430 type=zombie pos=129,103,24 hp=2975
living id=5431 type=zombie pos=22,94,24 hp=3267
living id=5432 type=snickerbladewizard pos=103,36,24 hp=3270
living id=5433 type=direwolf pos=6,94,24 hp=1595
living id=5434 type=direwolf pos=180,28,24 hp=1454
living id=5435 type=zombie pos=83,98,24 hp=3075
living id=5436 type=snickerbladewizard pos=175,120,24 hp=3296
living id=5437 type=snickerblade pos=94,40,24 hp=1729
living id=5438 type=werewolf pos=130,134,24 hp=1692
living id=5439 type=blueslime pos=175,177,24 hp=1809
living id=5440 type=snickerbladewizard pos=155,124,24 hp=3346
living id=5441 type=evilturtle pos=45,96,24 hp=1845
living id=5442 type=evilturtle pos=172,79,24 hp=1757
living id=5443 type=firehead pos=83,124,24 hp=2211
living id=5445 type=firehead pos=182,175,24 hp=1802
living id=5447 type=snickerbladewizard pos=31,162,24 hp=3357
living id=5448 type=firehead pos=108,162,24 hp=2127
living id=5450 type=infectedzombie pos=55,46,24 hp=2254
living id=5451 type=zombie pos=59,177,24 hp=2901
living id=5452 type=snickerblade pos=79,74,24 hp=1936
living id=5453 type=firehead pos=90,82,24 hp=2176
living id=5455 type=snickerblade pos=176,160,24 hp=2140
living id=5456 type=werewolf pos=103,189,24 hp=1355
living id=5457 type=werewolf pos=24,116,24 hp=1419
living id=5458 type=firehead pos=48,70,24 hp=1816
living id=5460 type=infectedzombie pos=188,110,24 hp=2216
living id=5461 type=direwolfalpha pos=61,174,24 hp=1289
living id=5462 type=zombie pos=123,11,24 hp=3328
living id=5463 type=snickerbladewizard pos=21,48,24 hp=3291
living id=5464 type=werewolf pos=176,154,24 hp=1412
living id=5465 type=evilturtle pos=23,65,24 hp=2172
living id=5466 type=zombie pos=106,61,24 hp=3541
living id=5467 type=direwolfalpha pos=30,178,24 hp=1288
living id=5468 type=evilturtle pos=80,73,24 hp=2049
living id=5469 type=infectedzombie pos=77,156,24 hp=2331
living id=5470 type=snickerbladewizard pos=168,175,24 hp=3377
living id=5471 type=firehead pos=61,178,24 hp=1710
living id=5473 type=zombie pos=174,80,24 hp=3332
living id=5474 type=zombie pos=84,148,24 hp=2679
living id=5475 type=snickerbladewizard pos=149,21,24 hp=3262
living id=5476 type=evilturtle pos=119,51,24 hp=2105
living id=5477 type=cavetroll pos=103,154,24 hp=2737
living id=5478 type=direwolfalpha pos=176,147,24 hp=1333
living id=5479 type=infectedzombie pos=193,174,24 hp=2661
living id=5480 type=zombie pos=178,161,24 hp=3339
living id=5481 type=direwolfalpha pos=102,41,24 hp=1524
living id=5482 type=cavetroll pos=41,37,24 hp=2895
living id=5483 type=snickerbladewizard pos=186,85,24 hp=3391
living id=5484 type=evilturtle pos=160,83,24 hp=2288
living id=5485 type=direwolf pos=6,166,24 hp=1357
living id=5486 type=firehead pos=18,27,24 hp=1953
living id=5488 type=direwolfalpha pos=62,90,24 hp=1483
living id=5489 type=evilturtle pos=173,99,24 hp=2264
living id=5490 type=snickerblade pos=112,50,24 hp=2020
living id=5491 type=cavetroll pos=142,21,24 hp=2857
living id=5492 type=direwolfalpha pos=8,30,24 hp=1497
living id=5493 type=zombie pos=189,12,24 hp=3628
living id=5494 type=infectedzombie pos=158,71,24 hp=2861
living id=5495 type=snickerblade pos=12,7,24 hp=1792
living id=5496 type=direwolfalpha pos=5,167,24 hp=1477
living id=5497 type=snickerbladewizard pos=155,138,24 hp=3262
living id=5498 type=blueslime pos=129,125,24 hp=1943
living id=5499 type=firehead pos=149,65,24 hp=1947
living id=5501 type=direwolf pos=93,35,24 hp=1488
living id=5502 type=direwolfalpha pos=20,163,24 hp=1589
living id=5503 type=direwolf pos=158,122,24 hp=1420
living id=5504 type=werewolf pos=182,134,24 hp=1602
living id=5505 type=direwolfalpha pos=77,130,24 hp=1385
living id=5506 type=zombie pos=178,149,24 hp=3215
living id=5507 type=snickerblade pos=178,128,24 hp=1980
living id=5508 type=cavetroll pos=119,58,24 hp=3005
living id=5509 type=direwolf pos=190,36,24 hp=1546
living id=5510 type=snickerbladewizard pos=155,108,24 hp=3379
living id=5511 type=blueslime pos=173,110,24 hp=1845
living id=5512 type=evilturtle pos=170,63,24 hp=2001
living id=5513 type=firehead pos=104,129,24 hp=2025
living id=5515 type=snickerbladewizard pos=100,39,24 hp=3318
living id=5516 type=firehead pos=184,13,24 hp=2047
living id=5518 type=infectedzombie pos=109,58,24 hp=2310
living id=5519 type=blueslime pos=45,88,24 hp=1926
living id=5520 type=firehead pos=192,38,24 hp=2150
living id=5522 type=blueslime pos=174,157,24 hp=1987
living id=5523 type=cavetroll pos=82,116,24 hp=2805
living id=5524 type=snickerblade pos=191,88,24 hp=1761
living id=5525 type=snickerblade pos=5,127,24 hp=1964
living id=5526 type=cavetroll pos=57,182,24 hp=2729
living id=5527 type=firehead pos=48,72,24 hp=2250
living id=5529 type=direwolf pos=23,145,24 hp=1620
living id=5530 type=snickerbladewizard pos=191,186,24 hp=3291
living id=5531 type=infectedzombie pos=162,11,24 hp=2910
living id=5532 type=snickerbladewizard pos=167,164,24 hp=3259
living id=5533 type=direwolfalpha pos=6,165,24 hp=1627
living id=5534 type=evilturtle pos=56,67,24 hp=2340
living id=5535 type=zombie pos=108,94,24 hp=2563
living id=5536 type=blueslime pos=27,78,24 hp=1786
living id=5537 type=evilturtle pos=182,144,24 hp=1879
living id=5538 type=direwolf pos=103,180,24 hp=1472
living id=5539 type=direwolfalpha pos=64,97,24 hp=1514
living id=5540 type=firehead pos=28,122,24 hp=2204
living id=5542 type=direwolfalpha pos=86,102,24 hp=1454
living id=5543 type=snickerblade pos=144,26,24 hp=1981
living id=5544 type=snickerblade pos=105,34,24 hp=2114
living id=5545 type=blueslime pos=32,71,24 hp=1914
living id=5546 type=cavetroll pos=107,94,24 hp=3132
living id=5547 type=blueslime pos=105,110,24 hp=2040
living id=5548 type=cavetroll pos=171,88,24 hp=3095
living id=5549 type=firehead pos=42,163,24 hp=1783
living id=5551 type=snickerbladewizard pos=24,65,24 hp=3389
living id=5552 type=direwolfalpha pos=100,74,24 hp=1380
living id=5553 type=blueslime pos=21,85,24 hp=1896
living id=5554 type=direwolf pos=101,153,24 hp=1630
living id=5555 type=direwolfalpha pos=41,159,24 hp=1582
living id=5556 type=cavetroll pos=22,154,24 hp=3283
living id=5557 type=blueslime pos=80,20,24 hp=1867
living id=5558 type=snickerblade pos=13,30,24 hp=1627
living id=5559 type=cavetroll pos=23,24,24 hp=3017
living id=5560 type=cavetroll pos=5,181,24 hp=2853
living id=5561 type=snickerblade pos=173,30,24 hp=1839
living id=5562 type=direwolf pos=162,73,24 hp=1382
living id=5563 type=direwolf pos=147,27,24 hp=1608
living id=5564 type=direwolf pos=120,71,24 hp=1497
living id=5565 type=zombie pos=178,125,24 hp=2597
living id=5566 type=direwolf pos=107,13,24 hp=1549
living id=5567 type=snickerblade pos=39,7,24 hp=2141
living id=5568 type=zombie pos=13,82,24 hp=3278
living id=5569 type=direwolfalpha pos=112,23,24 hp=1530
living id=5570 type=blueslime pos=157,153,24 hp=1661
living id=5571 type=firehead pos=18,55,24 hp=1952
living id=5573 type=zombie pos=76,116,24 hp=3324
living id=5574 type=werewolf pos=110,48,24 hp=1408
living id=5575 type=firehead pos=175,85,24 hp=1896
living id=5577 type=evilturtle pos=166,108,24 hp=1760
living id=5578 type=evilturtle pos=5,129,24 hp=1794
living id=5579 type=cavetroll pos=182,64,24 hp=2726
living id=5580 type=werewolf pos=53,141,24 hp=1631
living id=5581 type=cavetroll pos=109,32,24 hp=2810
living id=5582 type=direwolf pos=102,151,24 hp=1428
living id=5583 type=evilturtle pos=84,134,24 hp=2232
living id=5584 type=snickerbladewizard pos=98,38,24 hp=3298
living id=5585 type=zombie pos=110,64,24 hp=2720
living id=5586 type=direwolf pos=170,67,24 hp=1622
living id=5587 type=cavetroll pos=87,127,24 hp=3189
living id=5588 type=werewolf pos=167,162,24 hp=1665
living id=5589 type=evilturtle pos=191,187,24 hp=2056
living id=5590 type=snickerblade pos=193,186,24 hp=1636
living id=5591 type=snickerbladewizard pos=190,88,24 hp=3258
living id=5592 type=blueslime pos=87,23,24 hp=1680
living id=5593 type=evilturtle pos=109,61,24 hp=2222
living id=5594 type=zombie pos=66,96,24 hp=2722
living id=5595 type=direwolfalpha pos=3,186,24 hp=1625
living id=5596 type=blueslime pos=111,84,24 hp=2113
living id=5597 type=blueslime pos=173,50,24 hp=1695
living id=5598 type=firehead pos=35,36,24 hp=2246
living id=5600 type=snickerbladewizard pos=195,176,24 hp=3348
living id=5601 type=snickerblade pos=43,119,24 hp=2074
living id=5602 type=snickerbladewizard pos=28,43,24 hp=3293
living id=5603 type=snickerblade pos=76,151,24 hp=2148
living id=5604 type=evilturtle pos=116,22,24 hp=2258
living id=5605 type=blueslime pos=5,119,24 hp=1910
living id=5606 type=direwolf pos=8,64,24 hp=1471
living id=5607 type=blueslime pos=109,48,24 hp=1994
living id=5608 type=zombie pos=133,134,24 hp=2723
living id=5609 type=snickerblade pos=166,145,24 hp=1944
living id=5610 type=evilturtle pos=156,71,24 hp=2304
living id=5611 type=snickerbladewizard pos=107,189,24 hp=3317
living id=5612 type=zombie pos=178,182,24 hp=2465
living id=5613 type=firehead pos=192,118,24 hp=1773
living id=5615 type=direwolf pos=177,154,24 hp=1331
living id=5616 type=direwolfalpha pos=149,69,24 hp=1633
living id=5617 type=evilturtle pos=40,11,24 hp=2442
living id=5618 type=snickerblade pos=40,161,24 hp=1842
living id=5619 type=evilturtle pos=102,35,24 hp=1886
living id=5620 type=zombie pos=192,111,24 hp=2737
living id=5621 type=direwolfalpha pos=122,10,24 hp=1587
living id=5622 type=cavetroll pos=176,18,24 hp=2719
living id=5623 type=cavetroll pos=191,147,24 hp=3015
living id=5624 type=cavetroll pos=49,72,24 hp=3178
living id=5625 type=werewolf pos=112,60,24 hp=1806
living id=5626 type=direwolf pos=66,157,24 hp=1672
living id=5627 type=werewolf pos=118,8,24 hp=1766
living id=5628 type=snickerblade pos=81,25,24 hp=2021
living id=5629 type=snickerblade pos=76,137,24 hp=1693
living id=5630 type=snickerbladewizard pos=158,122,24 hp=3298
living id=5631 type=direwolf pos=165,97,24 hp=1654
living id=5632 type=werewolf pos=123,16,24 hp=1635
living id=5633 type=firehead pos=57,170,24 hp=1947
living id=5635 type=snickerbladewizard pos=165,85,24 hp=3358
living id=5636 type=zombie pos=153,159,24 hp=2743
living id=5637 type=snickerblade pos=153,120,24 hp=1639
living id=5638 type=firehead pos=8,187,24 hp=2187
living id=5640 type=werewolf pos=34,40,24 hp=1510
living id=5641 type=firehead pos=193,187,24 hp=1860
living id=5643 type=snickerblade pos=9,142,24 hp=2027
living id=5644 type=snickerbladewizard pos=14,3,24 hp=3264
living id=5645 type=firehead pos=19,55,24 hp=1821
living id=5647 type=infectedzombie pos=59,48,24 hp=2564
living id=5648 type=evilturtle pos=13,7,24 hp=2206
living id=5649 type=blueslime pos=171,116,24 hp=1690
living id=5650 type=evilturtle pos=51,157,24 hp=1760
living id=5651 type=snickerblade pos=81,188,24 hp=1732
living id=5652 type=direwolfalpha pos=11,46,24 hp=1721
living id=5653 type=zombie pos=193,168,24 hp=3625
living id=5654 type=direwolf pos=176,187,24 hp=1600
living id=5655 type=snickerbladewizard pos=142,107,24 hp=3340
living id=5656 type=werewolf pos=56,87,24 hp=1619
living id=5657 type=zombie pos=77,137,24 hp=3045
living id=5658 type=infectedzombie pos=35,44,24 hp=2862
living id=5659 type=infectedzombie pos=10,17,24 hp=2248
living id=5660 type=firehead pos=76,157,24 hp=2044
living id=5662 type=werewolf pos=19,145,24 hp=1635
living id=5663 type=direwolf pos=103,99,24 hp=1635
living id=5664 type=direwolf pos=82,172,24 hp=1381
living id=5665 type=zombie pos=51,83,24 hp=2877
living id=5666 type=direwolf pos=131,123,24 hp=1632
living id=5667 type=snickerblade pos=39,42,24 hp=1684
living id=5668 type=infectedzombie pos=42,38,24 hp=2729
living id=5669 type=infectedzombie pos=182,32,24 hp=2331
living id=5670 type=direwolfalpha pos=92,12,24 hp=1434
living id=5671 type=infectedzombie pos=140,153,24 hp=2340
living id=5672 type=snickerblade pos=56,88,24 hp=1737
living id=5673 type=snickerbladewizard pos=76,54,24 hp=3253
living id=5674 type=direwolf pos=184,112,24 hp=1543
living id=5675 type=cavetroll pos=106,9,24 hp=2706
living id=5676 type=snickerblade pos=71,71,24 hp=1981
living id=5677 type=cavetroll pos=159,12,24 hp=3093
living id=5678 type=werewolf pos=49,139,24 hp=1696
living id=5679 type=snickerbladewizard pos=183,62,24 hp=3308
living id=5680 type=cavetroll pos=76,43,24 hp=2785
living id=5681 type=firehead pos=181,28,24 hp=2199
living id=5683 type=direwolf pos=180,25,24 hp=1611
living id=5684 type=evilturtle pos=153,43,24 hp=2346
living id=5685 type=zombie pos=152,179,24 hp=2621
living id=5686 type=direwolfalpha pos=4,86,24 hp=1449
living id=5687 type=firehead pos=57,174,24 hp=2246
living id=5689 type=direwolf pos=89,80,24 hp=1496
living id=5690 type=cavetroll pos=186,87,24 hp=2861
living id=5691 type=zombie pos=188,84,24 hp=3439
living id=5692 type=blueslime pos=79,50,24 hp=1735
living id=5693 type=direwolfalpha pos=69,96,24 hp=1385
living id=5694 type=direwolfalpha pos=30,74,24 hp=1680
living id=5695 type=infectedzombie pos=183,135,24 hp=2543
living id=5696 type=direwolfalpha pos=25,119,24 hp=1506
living id=5697 type=direwolf pos=25,68,24 hp=1595
living id=5698 type=cavetroll pos=105,121,24 hp=3225
living id=5699 type=zombie pos=53,117,24 hp=3563
living id=5700 type=werewolf pos=145,144,24 hp=1738
living id=5701 type=snickerbladewizard pos=191,137,24 hp=3393
living id=5702 type=firehead pos=113,153,24 hp=1946
living id=5704 type=direwolfalpha pos=169,78,24 hp=1562
living id=5705 type=infectedzombie pos=6,130,24 hp=2180
living id=5706 type=firehead pos=7,94,24 hp=1813
living id=5708 type=direwolf pos=191,154,24 hp=1615
living id=5709 type=zombie pos=185,77,24 hp=3280
living id=5710 type=werewolf pos=121,145,24 hp=1416
living id=5711 type=zombie pos=22,50,24 hp=2993
living id=5712 type=snickerbladewizard pos=26,70,24 hp=3328
living id=5713 type=zombie pos=88,54,24 hp=2654
living id=5714 type=direwolfalpha pos=78,46,24 hp=1309
living id=5715 type=snickerblade pos=120,36,24 hp=1828
living id=5716 type=direwolfalpha pos=40,12,24 hp=1345
living id=5717 type=infectedzombie pos=20,61,24 hp=2390
living id=5718 type=snickerblade pos=10,99,24 hp=1986
living id=5719 type=blueslime pos=105,37,24 hp=1870
living id=5720 type=direwolf pos=57,64,24 hp=1510
living id=5721 type=blueslime pos=11,126,24 hp=2099
living id=5722 type=blueslime pos=83,54,24 hp=1824
living id=5723 type=werewolf pos=59,173,24 hp=1662
living id=5724 type=evilturtle pos=83,115,24 hp=2360
living id=5725 type=direwolf pos=177,157,24 hp=1582
living id=5726 type=evilturtle pos=149,44,24 hp=2360
living id=5727 type=cavetroll pos=81,185,24 hp=2755
living id=5728 type=snickerblade pos=49,83,24 hp=1816
living id=5729 type=snickerblade pos=81,114,24 hp=1933
living id=5730 type=snickerblade pos=165,94,24 hp=2064
living id=5731 type=evilturtle pos=107,8,24 hp=2213
living id=5732 type=infectedzombie pos=199,187,24 hp=2195
living id=5733 type=infectedzombie pos=190,108,24 hp=2786
living id=5734 type=evilturtle pos=84,118,24 hp=2243
living id=5735 type=evilturtle pos=22,182,24 hp=1780
living id=5736 type=infectedzombie pos=111,81,24 hp=2407
living id=5737 type=evilturtle pos=178,148,24 hp=2128
living id=5738 type=direwolf pos=108,15,24 hp=1387
living id=5739 type=cavetroll pos=100,82,24 hp=3100
living id=5740 type=werewolf pos=8,117,24 hp=1557
living id=5741 type=direwolf pos=10,101,24 hp=1591
living id=5742 type=snickerblade pos=149,33,24 hp=2059
living id=5743 type=firehead pos=7,117,24 hp=1765
living id=5745 type=werewolf pos=96,54,24 hp=1812
living id=5746 type=werewolf pos=9,11,24 hp=1673
living id=5747 type=direwolfalpha pos=104,99,24 hp=1617
living id=5748 type=direwolf pos=26,46,24 hp=1384
living id=5749 type=direwolfalpha pos=114,67,24 hp=1473
living id=5750 type=direwolfalpha pos=20,61,24 hp=1563
living id=5751 type=direwolf pos=45,157,24 hp=1357
living id=5752 type=evilturtle pos=113,110,24 hp=1922
living id=5753 type=direwolf pos=20,126,24 hp=1445
living id=5754 type=snickerbladewizard pos=91,54,24 hp=3269
living id=5755 type=snickerbladewizard pos=80,21,24 hp=3390
living id=5756 type=snickerbladewizard pos=82,92,24 hp=3376
living id=5757 type=infectedzombie pos=140,149,24 hp=2723
living id=5758 type=snickerbladewizard pos=130,144,24 hp=3267
living id=5759 type=firehead pos=35,140,24 hp=2247
living id=5761 type=infectedzombie pos=111,87,24 hp=2430
living id=5762 type=infectedzombie pos=119,54,24 hp=2630
living id=5763 type=blueslime pos=40,10,24 hp=1910
living id=5764 type=infectedzombie pos=72,34,24 hp=2182
living id=5765 type=direwolf pos=35,67,24 hp=1633
living id=5766 type=werewolf pos=157,71,24 hp=1373
living id=5767 type=cavetroll pos=151,118,24 hp=3003
living id=5768 type=blueslime pos=34,176,24 hp=1810
living id=5769 type=direwolf pos=132,140,24 hp=1459
living id=5770 type=direwolfalpha pos=87,81,24 hp=1324
living id=5771 type=zombie pos=36,70,24 hp=2888
living id=5772 type=direwolf pos=129,112,24 hp=1558
living id=5773 type=snickerblade pos=44,36,24 hp=1646
living id=5774 type=zombie pos=135,123,24 hp=3360
living id=5775 type=evilturtle pos=130,89,24 hp=2132
living id=5776 type=snickerbladewizard pos=186,174,24 hp=3342
living id=5777 type=blueslime pos=187,130,24 hp=1949
living id=5778 type=snickerblade pos=20,55,24 hp=1947
living id=5779 type=zombie pos=84,190,24 hp=3367
living id=5780 type=snickerblade pos=176,19,24 hp=1906
living id=5781 type=werewolf pos=11,190,24 hp=1340
living id=5782 type=infectedzombie pos=116,87,24 hp=2741
living id=5783 type=zombie pos=23,25,24 hp=3378
living id=5784 type=cavetroll pos=148,178,24 hp=2787
living id=5785 type=zombie pos=51,140,24 hp=3557
living id=5786 type=blueslime pos=119,55,24 hp=2153
living id=5787 type=blueslime pos=56,63,24 hp=1867
living id=5788 type=snickerbladewizard pos=80,102,24 hp=3333
living id=5789 type=evilturtle pos=176,20,24 hp=1839
living id=5790 type=zombie pos=79,157,24 hp=2455
living id=5791 type=cavetroll pos=77,82,24 hp=3266
living id=5792 type=werewolf pos=6,0,24 hp=1569
living id=5793 type=infectedzombie pos=153,12,24 hp=2399
living id=5794 type=firehead pos=163,108,24 hp=1965
living id=5796 type=werewolf pos=194,184,24 hp=1776
living id=5797 type=snickerblade pos=47,151,24 hp=2052
living id=5798 type=firehead pos=188,16,24 hp=1873
living id=5800 type=evilturtle pos=90,124,24 hp=2395
living id=5801 type=infectedzombie pos=191,110,24 hp=2278
living id=5802 type=direwolf pos=25,50,24 hp=1573
living id=5803 type=direwolf pos=74,46,24 hp=1348
living id=5804 type=infectedzombie pos=165,81,24 hp=2747
living id=5805 type=zombie pos=47,92,24 hp=3095
living id=5806 type=snickerbladewizard pos=126,145,24 hp=3280
living id=5807 type=snickerbladewizard pos=186,77,24 hp=3350
living id=5808 type=direwolfalpha pos=195,118,24 hp=1306
living id=5809 type=direwolfalpha pos=8,156,24 hp=1460
living id=5810 type=infectedzombie pos=9,3,24 hp=2651
living id=5811 type=infectedzombie pos=148,25,24 hp=2756
living id=5812 type=blueslime pos=80,114,24 hp=1674
living id=5813 type=direwolf pos=127,26,24 hp=1414
living id=5814 type=snickerblade pos=26,117,24 hp=1765
living id=5815 type=blueslime pos=174,47,24 hp=1853
living id=5816 type=evilturtle pos=52,141,24 hp=1835
living id=5817 type=werewolf pos=101,79,24 hp=1671
living id=5818 type=blueslime pos=22,174,24 hp=1880
living id=5819 type=snickerblade pos=170,67,24 hp=1933
living id=5820 type=zombie pos=192,155,24 hp=2808
living id=5821 type=firehead pos=48,162,24 hp=2113
living id=5823 type=cavetroll pos=191,187,24 hp=2998
living id=5824 type=cavetroll pos=27,83,24 hp=2867
living id=5825 type=snickerblade pos=78,149,24 hp=2017
living id=5826 type=snickerblade pos=26,97,24 hp=1726
living id=5827 type=snickerbladewizard pos=104,156,24 hp=3269
living id=5828 type=cavetroll pos=18,178,24 hp=2821
living id=5829 type=werewolf pos=152,71,24 hp=1536
living id=5830 type=firehead pos=157,12,24 hp=1888
living id=5832 type=zombie pos=129,78,24 hp=3520
living id=5833 type=direwolfalpha pos=114,84,24 hp=1325
living id=5834 type=cavetroll pos=10,63,24 hp=2871
living id=5835 type=snickerbladewizard pos=16,3,24 hp=3255
living id=5836 type=cavetroll pos=22,180,24 hp=3174
living id=5837 type=cavetroll pos=184,12,24 hp=3211
living id=5838 type=evilturtle pos=85,96,24 hp=2227
living id=5839 type=werewolf pos=147,72,24 hp=1594
living id=5840 type=direwolf pos=43,152,24 hp=1456
living id=5841 type=direwolfalpha pos=41,151,24 hp=1648
living id=5842 type=snickerblade pos=83,96,24 hp=2054
living id=5843 type=snickerblade pos=123,39,24 hp=1680
living id=5844 type=snickerblade pos=13,82,24 hp=1961
living id=5845 type=cavetroll pos=171,59,24 hp=3064
living id=5846 type=cavetroll pos=88,146,24 hp=2768
living id=5847 type=zombie pos=197,114,24 hp=3339
living id=5848 type=direwolfalpha pos=148,20,24 hp=1584
living id=5849 type=firehead pos=136,125,24 hp=2172
living id=5851 type=evilturtle pos=105,178,24 hp=1870
living id=5852 type=direwolf pos=25,79,24 hp=1445
living id=5853 type=snickerblade pos=25,179,24 hp=1914
living id=5854 type=firehead pos=28,45,24 hp=1812
living id=5856 type=werewolf pos=107,91,24 hp=1582
living id=5857 type=direwolf pos=107,82,24 hp=1582
living id=5858 type=firehead pos=192,115,24 hp=1972
living id=5860 type=infectedzombie pos=120,153,24 hp=2235
living id=5861 type=snickerblade pos=180,184,24 hp=1933
living id=5862 type=blueslime pos=171,23,24 hp=1678
living id=5863 type=infectedzombie pos=49,176,24 hp=2880
living id=5864 type=blueslime pos=75,38,24 hp=1726
living id=5865 type=direwolf pos=142,27,24 hp=1340
living id=5866 type=blueslime pos=178,151,24 hp=1866
living id=5867 type=cavetroll pos=106,54,24 hp=2863
living id=5868 type=infectedzombie pos=63,169,24 hp=2805
living id=5869 type=evilturtle pos=190,115,24 hp=1959
living id=5870 type=zombie pos=25,75,24 hp=2678
living id=5871 type=firehead pos=30,73,24 hp=2281
living id=5873 type=snickerbladewizard pos=174,183,24 hp=3371
living id=5874 type=infectedzombie pos=172,47,24 hp=2531
living id=5875 type=snickerblade pos=195,120,24 hp=1650
living id=5876 type=direwolfalpha pos=5,162,24 hp=1585
living id=5877 type=direwolfalpha pos=39,71,24 hp=1573
living id=5878 type=cavetroll pos=130,124,24 hp=2734
living id=5879 type=blueslime pos=10,181,24 hp=2079
living id=5880 type=toponovichthezombie pos=185,77,24 hp=4489
living id=5881 type=sneakyghoul pos=190,131,26 hp=4336
living id=5882 type=stonegolem pos=66,154,26 hp=6331
living id=5883 type=toponovichthezombie pos=191,41,26 hp=4567
living id=5884 type=nexythesnickeredge pos=195,154,26 hp=2469
living id=5885 type=evilturtle pos=70,94,26 hp=2008
living id=5886 type=vampire pos=112,103,26 hp=1144
living id=5887 type=direwolf pos=79,185,26 hp=1574
living id=5888 type=sikuthewolf pos=126,155,26 hp=3013
living id=5889 type=zombie pos=43,92,26 hp=3490
living id=5890 type=gaskonetheghoul pos=75,172,26 hp=1875
living id=5891 type=vampire pos=87,169,26 hp=1317
living id=5892 type=spiderqueen pos=4,114,26 hp=1438
living id=5893 type=direwolfalpha pos=47,187,26 hp=1534
living id=5894 type=zombie pos=137,14,26 hp=3384
living id=5895 type=gaskonetheghoul pos=81,15,26 hp=2147
living id=5896 type=ghoul pos=153,167,26 hp=1232
living id=5897 type=vampire pos=112,94,26 hp=1151
living id=5898 type=direwolfalpha pos=23,27,26 hp=1428
living id=5899 type=nusepthegoblinking pos=117,33,26 hp=2112
living id=5900 type=gaskonetheghoul pos=12,11,26 hp=2062
living id=5901 type=gaskonetheghoul pos=59,96,26 hp=1737
living id=5902 type=snickerbladewizard pos=63,49,26 hp=3385
living id=5903 type=cavetroll pos=150,163,26 hp=2985
living id=5904 type=direwolf pos=123,66,26 hp=1646
living id=5905 type=toponovichthezombie pos=77,144,26 hp=4765
living id=5906 type=snickerblade pos=178,30,26 hp=2127
living id=5907 type=snickerbladewizard pos=183,142,26 hp=3349
living id=5908 type=sneakyghoul pos=125,13,26 hp=4375
living id=5909 type=nexythesnickeredge pos=157,75,26 hp=2307
living id=5910 type=toponovichthezombie pos=82,10,26 hp=4845
living id=5911 type=toponovichthezombie pos=69,51,26 hp=3830
living id=5912 type=stonegolem pos=163,172,26 hp=8161
living id=5913 type=evilturtle pos=96,92,26 hp=1782
living id=5914 type=snickerblade pos=164,167,26 hp=1672
living id=5915 type=blueslime pos=149,123,26 hp=1768
living id=5916 type=direwolf pos=21,128,26 hp=1451
living id=5917 type=stonegolem pos=152,60,26 hp=8079
living id=5918 type=snickerblade pos=120,139,26 hp=2077
living id=5919 type=zombie pos=12,52,26 hp=3130
living id=5920 type=nusepthegoblinking pos=100,48,26 hp=1785
living id=5921 type=berserkertroll pos=185,132,26 hp=4857
living id=5922 type=direwolf pos=108,53,26 hp=1504
living id=5923 type=evilturtle pos=124,65,26 hp=2168
living id=5924 type=sikuthewolf pos=52,125,26 hp=2744
living id=5925 type=direwolfalpha pos=96,183,26 hp=1388
living id=5926 type=blueslime pos=80,81,26 hp=2097
living id=5927 type=spiderqueen pos=34,112,26 hp=1586
living id=5928 type=wolfy pos=66,94,26 hp=1840
living id=5929 type=infectedzombie pos=162,103,26 hp=2526
living id=5930 type=vampire pos=185,143,26 hp=1289
living id=5931 type=sneakyghoul pos=144,60,26 hp=4388
living id=5932 type=direwolfalpha pos=135,119,26 hp=1497
living id=5933 type=stonegolem pos=126,66,26 hp=5860
living id=5934 type=ghoul pos=30,11,26 hp=1231
living id=5935 type=cavetroll pos=84,180,26 hp=2944
living id=5936 type=snickerbladewizard pos=30,111,26 hp=3277
living id=5937 type=stonegolem pos=20,48,26 hp=6725
living id=5938 type=zombie pos=161,142,26 hp=3127
living id=5939 type=ghoul pos=106,52,26 hp=1343
living id=5940 type=cavetroll pos=55,12,26 hp=3144
living id=5941 type=nusepthegoblinking pos=129,124,26 hp=1945
living id=5942 type=direwolf pos=69,102,26 hp=1604
living id=5943 type=snickerblade pos=190,22,26 hp=1938
living id=5944 type=vampire pos=105,15,26 hp=1331
living id=5945 type=sikuthewolf pos=178,155,26 hp=2677
living id=5946 type=evilturtle pos=128,139,26 hp=1779
living id=5947 type=cavetroll pos=8,45,26 hp=2858
living id=5948 type=wolfy pos=60,75,26 hp=1536
living id=5949 type=sneakyghoul pos=73,82,26 hp=4474
living id=5950 type=humethealmightyogre pos=63,188,26 hp=5259
living id=5951 type=direwolfalpha pos=14,79,26 hp=1377
living id=5952 type=firehead pos=114,97,26 hp=2075
living id=5954 type=werewolf pos=93,151,26 hp=1741
living id=5955 type=snickerbladewizard pos=132,65,26 hp=3320
living id=5956 type=vampire pos=198,133,26 hp=1249
living id=5957 type=firehead pos=2,99,26 hp=1930
living id=5959 type=sneakyghoul pos=131,75,26 hp=4340
living id=5960 type=toponovichthezombie pos=42,75,26 hp=4607
living id=5961 type=firehead pos=114,171,26 hp=1792
living id=5963 type=ghoul pos=143,169,26 hp=803
living id=5964 type=nusepthegoblinking pos=28,109,26 hp=2276
living id=5965 type=nusepthegoblinking pos=21,141,26 hp=2309
living id=5966 type=direwolf pos=144,47,26 hp=1573
living id=5967 type=sikuthewolf pos=115,32,26 hp=2979
living id=5968 type=snickerbladewizard pos=112,165,26 hp=3305
living id=5969 type=snickerbladewizard pos=111,32,26 hp=3383
living id=5970 type=infectedzombie pos=168,131,26 hp=2913
living id=5971 type=draukthehobgoblinking pos=39,118,26 hp=2959
living id=5972 type=wolfy pos=184,146,26 hp=1567
living id=5973 type=cavetroll pos=123,171,26 hp=2800
living id=5974 type=sneakyghoul pos=103,14,26 hp=4485
living id=5975 type=snickerbladewizard pos=14,52,26 hp=3305
living id=5976 type=cavetroll pos=40,160,26 hp=3122
living id=5977 type=draukthehobgoblinking pos=112,101,26 hp=3247
living id=5978 type=humethealmightyogre pos=194,100,26 hp=6484
living id=5979 type=blueslime pos=28,27,26 hp=1694
living id=5980 type=zombie pos=123,67,26 hp=3517
living id=5981 type=werewolf pos=104,135,26 hp=1849
living id=5982 type=berserkertroll pos=64,49,26 hp=4603
living id=5983 type=berserkertroll pos=139,34,26 hp=4365
living id=5984 type=humethealmightyogre pos=152,137,26 hp=5782
living id=5985 type=zombie pos=129,185,26 hp=3085
living id=5986 type=vampire pos=123,66,26 hp=1069
living id=5987 type=snickerbladewizard pos=13,10,26 hp=3307
living id=5988 type=vampire pos=116,141,26 hp=1093
living id=5989 type=draukthehobgoblinking pos=152,132,26 hp=4258
living id=5990 type=stonegolem pos=88,143,26 hp=7489
living id=5991 type=direwolf pos=57,153,26 hp=1456
living id=5992 type=draukthehobgoblinking pos=147,162,26 hp=4132
living id=5993 type=gaskonetheghoul pos=47,81,26 hp=1949
living id=5994 type=zombie pos=69,156,26 hp=3221
living id=5995 type=vampire pos=38,84,26 hp=1197
living id=5996 type=spiderqueen pos=155,82,26 hp=1776
living id=5997 type=blueslime pos=29,115,26 hp=1725
living id=5998 type=infectedzombie pos=3,150,26 hp=2872
living id=5999 type=firehead pos=155,60,26 hp=1787
living id=6001 type=snickerblade pos=3,99,26 hp=2114
living id=6002 type=draukthehobgoblinking pos=76,143,26 hp=2710
living id=6003 type=toponovichthezombie pos=99,144,26 hp=4173
living id=6004 type=blueslime pos=23,26,26 hp=1850
living id=6005 type=wolfy pos=101,63,26 hp=1671
living id=6006 type=werewolf pos=61,185,26 hp=1732
living id=6007 type=ghoul pos=23,111,26 hp=902
living id=6008 type=direwolf pos=104,129,26 hp=1357
living id=6009 type=snickerbladewizard pos=42,117,26 hp=3328
living id=6010 type=zombie pos=63,129,26 hp=3045
living id=6011 type=sikuthewolf pos=192,159,26 hp=2492
living id=6012 type=direwolfalpha pos=70,84,26 hp=1357
living id=6013 type=snickerbladewizard pos=39,20,26 hp=3272
living id=6014 type=vampire pos=176,78,26 hp=1140
living id=6015 type=firehead pos=167,105,26 hp=1906
living id=6017 type=evilturtle pos=7,49,26 hp=2157
living id=6018 type=gaskonetheghoul pos=135,150,26 hp=2068
living id=6019 type=direwolf pos=126,13,26 hp=1337
living id=6020 type=direwolfalpha pos=161,79,26 hp=1598
living id=6021 type=direwolf pos=153,45,26 hp=1633
living id=6022 type=zombie pos=192,84,26 hp=2581
living id=6023 type=toponovichthezombie pos=133,13,26 hp=4868
living id=6024 type=werewolf pos=41,167,26 hp=1347
living id=6025 type=wolfy pos=170,100,26 hp=1720
living id=6026 type=nexythesnickeredge pos=21,139,26 hp=2772
living id=6027 type=vampire pos=82,186,26 hp=1165
living id=6028 type=direwolf pos=59,60,26 hp=1332
living id=6029 type=cavetroll pos=130,152,26 hp=3201
living id=6030 type=snickerbladewizard pos=68,113,26 hp=3372
living id=6031 type=firehead pos=58,158,26 hp=1871
living id=6033 type=firehead pos=161,99,26 hp=2143
living id=6035 type=sneakyghoul pos=171,99,26 hp=4282
living id=6036 type=sneakyghoul pos=126,122,26 hp=4294
living id=6037 type=stonegolem pos=176,28,26 hp=6459
living id=6038 type=gaskonetheghoul pos=8,57,26 hp=2133
living id=6039 type=direwolfalpha pos=29,14,26 hp=1395
living id=6040 type=cavetroll pos=48,90,26 hp=3296
living id=6041 type=werewolf pos=194,166,26 hp=1793
living id=6042 type=sikuthewolf pos=142,151,26 hp=2734
living id=6043 type=werewolf pos=15,138,26 hp=1674
living id=6044 type=nusepthegoblinking pos=130,182,26 hp=2138
living id=6045 type=nusepthegoblinking pos=144,188,26 hp=1941
living id=6046 type=vampire pos=35,82,26 hp=1324
living id=6047 type=nexythesnickeredge pos=122,31,26 hp=2090
living id=6048 type=nexythesnickeredge pos=181,143,26 hp=3067
living id=6049 type=snickerblade pos=79,181,26 hp=1639
living id=6050 type=snickerblade pos=126,188,26 hp=1682
living id=6051 type=sikuthewolf pos=9,120,26 hp=2382
living id=6052 type=snickerblade pos=7,50,26 hp=1879
living id=6053 type=draukthehobgoblinking pos=161,169,26 hp=3936
living id=6054 type=snickerbladewizard pos=174,53,26 hp=3330
living id=6055 type=direwolfalpha pos=143,168,26 hp=1436
living id=6056 type=berserkertroll pos=190,104,26 hp=4908
living id=6057 type=evilturtle pos=127,63,26 hp=2170
living id=6058 type=sneakyghoul pos=149,166,26 hp=4427
living id=6059 type=werewolf pos=165,194,26 hp=1598
living id=6060 type=werewolf pos=83,110,26 hp=1439
living id=6061 type=draukthehobgoblinking pos=79,147,26 hp=3347
living id=6062 type=werewolf pos=127,97,26 hp=1858
living id=6063 type=berserkertroll pos=103,47,26 hp=4122
living id=6064 type=evilturtle pos=100,161,26 hp=2239
living id=6065 type=nusepthegoblinking pos=7,43,26 hp=2153
living id=6066 type=cavetroll pos=76,120,26 hp=2956
living id=6067 type=ghoul pos=48,12,26 hp=1360
living id=6068 type=zombie pos=41,151,26 hp=2864
living id=6069 type=snickerbladewizard pos=99,124,26 hp=3256
living id=6070 type=snickerbladewizard pos=102,64,26 hp=3312
living id=6071 type=berserkertroll pos=96,97,26 hp=3913
living id=6072 type=spiderqueen pos=170,60,26 hp=1476
living id=6073 type=direwolfalpha pos=175,73,26 hp=1501
living id=6074 type=vampire pos=113,57,26 hp=1075
living id=6075 type=ghoul pos=107,14,26 hp=1335
living id=6076 type=toponovichthezombie pos=27,11,26 hp=5305
living id=6077 type=stonegolem pos=55,19,26 hp=7338
living id=6078 type=vampire pos=65,31,26 hp=1204
living id=6079 type=nexythesnickeredge pos=144,193,26 hp=2127
living id=6080 type=toponovichthezombie pos=148,191,26 hp=4119
living id=6081 type=wolfy pos=182,95,26 hp=1994
living id=6082 type=spiderqueen pos=158,95,26 hp=1780
living id=6083 type=firehead pos=196,55,26 hp=2051
living id=6085 type=gaskonetheghoul pos=35,92,26 hp=1858
living id=6086 type=humethealmightyogre pos=91,105,26 hp=5861
living id=6087 type=spiderqueen pos=15,44,26 hp=1385
living id=6088 type=nusepthegoblinking pos=158,171,26 hp=1797
living id=6089 type=spiderqueen pos=161,191,26 hp=1521
living id=6090 type=ghoul pos=101,145,26 hp=789
living id=6091 type=humethealmightyogre pos=177,29,26 hp=5778
living id=6092 type=snickerbladewizard pos=12,55,26 hp=3353
living id=6093 type=draukthehobgoblinking pos=155,142,26 hp=4361
living id=6094 type=toponovichthezombie pos=12,57,26 hp=3804
living id=6095 type=cavetroll pos=143,165,26 hp=2814
living id=6096 type=vampire pos=152,135,26 hp=1301
living id=6097 type=direwolfalpha pos=164,167,26 hp=1362
living id=6098 type=evilturtle pos=133,99,26 hp=2181
living id=6099 type=direwolfalpha pos=150,130,26 hp=1436
living id=6100 type=ghoul pos=41,21,26 hp=911
living id=6101 type=sikuthewolf pos=190,109,26 hp=3561
living id=6102 type=evilturtle pos=129,181,26 hp=1842
living id=6103 type=infectedzombie pos=21,138,26 hp=2749
living id=6104 type=toponovichthezombie pos=102,124,26 hp=5124
living id=6105 type=nexythesnickeredge pos=25,13,26 hp=2529
living id=6106 type=wolfy pos=190,100,26 hp=2033
living id=6107 type=toponovichthezombie pos=114,113,26 hp=4072
living id=6108 type=sikuthewolf pos=36,94,26 hp=2476
living id=6109 type=infectedzombie pos=14,3,26 hp=2727
living id=6110 type=ghoul pos=41,149,26 hp=1333
living id=6111 type=direwolfalpha pos=61,26,26 hp=1627
living id=6112 type=stonegolem pos=184,94,26 hp=7986
living id=6113 type=snickerbladewizard pos=167,114,26 hp=3308
living id=6114 type=vampire pos=82,178,26 hp=1066
living id=6115 type=gaskonetheghoul pos=101,132,26 hp=1706
living id=6116 type=direwolfalpha pos=197,132,26 hp=1659
living id=6117 type=gaskonetheghoul pos=76,142,26 hp=2115
living id=6118 type=snickerbladewizard pos=194,158,26 hp=3301
living id=6119 type=blueslime pos=61,29,26 hp=1943
living id=6120 type=werewolf pos=58,30,26 hp=1417
living id=6121 type=draukthehobgoblinking pos=119,170,26 hp=3368
living id=6122 type=sikuthewolf pos=193,153,26 hp=2504
living id=6123 type=humethealmightyogre pos=7,51,26 hp=6553
living id=6124 type=stonegolem pos=138,14,26 hp=6825
living id=6125 type=cavetroll pos=65,154,26 hp=3155
living id=6126 type=nusepthegoblinking pos=63,180,26 hp=2179
living id=6127 type=sikuthewolf pos=69,51,26 hp=3102
living id=6128 type=cavetroll pos=75,15,26 hp=3157
living id=6129 type=firehead pos=41,188,26 hp=2015
living id=6131 type=toponovichthezombie pos=195,54,26 hp=4084
living id=6132 type=draukthehobgoblinking pos=161,106,26 hp=2676
living id=6133 type=snickerbladewizard pos=148,125,26 hp=3339
living id=6134 type=sikuthewolf pos=114,117,26 hp=3217
living id=6135 type=wolfy pos=69,49,26 hp=1736
living id=6136 type=werewolf pos=122,118,26 hp=1359
living id=6137 type=direwolfalpha pos=162,168,26 hp=1716
living id=6138 type=nexythesnickeredge pos=163,163,26 hp=2866
living id=6139 type=sneakyghoul pos=172,75,26 hp=4356
living id=6140 type=spiderqueen pos=77,141,26 hp=1788
living id=6141 type=nexythesnickeredge pos=59,100,26 hp=2924
living id=6142 type=evilturtle pos=77,17,26 hp=2088
living id=6143 type=werewolf pos=106,59,26 hp=1637
living id=6144 type=wolfy pos=49,81,26 hp=2001
living id=6145 type=blueslime pos=149,142,26 hp=2136
living id=6146 type=stonegolem pos=22,137,26 hp=6372
living id=6147 type=sikuthewolf pos=131,147,26 hp=2681
living id=6148 type=evilturtle pos=117,143,26 hp=2125
living id=6149 type=evilturtle pos=111,16,26 hp=1968
living id=6150 type=wolfy pos=99,51,26 hp=1525
living id=6151 type=firehead pos=70,94,26 hp=1840
living id=6153 type=humethealmightyogre pos=100,151,26 hp=5880
living id=6154 type=vampire pos=49,20,26 hp=1324
living id=6155 type=berserkertroll pos=111,100,26 hp=4049
living id=6156 type=spiderqueen pos=146,151,26 hp=1370
living id=6157 type=blueslime pos=112,66,26 hp=2127
living id=6158 type=ghoul pos=150,144,26 hp=979
living id=6159 type=spiderqueen pos=63,14,26 hp=1811
living id=6160 type=evilturtle pos=69,31,26 hp=1808
living id=6161 type=spiderqueen pos=131,143,26 hp=1695
living id=6162 type=snickerbladewizard pos=180,54,26 hp=3291
living id=6163 type=cavetroll pos=68,83,26 hp=2990
living id=6164 type=snickerblade pos=141,12,26 hp=2101
living id=6165 type=nexythesnickeredge pos=32,10,26 hp=1896
living id=6166 type=gaskonetheghoul pos=125,124,26 hp=2051
living id=6167 type=evilturtle pos=172,93,26 hp=1738
living id=6168 type=humethealmightyogre pos=119,171,26 hp=6599
living id=6169 type=wolfy pos=110,61,26 hp=1982
living id=6170 type=toponovichthezombie pos=114,172,26 hp=4517
living id=6171 type=zombie pos=81,179,26 hp=3620
living id=6172 type=cavetroll pos=132,105,26 hp=3100
living id=6173 type=snickerbladewizard pos=154,78,26 hp=3338
living id=6174 type=snickerbladewizard pos=86,181,26 hp=3342
living id=6175 type=infectedzombie pos=135,33,26 hp=2417
living id=6176 type=direwolf pos=49,19,26 hp=1613
living id=6177 type=firehead pos=70,100,26 hp=2222
living id=6179 type=zombie pos=95,158,26 hp=2902
living id=6180 type=blueslime pos=132,119,26 hp=2040
living id=6181 type=vampire pos=152,46,26 hp=1066
living id=6182 type=gaskonetheghoul pos=127,77,26 hp=1885
living id=6183 type=gaskonetheghoul pos=151,144,26 hp=1800
living id=6184 type=sneakyghoul pos=62,64,26 hp=4346
living id=6185 type=spiderqueen pos=152,47,26 hp=1730
living id=6186 type=nusepthegoblinking pos=24,11,26 hp=1846
living id=6187 type=infectedzombie pos=43,112,26 hp=2467
living id=6188 type=spiderqueen pos=86,130,26 hp=1414
living id=6189 type=nusepthegoblinking pos=3,98,26 hp=1784
living id=6190 type=direwolf pos=69,60,26 hp=1576
living id=6191 type=infectedzombie pos=115,180,26 hp=2773
living id=6192 type=ghoul pos=134,26,26 hp=1249
living id=6193 type=werewolf pos=175,46,26 hp=1381
living id=6194 type=zombie pos=134,25,26 hp=2844
living id=6195 type=direwolfalpha pos=109,12,26 hp=1394
living id=6196 type=zombie pos=154,160,26 hp=2928
living id=6197 type=toponovichthezombie pos=5,119,26 hp=5026
living id=6198 type=infectedzombie pos=76,14,26 hp=2596
living id=6199 type=evilturtle pos=112,116,26 hp=1734
living id=6200 type=direwolf pos=27,98,26 hp=1503
living id=6201 type=infectedzombie pos=179,155,26 hp=2733
living id=6202 type=firehead pos=144,188,26 hp=1738
living id=6204 type=nexythesnickeredge pos=100,71,26 hp=2978
living id=6205 type=sikuthewolf pos=132,189,26 hp=2674
living id=6206 type=sikuthewolf pos=145,146,26 hp=2848
living id=6207 type=direwolfalpha pos=65,47,26 hp=1682
living id=6208 type=infectedzombie pos=7,120,26 hp=2455
living id=6209 type=vampire pos=97,47,26 hp=1114
living id=6210 type=berserkertroll pos=170,98,26 hp=4063
living id=6211 type=gaskonetheghoul pos=130,63,26 hp=2087
living id=6212 type=snickerbladewizard pos=69,49,26 hp=3328
living id=6213 type=sikuthewolf pos=134,75,26 hp=3154
living id=6214 type=nexythesnickeredge pos=14,50,26 hp=2646
living id=6215 type=ghoul pos=192,133,26 hp=1282
living id=6216 type=stonegolem pos=96,105,26 hp=7857
living id=6217 type=direwolfalpha pos=5,94,26 hp=1602
living id=6218 type=wolfy pos=172,157,26 hp=1950
living id=6219 type=draukthehobgoblinking pos=191,100,26 hp=4341
living id=6220 type=vampire pos=53,26,26 hp=1152
living id=6221 type=snickerbladewizard pos=193,69,26 hp=3322
living id=6222 type=infectedzombie pos=196,160,26 hp=2546
living id=6223 type=blueslime pos=130,181,26 hp=2083
living id=6224 type=wolfy pos=73,170,26 hp=1913
living id=6225 type=nexythesnickeredge pos=96,150,26 hp=2242
living id=6226 type=direwolfalpha pos=52,36,26 hp=1313
living id=6227 type=berserkertroll pos=16,49,26 hp=4381
living id=6228 type=infectedzombie pos=133,147,26 hp=2804
living id=6229 type=werewolf pos=103,166,26 hp=1707
living id=6230 type=infectedzombie pos=194,104,26 hp=2758
living id=6231 type=nusepthegoblinking pos=19,120,26 hp=2050
living id=6232 type=infectedzombie pos=173,100,26 hp=2449
living id=6233 type=snickerbladewizard pos=116,164,26 hp=3285
living id=6234 type=wolfy pos=63,101,26 hp=1952
living id=6235 type=wolfy pos=176,24,26 hp=1764
living id=6236 type=stonegolem pos=131,43,26 hp=7921
living id=6237 type=berserkertroll pos=157,171,26 hp=5089
living id=6238 type=spiderqueen pos=153,40,26 hp=1790
living id=6239 type=snickerblade pos=67,19,26 hp=1919
living id=6240 type=berserkertroll pos=88,81,26 hp=3914
living id=6241 type=wolfy pos=135,79,26 hp=1693
living id=6242 type=sneakyghoul pos=42,64,26 hp=4265
living id=6243 type=gaskonetheghoul pos=40,120,26 hp=2091
living id=6244 type=toponovichthezombie pos=107,109,26 hp=3929
living id=6245 type=spiderqueen pos=176,30,26 hp=1564
living id=6246 type=snickerblade pos=7,52,26 hp=2079
living id=6247 type=sikuthewolf pos=195,75,26 hp=2772
living id=6248 type=werewolf pos=110,92,26 hp=1616
living id=6249 type=stonegolem pos=156,77,26 hp=7398
living id=6250 type=gaskonetheghoul pos=177,76,26 hp=2222
living id=6251 type=zombie pos=96,149,26 hp=3353
living id=6252 type=wolfy pos=152,75,26 hp=1838
living id=6253 type=sikuthewolf pos=94,102,26 hp=3245
living id=6254 type=zombie pos=24,188,26 hp=2342
living id=6255 type=snickerbladewizard pos=132,186,26 hp=3315
living id=6256 type=zombie pos=161,163,26 hp=2520
living id=6257 type=sneakyghoul pos=21,140,26 hp=4384
living id=6258 type=toponovichthezombie pos=116,168,26 hp=4169
living id=6259 type=draukthehobgoblinking pos=78,178,26 hp=2823
living id=6260 type=nusepthegoblinking pos=59,56,26 hp=2335
living id=6261 type=zombie pos=179,27,26 hp=2618
living id=6262 type=vampire pos=127,72,26 hp=1286
living id=6263 type=humethealmightyogre pos=112,62,26 hp=6001
living id=6264 type=draukthehobgoblinking pos=116,185,26 hp=3079
living id=6265 type=draukthehobgoblinking pos=123,172,26 hp=3477
living id=6266 type=zombie pos=42,60,26 hp=3194
living id=6267 type=direwolfalpha pos=86,123,26 hp=1631
living id=6268 type=toponovichthezombie pos=82,146,26 hp=4499
living id=6269 type=vampire pos=89,111,26 hp=1342
living id=6270 type=zombie pos=108,51,26 hp=2822
living id=6271 type=sneakyghoul pos=111,186,26 hp=4435
living id=6272 type=draukthehobgoblinking pos=131,147,26 hp=4117
living id=6273 type=sikuthewolf pos=103,183,26 hp=2805
living id=6274 type=sikuthewolf pos=185,96,26 hp=3377
living id=6275 type=cavetroll pos=17,47,26 hp=2754
living id=6276 type=direwolf pos=45,85,26 hp=1472
living id=6277 type=berserkertroll pos=65,102,26 hp=5053
living id=6278 type=ghoul pos=110,114,26 hp=1069
living id=6279 type=nusepthegoblinking pos=171,67,26 hp=2064
living id=6280 type=zombie pos=115,170,26 hp=2934
living id=6281 type=snickerbladewizard pos=20,30,26 hp=3334
living id=6282 type=draukthehobgoblinking pos=142,191,26 hp=3079
living id=6283 type=draukthehobgoblinking pos=74,170,26 hp=3675
living id=6284 type=toponovichthezombie pos=114,176,26 hp=5086
living id=6285 type=spiderqueen pos=8,153,26 hp=1363
living id=6286 type=vampire pos=102,46,26 hp=1171
living id=6287 type=direwolf pos=75,95,26 hp=1521
living id=6288 type=stonegolem pos=41,81,26 hp=8039
living id=6289 type=snickerbladewizard pos=190,26,26 hp=3374
living id=6290 type=sikuthewolf pos=62,62,26 hp=2849
living id=6291 type=gaskonetheghoul pos=86,116,26 hp=2120
living id=6292 type=direwolf pos=89,91,26 hp=1439
living id=6293 type=draukthehobgoblinking pos=20,45,26 hp=4135
living id=6294 type=snickerbladewizard pos=154,42,26 hp=3367
living id=6295 type=sikuthewolf pos=7,44,26 hp=3656
living id=6296 type=sneakyghoul pos=62,37,26 hp=4477
living id=6297 type=ghoul pos=192,105,26 hp=1101
living id=6298 type=gaskonetheghoul pos=74,96,26 hp=2275
living id=6299 type=toponovichthezombie pos=111,14,26 hp=5181
living id=6300 type=firehead pos=43,64,26 hp=2029
living id=6302 type=berserkertroll pos=143,30,26 hp=4949
living id=6303 type=cavetroll pos=23,98,26 hp=2975
living id=6304 type=humethealmightyogre pos=9,152,26 hp=5115
living id=6305 type=gaskonetheghoul pos=103,53,26 hp=1927
living id=6306 type=nusepthegoblinking pos=111,166,26 hp=2514
living id=6307 type=spiderqueen pos=99,57,26 hp=1415
living id=6308 type=werewolf pos=75,60,26 hp=1561
living id=6309 type=direwolfalpha pos=195,132,26 hp=1457
living id=6310 type=berserkertroll pos=149,61,26 hp=4527
living id=6311 type=cavetroll pos=16,153,26 hp=3061
living id=6312 type=nexythesnickeredge pos=179,57,26 hp=2299
living id=6313 type=infectedzombie pos=166,192,26 hp=2537
living id=6314 type=ghoul pos=112,13,26 hp=908
living id=6315 type=snickerblade pos=195,130,26 hp=1977
living id=6316 type=zombie pos=112,83,26 hp=3421
living id=6317 type=infectedzombie pos=90,183,26 hp=2859
living id=6318 type=werewolf pos=179,93,26 hp=1596
living id=6319 type=firehead pos=100,132,26 hp=2070
living id=6321 type=ghoul pos=50,36,26 hp=1085
living id=6322 type=werewolf pos=6,146,26 hp=1469
living id=6323 type=toponovichthezombie pos=130,98,26 hp=4993
living id=6324 type=sneakyghoul pos=32,12,26 hp=4394
living id=6325 type=vampire pos=181,142,26 hp=1057
living id=6326 type=snickerbladewizard pos=178,70,26 hp=3265
living id=6327 type=werewolf pos=105,47,26 hp=1813
living id=6328 type=draukthehobgoblinking pos=52,132,26 hp=2599
living id=6329 type=toponovichthezombie pos=65,190,26 hp=5029
living id=6330 type=stonegolem pos=62,185,26 hp=6103
living id=6331 type=nusepthegoblinking pos=20,183,26 hp=2477
living id=6332 type=draukthehobgoblinking pos=179,23,26 hp=3719
living id=6333 type=gaskonetheghoul pos=127,79,26 hp=2212
living id=6334 type=evilturtle pos=157,48,26 hp=2217
living id=6335 type=stonegolem pos=64,129,26 hp=7293
living id=6336 type=direwolf pos=61,62,26 hp=1621
living id=6337 type=ghoul pos=63,109,26 hp=893
living id=6338 type=zombie pos=42,86,26 hp=3130
living id=6339 type=evilturtle pos=9,148,26 hp=2470
living id=6340 type=wolfy pos=183,146,26 hp=1616
living id=6341 type=zombie pos=9,155,26 hp=2731
living id=6342 type=toponovichthezombie pos=42,89,26 hp=4488
living id=6343 type=stonegolem pos=100,43,26 hp=6367
living id=6344 type=sikuthewolf pos=129,184,26 hp=2498
living id=6345 type=stonegolem pos=53,29,26 hp=6947
living id=6346 type=toponovichthezombie pos=104,139,26 hp=4065
living id=6347 type=humethealmightyogre pos=144,13,26 hp=5710
living id=6348 type=direwolf pos=150,165,26 hp=1630
living id=6349 type=nusepthegoblinking pos=73,99,26 hp=2617
living id=6350 type=infectedzombie pos=130,65,26 hp=2279
living id=6351 type=wolfy pos=146,45,26 hp=1606
living id=6352 type=gaskonetheghoul pos=108,46,26 hp=1713
living id=6353 type=firehead pos=28,110,26 hp=1904
living id=6355 type=zombie pos=54,75,26 hp=2999
living id=6356 type=firehead pos=54,133,26 hp=1779
living id=6358 type=berserkertroll pos=114,183,26 hp=3977
living id=6359 type=vampire pos=64,93,26 hp=1326
living id=6360 type=berserkertroll pos=36,93,26 hp=4035
living id=6361 type=gaskonetheghoul pos=79,17,26 hp=2153
living id=6362 type=sneakyghoul pos=198,52,26 hp=4490
living id=6363 type=direwolf pos=190,157,26 hp=1444
living id=6364 type=vampire pos=94,64,26 hp=1121
living id=6365 type=evilturtle pos=88,109,26 hp=2055
living id=6366 type=stonegolem pos=119,172,26 hp=7528
living id=6367 type=stonegolem pos=47,188,26 hp=6097
living id=6368 type=werewolf pos=145,63,26 hp=1857
living id=6369 type=snickerblade pos=62,25,26 hp=1677
living id=6370 type=nexythesnickeredge pos=14,58,26 hp=2427
living id=6371 type=direwolfalpha pos=126,120,26 hp=1428
living id=6372 type=wolfy pos=120,128,26 hp=1744
living id=6373 type=direwolfalpha pos=43,58,26 hp=1567
living id=6374 type=toponovichthezombie pos=51,126,26 hp=4904
living id=6375 type=humethealmightyogre pos=106,114,26 hp=6076
living id=6376 type=sneakyghoul pos=192,96,26 hp=4295
living id=6377 type=wolfy pos=139,154,26 hp=1749
living id=6378 type=nusepthegoblinking pos=185,93,26 hp=2021
living id=6379 type=gaskonetheghoul pos=134,78,26 hp=1969
living id=6380 type=snickerbladewizard pos=57,37,26 hp=3284
living id=6381 type=draukthehobgoblinking pos=118,168,26 hp=3220
living id=6382 type=gaskonetheghoul pos=113,33,26 hp=1797
living id=6383 type=spiderqueen pos=62,78,26 hp=1371
living id=6384 type=cavetroll pos=6,150,26 hp=2982
living id=6385 type=berserkertroll pos=16,50,26 hp=3969
living id=6386 type=sneakyghoul pos=140,12,26 hp=4383
living id=6387 type=nexythesnickeredge pos=48,20,26 hp=2198
living id=6388 type=zombie pos=180,146,26 hp=2451
living id=6389 type=evilturtle pos=114,59,26 hp=2068
living id=6390 type=werewolf pos=39,58,26 hp=1334
living id=6391 type=direwolf pos=199,54,26 hp=1662
living id=6392 type=direwolfalpha pos=87,109,26 hp=1529
living id=6393 type=snickerbladewizard pos=85,114,26 hp=3366
living id=6394 type=nexythesnickeredge pos=147,48,26 hp=2796
living id=6395 type=humethealmightyogre pos=147,173,26 hp=5137
living id=6396 type=nexythesnickeredge pos=109,61,26 hp=2603
living id=6397 type=snickerblade pos=131,145,26 hp=2152
living id=6398 type=snickerblade pos=124,116,26 hp=1803
living id=6399 type=firehead pos=49,89,26 hp=2164
living id=6401 type=snickerbladewizard pos=148,192,26 hp=3323
living id=6402 type=infectedzombie pos=70,44,26 hp=2768
living id=6403 type=sikuthewolf pos=196,130,26 hp=2576
living id=6404 type=stonegolem pos=173,27,26 hp=7907
living id=6405 type=snickerbladewizard pos=26,8,26 hp=3298
living id=6406 type=wolfy pos=111,57,26 hp=1598
living id=6407 type=zombie pos=92,15,26 hp=2488
living id=6408 type=zombie pos=5,117,26 hp=2783
living id=6409 type=snickerblade pos=5,92,26 hp=1762
living id=6410 type=toponovichthezombie pos=170,105,26 hp=4933
living id=6411 type=draukthehobgoblinking pos=89,112,26 hp=4085
living id=6412 type=berserkertroll pos=134,128,26 hp=4021
living id=6413 type=werewolf pos=87,143,26 hp=1740
living id=6414 type=sneakyghoul pos=191,128,26 hp=4500
living id=6415 type=sneakyghoul pos=123,33,26 hp=4284
living id=6416 type=cavetroll pos=168,153,26 hp=2905
living id=6417 type=gaskonetheghoul pos=145,163,26 hp=2258
living id=6418 type=werewolf pos=98,80,26 hp=1671
living id=6419 type=toponovichthezombie pos=21,185,26 hp=3749
living id=6420 type=sikuthewolf pos=160,106,26 hp=2556
living id=6421 type=ghoul pos=104,116,26 hp=1218
living id=6422 type=nexythesnickeredge pos=83,81,26 hp=2736
living id=6423 type=humethealmightyogre pos=77,128,26 hp=5413
living id=6424 type=stonegolem pos=129,115,26 hp=6996
living id=6425 type=firehead pos=134,100,26 hp=2088
living id=6427 type=draukthehobgoblinking pos=55,112,26 hp=2924
living id=6428 type=wolfy pos=145,154,26 hp=1907
living id=6429 type=snickerblade pos=46,81,26 hp=2005
living id=6430 type=evilturtle pos=41,143,26 hp=2171
living id=6431 type=direwolf pos=193,63,26 hp=1650
living id=6432 type=evilturtle pos=125,115,26 hp=1806
living id=6433 type=direwolf pos=27,9,26 hp=1511
living id=6434 type=gaskonetheghoul pos=84,183,26 hp=1933
living id=6435 type=sikuthewolf pos=108,46,26 hp=2898
living id=6436 type=snickerbladewizard pos=48,91,26 hp=3366
living id=6437 type=spiderqueen pos=25,138,26 hp=1452
living id=6438 type=zombie pos=177,94,26 hp=2644
living id=6439 type=blueslime pos=0,120,26 hp=1896
living id=6440 type=nusepthegoblinking pos=161,167,26 hp=2415
living id=6441 type=evilturtle pos=21,46,26 hp=2100
living id=6442 type=spiderqueen pos=60,14,26 hp=1493
living id=6443 type=werewolf pos=143,16,26 hp=1669
living id=6444 type=gaskonetheghoul pos=78,123,26 hp=1991
living id=6445 type=gaskonetheghoul pos=22,120,26 hp=1847
living id=6446 type=sikuthewolf pos=189,92,26 hp=3283
living id=6447 type=wolfy pos=53,131,26 hp=1688
living id=6448 type=sikuthewolf pos=161,183,26 hp=3024
living id=6449 type=nexythesnickeredge pos=171,76,26 hp=2433
living id=6450 type=nusepthegoblinking pos=144,28,26 hp=2507
living id=6451 type=nexythesnickeredge pos=192,157,26 hp=2816
living id=6452 type=gaskonetheghoul pos=164,167,26 hp=1812
living id=6453 type=wolfy pos=140,16,26 hp=1762
living id=6454 type=firehead pos=92,110,26 hp=2163
living id=6456 type=direwolf pos=37,59,26 hp=1425
living id=6457 type=direwolfalpha pos=129,146,26 hp=1343
living id=6458 type=cavetroll pos=57,109,26 hp=2954
living id=6459 type=direwolfalpha pos=171,68,26 hp=1601
living id=6460 type=nexythesnickeredge pos=153,119,26 hp=2894
living id=6461 type=gaskonetheghoul pos=1,96,26 hp=1782
living id=6462 type=firehead pos=73,80,26 hp=1991
living id=6464 type=snickerbladewizard pos=27,34,26 hp=3267
living id=6465 type=spiderqueen pos=95,58,26 hp=1656
living id=6466 type=ghoul pos=131,186,26 hp=927
living id=6467 type=direwolfalpha pos=123,167,26 hp=1400
living id=6468 type=gaskonetheghoul pos=76,83,26 hp=2205
living id=6469 type=stonegolem pos=173,66,26 hp=6487
living id=6470 type=werewolf pos=128,168,26 hp=1361
living id=6471 type=vampire pos=64,82,26 hp=1246
living id=6472 type=vampire pos=152,146,26 hp=1094
living id=6473 type=zombie pos=169,156,26 hp=2445
living id=6474 type=infectedzombie pos=38,112,26 hp=2508
living id=6475 type=nusepthegoblinking pos=66,60,26 hp=2167
living id=6476 type=zombie pos=150,74,26 hp=2709
living id=6477 type=direwolf pos=37,149,26 hp=1605
living id=6478 type=direwolfalpha pos=151,80,26 hp=1509
living id=6479 type=nexythesnickeredge pos=80,142,26 hp=2321
living id=6480 type=vampire pos=128,141,26 hp=1070
living id=6481 type=infectedzombie pos=156,176,26 hp=2240
living id=6482 type=toponovichthezombie pos=99,49,26 hp=5206
living id=6483 type=gaskonetheghoul pos=47,90,26 hp=1848
living id=6484 type=draukthehobgoblinking pos=56,11,26 hp=3162
living id=6485 type=draukthehobgoblinking pos=95,56,26 hp=2713
living id=6486 type=toponovichthezombie pos=192,90,26 hp=3965
living id=6487 type=direwolf pos=55,31,26 hp=1667
living id=6488 type=blueslime pos=124,33,26 hp=2023
living id=6489 type=infectedzombie pos=56,159,26 hp=2427
living id=6490 type=evilturtle pos=66,101,26 hp=2172
living id=6491 type=blueslime pos=63,78,26 hp=1872
living id=6492 type=sikuthewolf pos=151,144,26 hp=2501
living id=6493 type=wolfy pos=66,129,26 hp=2044
living id=6494 type=stonegolem pos=86,187,26 hp=6267
living id=6495 type=humethealmightyogre pos=131,182,26 hp=5271
living id=6496 type=stonegolem pos=87,112,26 hp=6294
living id=6497 type=berserkertroll pos=63,62,26 hp=4134
living id=6498 type=berserkertroll pos=114,113,26 hp=4853
living id=6499 type=vampire pos=40,17,26 hp=1342
living id=6500 type=cavetroll pos=56,109,26 hp=3262
living id=6501 type=humethealmightyogre pos=97,81,26 hp=5815
living id=6502 type=draukthehobgoblinking pos=194,76,26 hp=3985
living id=6503 type=sneakyghoul pos=138,108,26 hp=4452
living id=6504 type=zombie pos=191,68,26 hp=2474
living id=6505 type=berserkertroll pos=96,163,26 hp=4966
living id=6506 type=nexythesnickeredge pos=41,159,26 hp=2831
living id=6507 type=nexythesnickeredge pos=171,156,26 hp=1976
living id=6508 type=vampire pos=104,137,26 hp=1163
living id=6509 type=snickerbladewizard pos=42,76,26 hp=3394
living id=6510 type=berserkertroll pos=190,23,26 hp=4600
living id=6511 type=werewolf pos=145,152,26 hp=1376
living id=6512 type=sneakyghoul pos=49,129,26 hp=4494
living id=6513 type=nusepthegoblinking pos=59,92,26 hp=2099
living id=6514 type=nexythesnickeredge pos=84,187,26 hp=2804
living id=6515 type=direwolfalpha pos=161,99,26 hp=1372
living id=6516 type=sikuthewolf pos=120,186,26 hp=3331
living id=6517 type=werewolf pos=23,34,26 hp=1392
living id=6518 type=snickerblade pos=108,62,26 hp=1686
living id=6519 type=werewolf pos=194,24,26 hp=1758
living id=6520 type=sikuthewolf pos=139,61,26 hp=2849
living id=6521 type=direwolf pos=179,25,26 hp=1660
living id=6522 type=humethealmightyogre pos=175,58,26 hp=6556
living id=6523 type=draukthehobgoblinking pos=180,92,26 hp=3403
living id=6524 type=direwolf pos=59,86,26 hp=1558
living id=6525 type=gaskonetheghoul pos=155,69,26 hp=2127
living id=6526 type=draukthehobgoblinking pos=104,44,26 hp=2717
living id=6527 type=spiderqueen pos=76,79,26 hp=1793
living id=6528 type=zombie pos=14,140,26 hp=3502
living id=6529 type=gaskonetheghoul pos=138,15,26 hp=2239
living id=6530 type=nexythesnickeredge pos=90,109,26 hp=3049
living id=6531 type=snickerbladewizard pos=47,187,26 hp=3391
living id=6532 type=draukthehobgoblinking pos=37,52,26 hp=3692
living id=6533 type=wolfy pos=150,128,26 hp=1669
living id=6534 type=evilturtle pos=76,14,26 hp=2444
living id=6535 type=sneakyghoul pos=109,114,26 hp=4370
living id=6536 type=vampire pos=93,92,26 hp=1331
living id=6537 type=ghoul pos=80,181,26 hp=945
living id=6538 type=snickerblade pos=130,127,26 hp=2144
living id=6539 type=gaskonetheghoul pos=176,57,26 hp=2274
living id=6540 type=cavetroll pos=121,145,26 hp=3001
living id=6541 type=werewolf pos=136,168,26 hp=1599
living id=6542 type=wolfy pos=105,115,26 hp=1775
living id=6543 type=infectedzombie pos=143,78,26 hp=2815
living id=6544 type=cavetroll pos=119,119,26 hp=2770
living id=6545 type=infectedzombie pos=120,186,26 hp=2673
living id=6546 type=direwolfalpha pos=129,150,26 hp=1321
living id=6547 type=ghoul pos=56,37,26 hp=1238
living id=6548 type=wolfy pos=7,50,26 hp=1593
living id=6549 type=werewolf pos=60,59,26 hp=1827
living id=6550 type=werewolf pos=19,49,26 hp=1369
living id=6551 type=humethealmightyogre pos=67,45,26 hp=5930
living id=6552 type=infectedzombie pos=15,81,26 hp=2873
living id=6553 type=wolfy pos=167,101,26 hp=1960
living id=6554 type=nexythesnickeredge pos=58,35,26 hp=1899
living id=6555 type=stonegolem pos=189,52,26 hp=5995
living id=6556 type=ghoul pos=129,121,26 hp=833
living id=6557 type=ghoul pos=127,85,26 hp=853
living id=6558 type=snickerbladewizard pos=57,28,26 hp=3376
living id=6559 type=toponovichthezombie pos=137,10,26 hp=4929
living id=6560 type=werewolf pos=194,69,26 hp=1367
living id=6561 type=vampire pos=133,61,26 hp=1276
living id=6562 type=snickerblade pos=43,94,26 hp=2168
living id=6563 type=humethealmightyogre pos=56,115,26 hp=5402
living id=6564 type=toponovichthezombie pos=112,69,26 hp=3691
living id=6565 type=stonegolem pos=8,44,26 hp=6219
living id=6566 type=gaskonetheghoul pos=155,43,26 hp=2008
living id=6567 type=cavetroll pos=105,62,26 hp=2927
living id=6568 type=blueslime pos=4,155,26 hp=1940
living id=6569 type=humethealmightyogre pos=145,164,26 hp=6611
living id=6570 type=cavetroll pos=124,121,26 hp=3168
living id=6571 type=wolfy pos=41,83,26 hp=1917
living id=6572 type=zombie pos=191,50,26 hp=2915
living id=6573 type=infectedzombie pos=135,27,26 hp=2905
living id=6574 type=cavetroll pos=130,184,26 hp=3133
living id=6575 type=direwolf pos=63,115,26 hp=1450
living id=6576 type=vampire pos=56,57,26 hp=1119
living id=6577 type=blueslime pos=129,153,26 hp=1844
living id=6578 type=berserkertroll pos=143,33,26 hp=5018
living id=6579 type=snickerblade pos=87,126,26 hp=1619
living id=6580 type=cavetroll pos=192,100,26 hp=3261
living id=6581 type=spiderqueen pos=173,25,26 hp=1672
living id=6582 type=toponovichthezombie pos=25,28,26 hp=5057
living id=6583 type=spiderqueen pos=99,127,26 hp=1471
living id=6584 type=toponovichthezombie pos=139,120,26 hp=3798
living id=6585 type=werewolf pos=149,158,26 hp=1739
living id=6586 type=vampire pos=23,23,26 hp=1270
living id=6587 type=vampire pos=130,97,26 hp=1284
living id=6588 type=infectedzombie pos=27,32,26 hp=2507
living id=6589 type=stonegolem pos=125,133,26 hp=7444
living id=6590 type=toponovichthezombie pos=121,168,26 hp=5010
living id=6591 type=direwolfalpha pos=99,163,26 hp=1671
living id=6592 type=blueslime pos=41,57,26 hp=1858
living id=6593 type=cavetroll pos=189,101,26 hp=3056
living id=6594 type=toponovichthezombie pos=99,58,26 hp=3777
living id=6595 type=blueslime pos=72,166,26 hp=2053
living id=6596 type=werewolf pos=75,102,26 hp=1655
living id=6597 type=stonegolem pos=14,20,26 hp=6290
living id=6598 type=zombie pos=15,10,26 hp=3168
living id=6599 type=direwolf pos=144,26,26 hp=1605
living id=6600 type=stonegolem pos=104,61,26 hp=6490
living id=6601 type=vampire pos=150,82,26 hp=1058
living id=6602 type=cavetroll pos=142,47,26 hp=3247
living id=6603 type=sneakyghoul pos=41,156,26 hp=4446
living id=6604 type=zombie pos=175,74,26 hp=3038
living id=6605 type=direwolf pos=125,138,26 hp=1429
living id=6606 type=direwolf pos=1,96,26 hp=1645
living id=6607 type=cavetroll pos=171,53,26 hp=3099
living id=6608 type=cavetroll pos=80,183,26 hp=2963
living id=6609 type=blueslime pos=127,80,26 hp=1861
living id=6610 type=blueslime pos=60,56,26 hp=1752
living id=6611 type=berserkertroll pos=24,34,26 hp=4308
living id=6612 type=gaskonetheghoul pos=7,147,26 hp=2289
living id=6613 type=firehead pos=180,95,26 hp=2127
living id=6615 type=stonegolem pos=133,150,26 hp=7425
living id=6616 type=stonegolem pos=47,133,26 hp=7336
living id=6617 type=sikuthewolf pos=113,115,26 hp=2418
living id=6618 type=zombie pos=149,75,26 hp=2544
living id=6619 type=spiderqueen pos=151,168,26 hp=1630
living id=6620 type=ghoul pos=9,154,26 hp=1056
living id=6621 type=wolfy pos=63,64,26 hp=1886
living id=6622 type=nusepthegoblinking pos=44,184,26 hp=2026
living id=6623 type=stonegolem pos=61,19,26 hp=5894
living id=6624 type=blueslime pos=192,91,26 hp=1845
living id=6625 type=berserkertroll pos=61,157,26 hp=4765
living id=6626 type=cavetroll pos=134,104,26 hp=2718
living id=6627 type=humethealmightyogre pos=88,117,26 hp=5258
living id=6628 type=cavetroll pos=71,83,26 hp=2974
living id=6629 type=zombie pos=151,104,26 hp=3424
living id=6630 type=sneakyghoul pos=112,171,26 hp=4259
living id=6631 type=firehead pos=14,58,26 hp=2279
living id=6633 type=firehead pos=190,158,26 hp=1861
living id=6635 type=direwolfalpha pos=44,185,26 hp=1572
living id=6636 type=sikuthewolf pos=42,55,26 hp=3408
living id=6637 type=gaskonetheghoul pos=30,14,26 hp=2055
living id=6638 type=sikuthewolf pos=129,118,26 hp=3094
living id=6639 type=sneakyghoul pos=106,110,26 hp=4475
living id=6640 type=direwolfalpha pos=5,115,26 hp=1296
living id=6641 type=evilturtle pos=65,151,26 hp=1844
living id=6642 type=blueslime pos=49,26,26 hp=1753
living id=6643 type=infectedzombie pos=112,98,26 hp=2839
living id=6644 type=humethealmightyogre pos=35,92,26 hp=5509
living id=6645 type=snickerblade pos=166,98,26 hp=1997
living id=6646 type=blueslime pos=126,186,26 hp=2149
living id=6647 type=wolfy pos=14,70,26 hp=2053
living id=6648 type=stonegolem pos=1,114,26 hp=6279
living id=6649 type=zombie pos=179,146,26 hp=3326
living id=6650 type=humethealmightyogre pos=193,23,26 hp=6695
living id=6651 type=infectedzombie pos=152,165,26 hp=2272
living id=6652 type=vampire pos=62,32,26 hp=1250
living id=6653 type=gaskonetheghoul pos=100,46,26 hp=2211
living id=6654 type=gaskonetheghoul pos=68,44,26 hp=2023
living id=6655 type=direwolfalpha pos=145,178,26 hp=1573
living id=6656 type=sneakyghoul pos=189,57,26 hp=4430
living id=6657 type=nexythesnickeredge pos=82,140,26 hp=2583
living id=6658 type=nexythesnickeredge pos=123,87,26 hp=2232
living id=6659 type=direwolfalpha pos=103,14,26 hp=1531
living id=6660 type=spiderqueen pos=131,99,26 hp=1686
living id=6661 type=werewolf pos=189,25,26 hp=1448
living id=6662 type=spiderqueen pos=25,27,26 hp=1384
living id=6663 type=nexythesnickeredge pos=142,58,26 hp=2837
living id=6664 type=cavetroll pos=151,123,26 hp=3069
living id=6665 type=nusepthegoblinking pos=22,189,26 hp=2220
living id=6666 type=spiderqueen pos=192,57,26 hp=1621
living id=6667 type=firehead pos=77,140,26 hp=1724
living id=6669 type=vampire pos=105,47,26 hp=1339
living id=6670 type=spiderqueen pos=198,132,26 hp=1824
living id=6671 type=sikuthewolf pos=23,13,26 hp=2829
living id=6672 type=humethealmightyogre pos=9,54,26 hp=5205
living id=6673 type=zombie pos=15,140,26 hp=3564
living id=6674 type=cavetroll pos=80,81,26 hp=2972
living id=6675 type=cavetroll pos=39,188,26 hp=2736
living id=6676 type=nusepthegoblinking pos=54,127,26 hp=2245
living id=6677 type=sneakyghoul pos=117,140,26 hp=4417
living id=6678 type=toponovichthezombie pos=101,128,26 hp=4611
living id=6679 type=nexythesnickeredge pos=79,179,26 hp=2872
living id=6680 type=berserkertroll pos=103,60,26 hp=4850
living id=6681 type=blueslime pos=104,58,26 hp=2061
living id=6682 type=werewolf pos=164,169,26 hp=1800
living id=6683 type=direwolfalpha pos=171,22,26 hp=1620
living id=6684 type=nexythesnickeredge pos=130,182,26 hp=1880
living id=6685 type=firehead pos=8,118,26 hp=2137
living id=6687 type=nexythesnickeredge pos=15,24,26 hp=1910
living id=6688 type=snickerbladewizard pos=129,126,26 hp=3277
living id=6689 type=firehead pos=148,131,26 hp=1816
living id=6691 type=berserkertroll pos=76,168,26 hp=4466
living id=6692 type=direwolfalpha pos=98,94,26 hp=1674
living id=6693 type=wolfy pos=116,142,26 hp=1846
living id=6694 type=werewolf pos=112,97,26 hp=1545
living id=6695 type=snickerblade pos=79,159,26 hp=1762
living id=6696 type=stonegolem pos=141,152,26 hp=7445
living id=6697 type=cavetroll pos=152,78,26 hp=2825
living id=6698 type=gaskonetheghoul pos=62,156,26 hp=2198
living id=6699 type=firehead pos=39,160,26 hp=2176
living id=6701 type=nusepthegoblinking pos=5,115,26 hp=1900
living id=6702 type=direwolf pos=64,14,26 hp=1454
living id=6703 type=sikuthewolf pos=136,108,26 hp=2689
living id=6704 type=stonegolem pos=81,183,26 hp=6483
living id=6705 type=ghoul pos=22,29,26 hp=933
living id=6706 type=zombie pos=29,117,26 hp=2346
living id=6707 type=blueslime pos=167,168,26 hp=1765
living id=6708 type=gaskonetheghoul pos=121,61,26 hp=2188
living id=6709 type=evilturtle pos=94,196,28 hp=2197
living id=6710 type=stonegolem pos=150,96,28 hp=6939
living id=6711 type=wolfy pos=195,184,28 hp=1675
living id=6712 type=humethealmightyogre pos=183,186,28 hp=6636
living id=6713 type=firehead pos=135,102,28 hp=1754
living id=6715 type=draukthehobgoblinking pos=180,163,28 hp=4221
living id=6716 type=snickerblade pos=37,122,28 hp=2019
living id=6717 type=evilturtle pos=51,142,28 hp=2148
living id=6718 type=nexythesnickeredge pos=95,149,28 hp=2797
living id=6719 type=draukthehobgoblinking pos=166,120,28 hp=2728
living id=6720 type=snickerblade pos=142,23,28 hp=1907
living id=6721 type=wolfy pos=65,135,28 hp=2049
living id=6722 type=zombie pos=10,136,28 hp=2815
living id=6723 type=evilturtle pos=117,25,28 hp=2250
living id=6724 type=snickerblade pos=100,188,28 hp=2182
living id=6725 type=blueslime pos=109,186,28 hp=2036
living id=6726 type=spiderqueen pos=171,7,28 hp=1495
living id=6727 type=firehead pos=6,17,28 hp=2108
living id=6729 type=draukthehobgoblinking pos=9,40,28 hp=3729
living id=6730 type=draukthehobgoblinking pos=142,152,28 hp=3928
living id=6731 type=weretiger pos=109,150,28 hp=5345
living id=6732 type=infectedzombie pos=94,83,28 hp=2731
living id=6733 type=ghoul pos=53,25,28 hp=1259
living id=6734 type=sneakyghoul pos=88,195,28 hp=4409
living id=6735 type=gaskonetheghoul pos=122,154,28 hp=1737
living id=6736 type=snickerbladewizard pos=52,75,28 hp=3322
living id=6737 type=zombie pos=41,112,28 hp=2868
living id=6738 type=nexythesnickeredge pos=113,82,28 hp=2593
living id=6739 type=spiderqueen pos=182,2,28 hp=1611
living id=6740 type=vampire pos=77,136,28 hp=1055
living id=6741 type=snickerblade pos=150,38,28 hp=2016
living id=6742 type=toponovichthezombie pos=96,32,28 hp=4232
living id=6743 type=evilturtle pos=166,8,28 hp=1727
living id=6744 type=wolfy pos=47,68,28 hp=2028
living id=6745 type=wolfy pos=18,193,28 hp=1976
living id=6746 type=nusepthegoblinking pos=121,56,28 hp=2075
living id=6747 type=nusepthegoblinking pos=19,41,28 hp=2064
living id=6748 type=evilturtle pos=148,111,28 hp=1838
living id=6749 type=nexythesnickeredge pos=9,72,28 hp=2498
living id=6750 type=blueslime pos=148,37,28 hp=1927
living id=6751 type=nexythesnickeredge pos=120,76,28 hp=2524
living id=6752 type=ogre pos=8,110,28 hp=4782
living id=6753 type=werewolf pos=136,63,28 hp=1775
living id=6754 type=lustyogre pos=129,69,28 hp=6258
living id=6755 type=gaskonetheghoul pos=6,130,28 hp=1702
living id=6756 type=berserkertroll pos=154,67,28 hp=3967
living id=6757 type=nusepthegoblinking pos=187,77,28 hp=2242
living id=6758 type=sikuthewolf pos=140,93,28 hp=3307
living id=6759 type=lustyogre pos=55,25,28 hp=6123
living id=6760 type=ogre pos=180,88,28 hp=5817
living id=6761 type=snickerblade pos=32,150,28 hp=2029
living id=6762 type=zombie pos=46,114,28 hp=3511
living id=6763 type=sikuthewolf pos=124,54,28 hp=3009
living id=6764 type=irongolem pos=151,34,28 hp=8724
living id=6765 type=vampire pos=196,166,28 hp=1313
living id=6766 type=nexythesnickeredge pos=136,186,28 hp=1933
living id=6767 type=sneakyghoul pos=37,126,28 hp=4302
living id=6768 type=nexythesnickeredge pos=128,51,28 hp=1937
living id=6769 type=wolfy pos=69,116,28 hp=1842
living id=6770 type=vampire pos=110,48,28 hp=1065
living id=6771 type=snickerbladewizard pos=36,10,28 hp=3319
living id=6772 type=spiderqueen pos=59,128,28 hp=1780
living id=6773 type=spiderqueen pos=21,90,28 hp=1414
living id=6774 type=ghoul pos=57,6,28 hp=807
living id=6775 type=nusepthegoblinking pos=64,24,28 hp=2065
living id=6776 type=vampire pos=59,92,28 hp=1058
living id=6777 type=nusepthegoblinking pos=98,53,28 hp=2158
living id=6778 type=vampire pos=189,151,28 hp=1063
living id=6779 type=gaskonetheghoul pos=146,117,28 hp=2069
living id=6780 type=weretiger pos=135,31,28 hp=6739
living id=6781 type=spiderqueen pos=72,87,28 hp=1543
living id=6782 type=snickerbladewizard pos=152,104,28 hp=3392
living id=6783 type=wolfy pos=39,69,28 hp=1693
living id=6784 type=toponovichthezombie pos=28,25,28 hp=5255
living id=6785 type=irongolem pos=85,140,28 hp=8947
living id=6786 type=gaskonetheghoul pos=158,21,28 hp=1906
living id=6787 type=snickerbladewizard pos=187,25,28 hp=3267
living id=6788 type=sikuthewolf pos=179,143,28 hp=2962
living id=6789 type=stonetroll pos=71,96,28 hp=7032
living id=6791 type=toponovichthezombie pos=103,89,28 hp=4850
living id=6792 type=cavetroll pos=149,76,28 hp=3246
living id=6793 type=ogre pos=197,61,28 hp=5006
living id=6794 type=ghoul pos=6,6,28 hp=1262
living id=6795 type=vampire pos=147,143,28 hp=1242
living id=6796 type=vampire pos=44,142,28 hp=1219
living id=6797 type=nusepthegoblinking pos=12,130,28 hp=2501
living id=6798 type=blueslime pos=85,175,28 hp=1674
living id=6799 type=stonegolem pos=38,98,28 hp=5943
living id=6800 type=ogre pos=183,171,28 hp=5773
living id=6801 type=firehead pos=83,183,28 hp=2108
living id=6803 type=gaskonetheghoul pos=29,42,28 hp=1835
living id=6804 type=zombie pos=65,144,28 hp=3611
living id=6805 type=theburningpet pos=117,61,28 hp=9933
living id=6807 type=werewolf pos=118,154,28 hp=1380
living id=6808 type=wolfy pos=104,120,28 hp=1834
living id=6809 type=wolfy pos=149,118,28 hp=1766
living id=6810 type=stonegolem pos=6,98,28 hp=7993
living id=6811 type=lustyogre pos=19,172,28 hp=5932
living id=6812 type=snickerblade pos=42,54,28 hp=1811
living id=6813 type=humethealmightyogre pos=189,37,28 hp=5799
living id=6814 type=stonegolem pos=2,18,28 hp=8031
living id=6815 type=zombie pos=74,167,28 hp=3215
living id=6816 type=blueslime pos=38,33,28 hp=1714
living id=6817 type=stonegolem pos=43,183,28 hp=6349
living id=6818 type=sikuthewolf pos=27,188,28 hp=2802
living id=6819 type=infectedzombie pos=97,4,28 hp=2771
living id=6820 type=cavetroll pos=111,76,28 hp=3120
living id=6821 type=sikuthewolf pos=21,168,28 hp=2573
living id=6822 type=snickerblade pos=131,159,28 hp=1867
living id=6823 type=stonegolem pos=67,183,28 hp=5982
living id=6824 type=irongolem pos=63,25,28 hp=8112
living id=6825 type=gaskonetheghoul pos=155,123,28 hp=2041
living id=6826 type=cavetroll pos=6,161,28 hp=2975
living id=6827 type=zombie pos=158,177,28 hp=2492
living id=6828 type=stonegolem pos=106,68,28 hp=7139
living id=6829 type=nusepthegoblinking pos=62,183,28 hp=1792
living id=6830 type=infectedzombie pos=167,55,28 hp=2415
living id=6831 type=wolfy pos=154,181,28 hp=1734
living id=6832 type=infectedzombie pos=83,140,28 hp=2396
living id=6833 type=humethealmightyogre pos=55,80,28 hp=6038
living id=6834 type=toponovichthezombie pos=100,60,28 hp=4523
living id=6835 type=spiderqueen pos=127,90,28 hp=1776
living id=6836 type=ogre pos=168,155,28 hp=4701
living id=6837 type=draukthehobgoblinking pos=77,141,28 hp=3604
living id=6838 type=sneakyghoul pos=150,102,28 hp=4436
living id=6839 type=evilturtle pos=3,27,28 hp=1723
living id=6840 type=ogre pos=182,94,28 hp=4700
living id=6841 type=humethealmightyogre pos=160,143,28 hp=6081
living id=6842 type=blueslime pos=195,181,28 hp=1789
living id=6843 type=stonegolem pos=134,27,28 hp=6626
living id=6844 type=toponovichthezombie pos=34,148,28 hp=5259
living id=6845 type=snickerblade pos=124,181,28 hp=2112
living id=6846 type=ghoul pos=149,3,28 hp=1035
living id=6847 type=firehead pos=90,191,28 hp=1964
living id=6849 type=toponovichthezombie pos=78,140,28 hp=5284
living id=6850 type=draukthehobgoblinking pos=74,162,28 hp=4198
living id=6851 type=cavetroll pos=170,80,28 hp=3264
living id=6852 type=stonegolem pos=197,74,28 hp=7821
living id=6853 type=evilturtle pos=93,92,28 hp=1799
living id=6854 type=evilturtle pos=196,40,28 hp=2156
living id=6855 type=toponovichthezombie pos=21,19,28 hp=3977
living id=6856 type=wolfy pos=9,31,28 hp=1892
living id=6857 type=theburningpet pos=105,165,28 hp=7817
living id=6859 type=ghoul pos=149,84,28 hp=1175
living id=6860 type=humethealmightyogre pos=188,51,28 hp=6810
living id=6861 type=nusepthegoblinking pos=35,123,28 hp=2492
living id=6862 type=nusepthegoblinking pos=194,153,28 hp=2399
living id=6863 type=cavetroll pos=113,54,28 hp=3258
living id=6864 type=toponovichthezombie pos=8,57,28 hp=4477
living id=6865 type=wolfy pos=4,80,28 hp=1959
living id=6866 type=ghoul pos=180,135,28 hp=1173
living id=6867 type=cavetroll pos=163,105,28 hp=2902
living id=6868 type=nexythesnickeredge pos=93,83,28 hp=2196
living id=6869 type=theburningpet pos=164,153,28 hp=8669
living id=6871 type=vampire pos=100,83,28 hp=1348
living id=6872 type=stonegolem pos=155,151,28 hp=5940
living id=6873 type=zombie pos=190,185,28 hp=2987
living id=6874 type=zombie pos=122,139,28 hp=2763
living id=6875 type=cavetroll pos=131,102,28 hp=3184
living id=6876 type=firehead pos=39,109,28 hp=2261
living id=6878 type=berserkertroll pos=37,24,28 hp=4524
living id=6879 type=draukthehobgoblinking pos=68,165,28 hp=3274
living id=6880 type=vampire pos=197,116,28 hp=1302
living id=6881 type=weretiger pos=59,167,28 hp=5376
living id=6882 type=spiderqueen pos=82,46,28 hp=1659
living id=6883 type=infectedzombie pos=19,74,28 hp=2479
living id=6884 type=spiderqueen pos=156,122,28 hp=1591
living id=6885 type=stonegolem pos=21,135,28 hp=7820
living id=6886 type=nexythesnickeredge pos=24,35,28 hp=2499
living id=6887 type=stonegolem pos=172,112,28 hp=6931
living id=6888 type=werewolf pos=156,1,28 hp=1831
living id=6889 type=infectedzombie pos=20,61,28 hp=2625
living id=6890 type=lustyogre pos=38,34,28 hp=6341
living id=6891 type=berserkertroll pos=37,110,28 hp=4348
living id=6892 type=lustyogre pos=84,75,28 hp=6454
living id=6893 type=stonegolem pos=151,36,28 hp=7351
living id=6894 type=cavetroll pos=194,181,28 hp=3196
living id=6895 type=draukthehobgoblinking pos=163,150,28 hp=4400
living id=6896 type=gaskonetheghoul pos=143,68,28 hp=2262
living id=6897 type=wolfy pos=149,12,28 hp=1564
living id=6898 type=theburningpet pos=105,185,28 hp=10060
living id=6900 type=sikuthewolf pos=45,180,28 hp=3574
living id=6901 type=theburningpet pos=65,87,28 hp=8750
living id=6903 type=stonegolem pos=160,9,28 hp=7036
living id=6904 type=nexythesnickeredge pos=148,156,28 hp=2131
living id=6905 type=sneakyghoul pos=171,191,28 hp=4487
living id=6906 type=infectedzombie pos=142,1,28 hp=2290
living id=6907 type=zombie pos=54,156,28 hp=2882
living id=6908 type=theburningpet pos=123,183,28 hp=8210
living id=6910 type=vampire pos=100,82,28 hp=1214
living id=6911 type=firehead pos=65,106,28 hp=2277
living id=6913 type=toponovichthezombie pos=178,124,28 hp=4096
living id=6914 type=zombie pos=72,86,28 hp=3432
living id=6915 type=draukthehobgoblinking pos=108,78,28 hp=3825
living id=6916 type=nexythesnickeredge pos=95,145,28 hp=2753
living id=6917 type=vampire pos=52,11,28 hp=1095
living id=6918 type=weretiger pos=37,49,28 hp=5717
living id=6919 type=theburningpet pos=61,95,28 hp=8257
living id=6921 type=blueslime pos=113,74,28 hp=1933
living id=6922 type=nexythesnickeredge pos=145,35,28 hp=2017
living id=6923 type=humethealmightyogre pos=81,96,28 hp=6457
living id=6924 type=wolfy pos=101,77,28 hp=1715
living id=6925 type=evilturtle pos=107,187,28 hp=2019
living id=6926 type=stonetroll pos=181,120,28 hp=6190
living id=6928 type=humethealmightyogre pos=171,81,28 hp=5462
living id=6929 type=sneakyghoul pos=34,185,28 hp=4470
living id=6930 type=vampire pos=93,131,28 hp=1319
living id=6931 type=werewolf pos=90,91,28 hp=1533
living id=6932 type=snickerblade pos=131,139,28 hp=1846
living id=6933 type=draukthehobgoblinking pos=39,82,28 hp=3651
living id=6934 type=irongolem pos=44,178,28 hp=7300
living id=6935 type=zombie pos=34,90,28 hp=3507
living id=6936 type=nexythesnickeredge pos=33,40,28 hp=1915
living id=6937 type=snickerbladewizard pos=149,127,28 hp=3308
living id=6938 type=cavetroll pos=19,50,28 hp=2786
living id=6939 type=zombie pos=177,46,28 hp=2810
living id=6940 type=infectedzombie pos=76,165,28 hp=2926
living id=6941 type=werewolf pos=115,63,28 hp=1593
living id=6942 type=snickerblade pos=96,132,28 hp=2181
living id=6943 type=weretiger pos=39,92,28 hp=6351
living id=6944 type=draukthehobgoblinking pos=39,133,28 hp=3385
living id=6945 type=blueslime pos=184,198,28 hp=2066
living id=6946 type=nexythesnickeredge pos=59,66,28 hp=1969
living id=6947 type=stonegolem pos=177,52,28 hp=7795
living id=6948 type=ghoul pos=85,82,28 hp=907
living id=6949 type=ogre pos=33,131,28 hp=5634
living id=6950 type=berserkertroll pos=43,78,28 hp=4183
living id=6951 type=ghoul pos=85,99,28 hp=1308
living id=6952 type=firehead pos=160,6,28 hp=1881
living id=6954 type=stonetroll pos=2,170,28 hp=6426
living id=6956 type=sikuthewolf pos=41,50,28 hp=3340
living id=6957 type=sikuthewolf pos=194,179,28 hp=2528
living id=6958 type=weretiger pos=89,165,28 hp=5699
living id=6959 type=theburningpet pos=58,95,28 hp=8353
living id=6961 type=berserkertroll pos=25,111,28 hp=4738
living id=6962 type=stonetroll pos=107,67,28 hp=7473
living id=6964 type=draukthehobgoblinking pos=2,158,28 hp=4286
living id=6965 type=draukthehobgoblinking pos=196,143,28 hp=3200
living id=6966 type=berserkertroll pos=34,111,28 hp=3900
living id=6967 type=nexythesnickeredge pos=120,81,28 hp=2317
living id=6968 type=weretiger pos=88,121,28 hp=6346
living id=6969 type=gaskonetheghoul pos=121,63,28 hp=1791
living id=6970 type=lustyogre pos=129,43,28 hp=5306
living id=6971 type=wolfy pos=167,79,28 hp=1717
living id=6972 type=theburningpet pos=183,121,28 hp=9035
living id=6974 type=zombie pos=49,111,28 hp=3507
living id=6975 type=stonetroll pos=197,21,28 hp=6695
living id=6977 type=blueslime pos=166,58,28 hp=1857
living id=6978 type=snickerbladewizard pos=155,151,28 hp=3280
living id=6979 type=snickerblade pos=20,23,28 hp=2033
living id=6980 type=werewolf pos=110,85,28 hp=1411
living id=6981 type=humethealmightyogre pos=20,75,28 hp=5920
living id=6982 type=blueslime pos=184,155,28 hp=1749
living id=6983 type=cavetroll pos=67,81,28 hp=3050
living id=6984 type=snickerbladewizard pos=78,30,28 hp=3289
living id=6985 type=berserkertroll pos=128,93,28 hp=4257
living id=6986 type=blueslime pos=68,77,28 hp=2112
living id=6987 type=nusepthegoblinking pos=44,10,28 hp=2122
living id=6988 type=ghoul pos=108,177,28 hp=868
living id=6989 type=snickerblade pos=66,85,28 hp=1851
living id=6990 type=toponovichthezombie pos=6,46,28 hp=3780
living id=6991 type=humethealmightyogre pos=46,182,28 hp=6472
living id=6992 type=lustyogre pos=116,168,28 hp=6552
living id=6993 type=lustyogre pos=173,105,28 hp=5749
living id=6994 type=werewolf pos=28,136,28 hp=1478
living id=6995 type=sikuthewolf pos=11,100,28 hp=2674
living id=6996 type=blueslime pos=153,104,28 hp=1947
living id=6997 type=stonetroll pos=84,86,28 hp=7277
living id=6999 type=snickerblade pos=22,179,28 hp=2096
living id=7000 type=berserkertroll pos=62,69,28 hp=4613
living id=7001 type=ogre pos=51,11,28 hp=4877
living id=7002 type=draukthehobgoblinking pos=135,27,28 hp=3460
living id=7003 type=ghoul pos=38,25,28 hp=1101
living id=7004 type=cavetroll pos=145,191,28 hp=2801
living id=7005 type=toponovichthezombie pos=58,60,28 hp=5279
living id=7006 type=evilturtle pos=36,25,28 hp=2296
living id=7007 type=vampire pos=188,176,28 hp=1057
living id=7008 type=stonetroll pos=181,133,28 hp=6720
living id=7010 type=blueslime pos=97,190,28 hp=1739
living id=7011 type=nexythesnickeredge pos=52,86,28 hp=2331
living id=7012 type=stonegolem pos=100,75,28 hp=6011
living id=7013 type=nusepthegoblinking pos=90,8,28 hp=2008
living id=7014 type=sneakyghoul pos=33,135,28 hp=4349
living id=7015 type=vampire pos=53,7,28 hp=1238
living id=7016 type=toponovichthezombie pos=192,119,28 hp=4611
living id=7017 type=ogre pos=69,144,28 hp=5706
living id=7018 type=ogre pos=78,147,28 hp=5010
living id=7019 type=zombie pos=75,71,28 hp=3122
living id=7020 type=sikuthewolf pos=144,11,28 hp=2578
living id=7021 type=wolfy pos=62,193,28 hp=1539
living id=7022 type=nexythesnickeredge pos=198,29,28 hp=2391
living id=7023 type=snickerblade pos=18,77,28 hp=2030
living id=7024 type=weretiger pos=64,123,28 hp=6786
living id=7025 type=nexythesnickeredge pos=146,122,28 hp=1921
living id=7026 type=draukthehobgoblinking pos=48,93,28 hp=3890
living id=7027 type=humethealmightyogre pos=48,25,28 hp=6005
living id=7028 type=humethealmightyogre pos=24,165,28 hp=5798
living id=7029 type=lustyogre pos=98,73,28 hp=5769
living id=7030 type=zombie pos=42,23,28 hp=2993
living id=7031 type=theburningpet pos=62,53,28 hp=9691
living id=7033 type=firehead pos=108,71,28 hp=2092
living id=7035 type=weretiger pos=36,105,28 hp=6985
living id=7036 type=ogre pos=173,33,28 hp=5931
living id=7037 type=gaskonetheghoul pos=8,72,28 hp=2091
living id=7038 type=ogre pos=114,142,28 hp=5525
living id=7039 type=sikuthewolf pos=10,149,28 hp=2624
living id=7040 type=evilturtle pos=2,95,28 hp=1971
living id=7041 type=theburningpet pos=131,192,28 hp=8621
living id=7043 type=gaskonetheghoul pos=174,49,28 hp=1814
living id=7044 type=theburningpet pos=8,133,28 hp=8705
living id=7046 type=spiderqueen pos=20,162,28 hp=1698
living id=7047 type=firehead pos=147,6,28 hp=1759
living id=7049 type=sneakyghoul pos=104,135,28 hp=4336
living id=7050 type=werewolf pos=115,86,28 hp=1680
living id=7051 type=sneakyghoul pos=68,196,28 hp=4394
living id=7052 type=ghoul pos=184,175,28 hp=1467
living id=7053 type=snickerblade pos=38,71,28 hp=1851
living id=7054 type=gaskonetheghoul pos=29,149,28 hp=2184
living id=7055 type=wolfy pos=112,42,28 hp=1559
living id=7056 type=werewolf pos=172,167,28 hp=1863
living id=7057 type=werewolf pos=71,156,28 hp=1589
living id=7058 type=firehead pos=144,46,28 hp=1876
living id=7060 type=evilturtle pos=6,79,28 hp=2149
living id=7061 type=werewolf pos=64,30,28 hp=1550
living id=7062 type=firehead pos=167,67,28 hp=2145
living id=7064 type=infectedzombie pos=182,195,28 hp=2879
living id=7065 type=lustyogre pos=86,194,28 hp=5932
living id=7066 type=nexythesnickeredge pos=36,64,28 hp=1982
living id=7067 type=weretiger pos=163,151,28 hp=6075
living id=7068 type=zombie pos=74,82,28 hp=3388
living id=7069 type=wolfy pos=102,31,28 hp=1604
living id=7070 type=stonegolem pos=97,141,28 hp=7818
living id=7071 type=snickerblade pos=142,108,28 hp=1662
living id=7072 type=vampire pos=44,88,28 hp=1308
living id=7073 type=snickerblade pos=8,191,28 hp=2053
living id=7074 type=blueslime pos=165,90,28 hp=2006
living id=7075 type=zombie pos=152,81,28 hp=3260
living id=7076 type=lustyogre pos=33,146,28 hp=6017
living id=7077 type=ogre pos=158,179,28 hp=4991
living id=7078 type=blueslime pos=44,193,28 hp=1881
living id=7079 type=ghoul pos=33,26,28 hp=911
living id=7080 type=gaskonetheghoul pos=111,185,28 hp=1714
living id=7081 type=nusepthegoblinking pos=2,149,28 hp=2263
living id=7082 type=zombie pos=103,47,28 hp=2872
living id=7083 type=evilturtle pos=192,68,28 hp=2124
living id=7084 type=irongolem pos=153,61,28 hp=9117
living id=7085 type=zombie pos=47,48,28 hp=3305
living id=7086 type=vampire pos=59,36,28 hp=1151
living id=7087 type=irongolem pos=182,31,28 hp=7855
living id=7088 type=stonegolem pos=192,18,28 hp=6201
living id=7089 type=stonetroll pos=54,19,28 hp=6407
living id=7091 type=snickerbladewizard pos=147,38,28 hp=3394
living id=7092 type=lustyogre pos=44,49,28 hp=5860
living id=7093 type=stonetroll pos=126,96,28 hp=7309
living id=7095 type=sikuthewolf pos=127,58,28 hp=3559
living id=7096 type=toponovichthezombie pos=11,97,28 hp=3733
living id=7097 type=irongolem pos=20,103,28 hp=8151
living id=7098 type=cavetroll pos=3,94,28 hp=3176
living id=7099 type=stonegolem pos=93,25,28 hp=7264
living id=7100 type=wolfy pos=131,119,28 hp=1850
living id=7101 type=gaskonetheghoul pos=156,86,28 hp=2241
living id=7102 type=vampire pos=49,45,28 hp=1088
living id=7103 type=snickerbladewizard pos=101,127,28 hp=3293
living id=7104 type=zombie pos=33,185,28 hp=2668
living id=7105 type=stonetroll pos=187,75,28 hp=5659
living id=7107 type=lustyogre pos=149,164,28 hp=5919
living id=7108 type=wolfy pos=63,85,28 hp=1745
living id=7109 type=sikuthewolf pos=169,164,28 hp=2352
living id=7110 type=spiderqueen pos=12,11,28 hp=1624
living id=7111 type=sneakyghoul pos=34,42,28 hp=4296
living id=7112 type=nexythesnickeredge pos=9,138,28 hp=2524
living id=7113 type=blueslime pos=34,33,28 hp=2178
living id=7114 type=nusepthegoblinking pos=88,127,28 hp=2516
living id=7115 type=irongolem pos=3,136,28 hp=9387
living id=7116 type=evilturtle pos=144,38,28 hp=1801
living id=7117 type=spiderqueen pos=17,157,28 hp=1662
living id=7118 type=cavetroll pos=9,57,28 hp=2919
living id=7119 type=infectedzombie pos=165,185,28 hp=2348
living id=7120 type=evilturtle pos=158,140,28 hp=2161
living id=7121 type=wolfy pos=6,68,28 hp=1975
living id=7122 type=ogre pos=117,8,28 hp=5821
living id=7123 type=theburningpet pos=51,9,28 hp=9242
living id=7125 type=irongolem pos=104,132,28 hp=8623
living id=7126 type=evilturtle pos=151,30,28 hp=2403
living id=7127 type=wolfy pos=138,129,28 hp=1937
living id=7128 type=snickerbladewizard pos=119,107,28 hp=3390
living id=7129 type=evilturtle pos=45,101,28 hp=2271
living id=7130 type=firehead pos=91,74,28 hp=1739
living id=7132 type=draukthehobgoblinking pos=175,183,28 hp=3996
living id=7133 type=ogre pos=49,54,28 hp=5082
living id=7134 type=wolfy pos=120,136,28 hp=1646
living id=7135 type=zombie pos=161,135,28 hp=3539
living id=7136 type=infectedzombie pos=94,112,28 hp=2819
living id=7137 type=weretiger pos=91,178,28 hp=6544
living id=7138 type=gaskonetheghoul pos=6,166,28 hp=2210
living id=7139 type=humethealmightyogre pos=79,102,28 hp=6281
living id=7140 type=theburningpet pos=168,178,28 hp=8241
living id=7142 type=gaskonetheghoul pos=1,160,28 hp=2228
living id=7143 type=infectedzombie pos=1,21,28 hp=2222
living id=7144 type=irongolem pos=107,151,28 hp=8005
living id=7145 type=irongolem pos=78,58,28 hp=8108
living id=7146 type=toponovichthezombie pos=185,160,28 hp=5192
living id=7147 type=ghoul pos=61,165,28 hp=1054
living id=7148 type=draukthehobgoblinking pos=122,86,28 hp=3877
living id=7149 type=evilturtle pos=177,133,28 hp=1736
living id=7150 type=evilturtle pos=12,20,28 hp=2328
living id=7151 type=cavetroll pos=156,141,28 hp=3291
living id=7152 type=cavetroll pos=86,195,28 hp=3177
living id=7153 type=gaskonetheghoul pos=66,127,28 hp=1876
living id=7154 type=stonetroll pos=185,3,28 hp=7031
living id=7156 type=evilturtle pos=162,25,28 hp=1827
living id=7157 type=toponovichthezombie pos=48,147,28 hp=4333
living id=7158 type=firehead pos=45,10,28 hp=2069
living id=7160 type=blueslime pos=196,64,28 hp=1974
living id=7161 type=toponovichthezombie pos=120,171,28 hp=3952
living id=7162 type=firehead pos=103,3,28 hp=1935
living id=7164 type=berserkertroll pos=104,65,28 hp=3854
living id=7165 type=irongolem pos=9,193,28 hp=8380
living id=7166 type=irongolem pos=41,46,28 hp=7583
living id=7167 type=blueslime pos=99,166,28 hp=1655
living id=7168 type=firehead pos=147,74,28 hp=2173
living id=7170 type=stonegolem pos=126,186,28 hp=8141
living id=7171 type=weretiger pos=154,42,28 hp=6606
living id=7172 type=infectedzombie pos=46,112,28 hp=2420
living id=7173 type=nusepthegoblinking pos=31,148,28 hp=2013
living id=7174 type=sneakyghoul pos=98,84,28 hp=4434
living id=7175 type=zombie pos=13,18,28 hp=2450
living id=7176 type=zombie pos=34,133,28 hp=2450
living id=7177 type=sneakyghoul pos=121,4,28 hp=4381
living id=7178 type=sneakyghoul pos=88,101,28 hp=4254
living id=7179 type=berserkertroll pos=18,8,28 hp=4210
living id=7180 type=spiderqueen pos=146,4,28 hp=1489
living id=7181 type=ogre pos=117,3,28 hp=5881
living id=7182 type=ghoul pos=167,89,28 hp=1157
living id=7183 type=nusepthegoblinking pos=130,91,28 hp=2364
living id=7184 type=infectedzombie pos=8,36,28 hp=2756
living id=7185 type=theburningpet pos=196,136,28 hp=9013
living id=7187 type=weretiger pos=74,144,28 hp=7138
living id=7188 type=gaskonetheghoul pos=100,66,28 hp=2134
living id=7189 type=draukthehobgoblinking pos=180,132,28 hp=3571
living id=7190 type=spiderqueen pos=40,31,28 hp=1504
living id=7191 type=stonegolem pos=136,69,28 hp=7675
living id=7192 type=ogre pos=93,80,28 hp=4906
living id=7193 type=toponovichthezombie pos=151,52,28 hp=4882
living id=7194 type=snickerbladewizard pos=158,81,28 hp=3356
living id=7195 type=infectedzombie pos=142,139,28 hp=2339
living id=7196 type=cavetroll pos=193,109,28 hp=2774
living id=7197 type=blueslime pos=3,60,28 hp=1904
living id=7198 type=weretiger pos=175,135,28 hp=5290
living id=7199 type=sikuthewolf pos=172,106,28 hp=2842
living id=7200 type=werewolf pos=59,40,28 hp=1852
living id=7201 type=humethealmightyogre pos=97,113,28 hp=5279
living id=7202 type=nusepthegoblinking pos=128,166,28 hp=2077
living id=7203 type=snickerbladewizard pos=160,101,28 hp=3379
living id=7204 type=theburningpet pos=133,167,28 hp=10228
living id=7206 type=draukthehobgoblinking pos=92,22,28 hp=3020
living id=7207 type=weretiger pos=161,105,28 hp=7064
living id=7208 type=weretiger pos=79,134,28 hp=5606
living id=7209 type=zombie pos=163,154,28 hp=2559
living id=7210 type=evilturtle pos=83,157,28 hp=1866
living id=7211 type=toponovichthezombie pos=179,24,28 hp=4439
living id=7212 type=sneakyghoul pos=54,10,28 hp=4380
living id=7213 type=weretiger pos=12,131,28 hp=6740
living id=7214 type=vampire pos=81,21,28 hp=1314
living id=7215 type=spiderqueen pos=30,32,28 hp=1770
living id=7216 type=infectedzombie pos=114,71,28 hp=2432
living id=7217 type=gaskonetheghoul pos=80,113,28 hp=2136
living id=7218 type=zombie pos=111,49,28 hp=2350
living id=7219 type=snickerbladewizard pos=73,37,28 hp=3356
living id=7220 type=sikuthewolf pos=19,75,28 hp=2658
living id=7221 type=infectedzombie pos=178,97,28 hp=2366
living id=7222 type=evilturtle pos=152,125,28 hp=2337
living id=7223 type=nusepthegoblinking pos=175,48,28 hp=2416
living id=7224 type=gaskonetheghoul pos=166,132,28 hp=1895
living id=7225 type=weretiger pos=13,18,28 hp=5756
living id=7226 type=wolfy pos=168,111,28 hp=1587
living id=7227 type=sikuthewolf pos=123,147,28 hp=3085
living id=7228 type=cavetroll pos=193,22,28 hp=2773
living id=7229 type=draukthehobgoblinking pos=185,75,28 hp=4001
living id=7230 type=zombie pos=162,109,28 hp=3289
living id=7231 type=nexythesnickeredge pos=112,103,28 hp=2592
living id=7232 type=draukthehobgoblinking pos=163,48,28 hp=2976
living id=7233 type=firehead pos=59,7,28 hp=2007
living id=7235 type=stonetroll pos=136,29,28 hp=6601
living id=7237 type=nexythesnickeredge pos=10,57,28 hp=2933
living id=7238 type=ogre pos=50,194,28 hp=5059
living id=7239 type=snickerbladewizard pos=4,60,28 hp=3372
living id=7240 type=snickerbladewizard pos=190,76,28 hp=3360
living id=7241 type=nexythesnickeredge pos=178,84,28 hp=1920
living id=7242 type=snickerblade pos=104,31,28 hp=1992
living id=7243 type=humethealmightyogre pos=91,49,28 hp=6691
living id=7244 type=draukthehobgoblinking pos=113,103,28 hp=3384
living id=7245 type=firehead pos=81,76,28 hp=1752
living id=7247 type=sikuthewolf pos=35,195,28 hp=3049
living id=7248 type=lustyogre pos=68,143,28 hp=6625
living id=7249 type=werewolf pos=135,179,28 hp=1824
living id=7250 type=stonetroll pos=59,184,28 hp=5825
living id=7252 type=firehead pos=5,167,28 hp=1716
living id=7254 type=stonegolem pos=120,161,28 hp=6619
living id=7255 type=stonegolem pos=136,138,28 hp=6594
living id=7256 type=sneakyghoul pos=139,7,28 hp=4417
living id=7257 type=sikuthewolf pos=16,63,28 hp=2404
living id=7258 type=vampire pos=28,81,28 hp=1285
living id=7259 type=stonetroll pos=71,138,28 hp=7355
living id=7261 type=ogre pos=171,193,28 hp=5991
living id=7262 type=humethealmightyogre pos=186,174,28 hp=6551
living id=7263 type=toponovichthezombie pos=104,71,28 hp=4629
living id=7264 type=wolfy pos=130,97,28 hp=1615
living id=7265 type=ghoul pos=6,17,28 hp=918
living id=7266 type=humethealmightyogre pos=42,54,28 hp=6595
living id=7267 type=irongolem pos=125,19,28 hp=7347
living id=7268 type=berserkertroll pos=145,22,28 hp=4890
living id=7269 type=cavetroll pos=47,71,28 hp=2821
living id=7270 type=theburningpet pos=8,71,28 hp=9514
living id=7272 type=stonetroll pos=21,172,28 hp=6845
living id=7274 type=nusepthegoblinking pos=115,140,28 hp=1835
living id=7275 type=irongolem pos=104,155,28 hp=9236
living id=7276 type=weretiger pos=110,183,28 hp=6010
living id=7277 type=ogre pos=103,151,28 hp=6072
living id=7278 type=irongolem pos=12,133,28 hp=8636
living id=7279 type=evilturtle pos=45,110,28 hp=2075
living id=7280 type=gaskonetheghoul pos=5,93,28 hp=2023
living id=7281 type=snickerbladewizard pos=87,175,28 hp=3386
living id=7282 type=ogre pos=58,8,28 hp=4730
living id=7283 type=gaskonetheghoul pos=130,142,28 hp=2298
living id=7284 type=gaskonetheghoul pos=60,132,28 hp=1890
living id=7285 type=berserkertroll pos=64,183,28 hp=4863
living id=7286 type=blueslime pos=143,142,28 hp=2102
living id=7287 type=humethealmightyogre pos=116,5,28 hp=5995
living id=7288 type=berserkertroll pos=112,71,28 hp=5083
living id=7289 type=toponovichthezombie pos=195,10,28 hp=3878
living id=7290 type=humethealmightyogre pos=42,107,28 hp=6789
living id=7291 type=cavetroll pos=75,95,28 hp=2805
living id=7292 type=infectedzombie pos=37,26,28 hp=2383
living id=7293 type=nusepthegoblinking pos=18,8,28 hp=2304
living id=7294 type=blueslime pos=111,169,28 hp=1762
living id=7295 type=gaskonetheghoul pos=110,27,28 hp=1862
living id=7296 type=sikuthewolf pos=144,176,28 hp=3300
living id=7297 type=zombie pos=187,54,28 hp=2774
living id=7298 type=weretiger pos=14,82,28 hp=7043
living id=7299 type=nexythesnickeredge pos=84,19,28 hp=3096
living id=7300 type=toponovichthezombie pos=55,6,28 hp=4199
living id=7301 type=draukthehobgoblinking pos=115,85,28 hp=3497
living id=7302 type=berserkertroll pos=82,119,28 hp=4584
living id=7303 type=sneakyghoul pos=46,66,28 hp=4330
living id=7304 type=draukthehobgoblinking pos=8,69,28 hp=2746
living id=7305 type=zombie pos=8,163,28 hp=3284
living id=7306 type=sneakyghoul pos=104,156,28 hp=4310
living id=7307 type=lustyogre pos=162,1,28 hp=6205
living id=7308 type=gaskonetheghoul pos=126,59,28 hp=1856
living id=7309 type=zombie pos=151,36,28 hp=3574
living id=7310 type=nusepthegoblinking pos=144,141,28 hp=2526
living id=7311 type=sneakyghoul pos=196,84,28 hp=4549
living id=7312 type=firehead pos=100,37,28 hp=1758
living id=7314 type=snickerblade pos=168,183,28 hp=1919
living id=7315 type=sikuthewolf pos=117,61,28 hp=2700
living id=7316 type=nexythesnickeredge pos=185,149,28 hp=2306
living id=7317 type=cavetroll pos=21,69,28 hp=3245
living id=7318 type=irongolem pos=67,187,28 hp=9413
living id=7319 type=ogre pos=58,97,28 hp=5121
living id=7320 type=humethealmightyogre pos=87,41,28 hp=6325
living id=7321 type=ghoul pos=189,127,28 hp=785
living id=7322 type=weretiger pos=181,18,28 hp=5524
living id=7323 type=weretiger pos=175,67,28 hp=6897
living id=7324 type=humethealmightyogre pos=52,80,28 hp=5564
living id=7325 type=nexythesnickeredge pos=163,195,28 hp=2717
living id=7326 type=wolfy pos=91,61,28 hp=1744
living id=7327 type=cavetroll pos=80,40,28 hp=2904
living id=7328 type=weretiger pos=139,45,28 hp=7090
living id=7329 type=firehead pos=18,186,28 hp=1906
living id=7331 type=gaskonetheghoul pos=188,119,28 hp=2218
living id=7332 type=snickerbladewizard pos=91,24,28 hp=3362
living id=7333 type=irongolem pos=150,7,28 hp=7643
living id=7334 type=cavetroll pos=78,148,28 hp=3226
living id=7335 type=snickerbladewizard pos=173,164,28 hp=3279
living id=7336 type=ghoul pos=102,98,28 hp=808
living id=7337 type=sneakyghoul pos=137,84,28 hp=4375
living id=7338 type=draukthehobgoblinking pos=97,32,28 hp=3483
living id=7339 type=nusepthegoblinking pos=1,78,28 hp=2426
living id=7340 type=firehead pos=11,106,28 hp=1843
living id=7342 type=evilturtle pos=86,11,28 hp=2422
living id=7343 type=theburningpet pos=41,50,28 hp=7785
living id=7345 type=stonetroll pos=71,71,28 hp=7042
living id=7347 type=cavetroll pos=143,189,28 hp=3048
living id=7348 type=stonetroll pos=77,92,28 hp=5968
living id=7350 type=draukthehobgoblinking pos=154,116,28 hp=2753
living id=7351 type=snickerblade pos=126,75,28 hp=2021
living id=7352 type=vampire pos=68,115,28 hp=1106
living id=7353 type=firehead pos=25,61,28 hp=2256
living id=7355 type=firehead pos=23,165,28 hp=1754
living id=7357 type=zombie pos=108,110,28 hp=2522
living id=7358 type=humethealmightyogre pos=157,86,28 hp=6695
living id=7359 type=draukthehobgoblinking pos=155,122,28 hp=2766
living id=7360 type=firehead pos=166,129,28 hp=1823
living id=7362 type=stonetroll pos=180,164,28 hp=5933
living id=7364 type=berserkertroll pos=108,78,28 hp=4882
living id=7365 type=weretiger pos=171,137,28 hp=6542
living id=7366 type=theburningpet pos=45,137,28 hp=8058
living id=7368 type=lustyogre pos=96,27,28 hp=5929
living id=7369 type=blueslime pos=104,129,28 hp=1883
living id=7370 type=firehead pos=16,73,28 hp=1768
living id=7372 type=evilturtle pos=138,186,28 hp=2212
living id=7373 type=nusepthegoblinking pos=77,146,28 hp=2349
living id=7374 type=wolfy pos=188,150,28 hp=1722
living id=7375 type=stonegolem pos=14,114,28 hp=7666
living id=7376 type=snickerbladewizard pos=118,149,28 hp=3388
living id=7377 type=nexythesnickeredge pos=45,95,28 hp=2067
living id=7378 type=snickerblade pos=3,10,28 hp=2044
living id=7379 type=weretiger pos=124,44,28 hp=5382
living id=7380 type=infectedzombie pos=159,137,28 hp=2546
living id=7381 type=toponovichthezombie pos=162,25,28 hp=4028
living id=7382 type=blueslime pos=95,100,28 hp=2042
living id=7383 type=blueslime pos=70,195,28 hp=1985
living id=7384 type=werewolf pos=50,109,28 hp=1429
living id=7385 type=firehead pos=133,21,28 hp=2259
living id=7387 type=lustyogre pos=16,97,28 hp=6423
living id=7388 type=ogre pos=185,175,28 hp=5114
living id=7389 type=weretiger pos=176,198,28 hp=6230
living id=7390 type=zombie pos=83,126,28 hp=3466
living id=7391 type=snickerbladewizard pos=7,97,28 hp=3349
living id=7392 type=gaskonetheghoul pos=117,59,28 hp=2121
living id=7393 type=draukthehobgoblinking pos=92,43,28 hp=3994
living id=7394 type=ghoul pos=24,41,28 hp=1318
living id=7395 type=lustyogre pos=5,184,28 hp=5962
living id=7396 type=stonegolem pos=10,146,28 hp=6608
living id=7397 type=zombie pos=44,114,28 hp=3516
living id=7398 type=sneakyghoul pos=81,18,28 hp=4394
living id=7399 type=cavetroll pos=129,167,28 hp=3190
living id=7400 type=snickerblade pos=182,54,28 hp=1677
living id=7401 type=draukthehobgoblinking pos=110,156,28 hp=2803
living id=7402 type=lustyogre pos=82,43,28 hp=5101
living id=7403 type=spiderqueen pos=168,63,28 hp=1437
living id=7404 type=nexythesnickeredge pos=45,90,28 hp=2466
living id=7405 type=berserkertroll pos=62,135,28 hp=3906
living id=7406 type=ogre pos=135,142,28 hp=5463
living id=7407 type=toponovichthezombie pos=13,182,28 hp=3934
living id=7408 type=stonetroll pos=66,32,28 hp=6248
living id=7410 type=sneakyghoul pos=168,108,28 hp=4408
living id=7411 type=theburningpet pos=99,6,28 hp=9101
living id=7413 type=lustyogre pos=156,85,28 hp=5214
living id=7414 type=toponovichthezombie pos=54,48,28 hp=4293
living id=7415 type=toponovichthezombie pos=55,193,28 hp=3880
living id=7416 type=cavetroll pos=8,53,28 hp=2932
living id=7417 type=draukthehobgoblinking pos=74,61,28 hp=4399
living id=7418 type=humethealmightyogre pos=191,79,28 hp=6160
living id=7419 type=ogre pos=168,92,28 hp=5213
living id=7420 type=blueslime pos=76,104,28 hp=2150
living id=7421 type=blueslime pos=6,84,28 hp=1705
living id=7422 type=snickerbladewizard pos=169,67,28 hp=3332
living id=7423 type=zombie pos=138,48,28 hp=2992
living id=7424 type=gaskonetheghoul pos=14,20,28 hp=2063
living id=7425 type=vampire pos=38,2,28 hp=1255
living id=7426 type=nexythesnickeredge pos=45,180,28 hp=2421
living id=7427 type=nexythesnickeredge pos=174,161,28 hp=2614
living id=7428 type=nusepthegoblinking pos=161,194,28 hp=2067
living id=7429 type=cavetroll pos=136,70,28 hp=3118
living id=7430 type=ogre pos=177,28,28 hp=4873
living id=7431 type=stonegolem pos=103,148,28 hp=7730
living id=7432 type=werewolf pos=178,67,28 hp=1444
living id=7433 type=stonetroll pos=54,26,28 hp=6164
living id=7435 type=snickerblade pos=8,165,28 hp=2165
living id=7436 type=cavetroll pos=125,153,28 hp=2854
living id=7437 type=firehead pos=74,94,28 hp=1890
living id=7439 type=werewolf pos=195,183,28 hp=1859
living id=7440 type=stonetroll pos=88,156,28 hp=7102
living id=7442 type=cavetroll pos=81,103,28 hp=3185
living id=7443 type=toponovichthezombie pos=7,7,28 hp=3773
living id=7444 type=werewolf pos=15,166,28 hp=1862
living id=7445 type=stonegolem pos=8,16,28 hp=6745
living id=7446 type=blueslime pos=196,74,28 hp=2045
living id=7447 type=humethealmightyogre pos=158,178,28 hp=6673
living id=7448 type=ghoul pos=192,44,28 hp=963
living id=7449 type=werewolf pos=27,38,28 hp=1749
living id=7450 type=humethealmightyogre pos=43,93,28 hp=5602
living id=7451 type=nexythesnickeredge pos=113,116,28 hp=1934
living id=7452 type=nexythesnickeredge pos=49,163,28 hp=2748
living id=7453 type=blueslime pos=99,83,28 hp=1848
living id=7454 type=cavetroll pos=10,55,28 hp=2743
living id=7455 type=sikuthewolf pos=37,165,28 hp=2977
living id=7456 type=nexythesnickeredge pos=192,150,28 hp=2062
living id=7457 type=humethealmightyogre pos=85,119,28 hp=6298
living id=7458 type=gaskonetheghoul pos=86,167,28 hp=1830
living id=7459 type=vampire pos=121,83,28 hp=1119
living id=7460 type=firehead pos=131,56,28 hp=2178
living id=7462 type=snickerbladewizard pos=131,8,28 hp=3367
living id=7463 type=cavetroll pos=136,138,28 hp=2889
living id=7464 type=humethealmightyogre pos=182,173,28 hp=6721
living id=7465 type=infectedzombie pos=140,92,28 hp=2431
living id=7466 type=ghoul pos=158,156,28 hp=1053
living id=7467 type=ogre pos=87,91,28 hp=6088
living id=7468 type=snickerbladewizard pos=73,69,28 hp=3324
living id=7469 type=sikuthewolf pos=150,44,28 hp=3037
living id=7470 type=berserkertroll pos=168,182,28 hp=4369
living id=7471 type=infectedzombie pos=193,19,28 hp=2263
living id=7472 type=snickerbladewizard pos=1,47,28 hp=3266
living id=7473 type=lustyogre pos=91,144,28 hp=5932
living id=7474 type=blueslime pos=156,83,28 hp=2139
living id=7475 type=zombie pos=22,112,28 hp=3543
living id=7476 type=spiderqueen pos=13,154,28 hp=1554
living id=7477 type=infectedzombie pos=37,178,28 hp=2878
living id=7478 type=ogre pos=75,107,28 hp=4885
living id=7479 type=weretiger pos=62,12,28 hp=6308
living id=7480 type=humethealmightyogre pos=104,37,28 hp=6699
living id=7481 type=humethealmightyogre pos=46,117,28 hp=6659
living id=7482 type=humethealmightyogre pos=41,97,28 hp=6463
living id=7483 type=toponovichthezombie pos=48,50,28 hp=4381
living id=7484 type=stonetroll pos=69,143,28 hp=6795
living id=7486 type=draukthehobgoblinking pos=87,156,28 hp=2728
living id=7487 type=gaskonetheghoul pos=150,39,28 hp=1881
living id=7488 type=sneakyghoul pos=160,152,28 hp=4359
living id=7489 type=snickerblade pos=174,157,28 hp=2133
living id=7490 type=zombie pos=16,32,28 hp=3351
living id=7491 type=vampire pos=121,136,28 hp=1203
living id=7492 type=berserkertroll pos=125,44,28 hp=4178
living id=7493 type=vampire pos=35,163,28 hp=1243
living id=7494 type=firehead pos=153,182,28 hp=2290
living id=7496 type=snickerbladewizard pos=124,64,28 hp=3395
living id=7497 type=snickerbladewizard pos=134,106,28 hp=3365
living id=7498 type=snickerbladewizard pos=74,164,28 hp=3271
living id=7499 type=nusepthegoblinking pos=126,122,28 hp=1899
living id=7500 type=vampire pos=15,70,28 hp=1240
living id=7501 type=infectedzombie pos=155,66,28 hp=2457
living id=7502 type=vampire pos=148,35,28 hp=1215
living id=7503 type=infectedzombie pos=96,162,28 hp=2300
living id=7504 type=vampire pos=46,47,28 hp=1054
living id=7505 type=evilturtle pos=121,136,28 hp=2320
living id=7506 type=snickerbladewizard pos=192,77,28 hp=3259
living id=7507 type=wolfy pos=131,134,28 hp=1797
living id=7508 type=theburningpet pos=79,81,28 hp=7947
living id=7510 type=werewolf pos=23,155,28 hp=1320
living id=7511 type=infectedzombie pos=19,41,28 hp=2473
living id=7512 type=zombie pos=62,153,28 hp=3537
living id=7513 type=blueslime pos=42,124,28 hp=1942
living id=7514 type=sneakyghoul pos=192,94,28 hp=4272
living id=7515 type=draukthehobgoblinking pos=24,11,28 hp=2744
living id=7516 type=stonetroll pos=45,77,28 hp=6703
living id=7518 type=wolfy pos=107,78,28 hp=1531
living id=7519 type=nusepthegoblinking pos=53,90,28 hp=1996
living id=7520 type=irongolem pos=174,181,28 hp=7501
living id=7521 type=draukthehobgoblinking pos=79,35,28 hp=3213
living id=7522 type=stonetroll pos=4,168,28 hp=6121
living id=7524 type=blueslime pos=4,59,28 hp=1811
living id=7525 type=nexythesnickeredge pos=112,33,28 hp=2146
living id=7526 type=ghoul pos=68,62,28 hp=1386
living id=7527 type=toponovichthezombie pos=18,145,28 hp=3933
living id=7528 type=draukthehobgoblinking pos=99,126,28 hp=2993
living id=7529 type=berserkertroll pos=155,110,28 hp=4063
living id=7530 type=nexythesnickeredge pos=116,183,28 hp=2553
living id=7531 type=wolfy pos=29,97,28 hp=1703
living id=7532 type=berserkertroll pos=44,97,28 hp=4244
living id=7533 type=wolfy pos=147,100,28 hp=2005
living id=7534 type=infectedzombie pos=83,148,28 hp=2177
living id=7535 type=infectedzombie pos=191,58,28 hp=2243
living id=7536 type=ogre pos=117,24,28 hp=5617
living id=7537 type=sneakyghoul pos=17,123,28 hp=4415
living id=7538 type=ghoul pos=44,184,28 hp=748
living id=7539 type=zombie pos=81,1,28 hp=3224
living id=7540 type=sneakyghoul pos=173,76,28 hp=4260
living id=7541 type=sikuthewolf pos=193,2,28 hp=2546
living id=7542 type=blueslime pos=97,132,28 hp=2115
living id=7543 type=humethealmightyogre pos=136,132,28 hp=5469
living id=7544 type=blueslime pos=162,79,28 hp=1822
living id=7545 type=ghoul pos=84,147,28 hp=845
living id=7546 type=infectedzombie pos=195,35,28 hp=2698
living id=7547 type=berserkertroll pos=198,190,28 hp=4291
living id=7548 type=sikuthewolf pos=152,33,28 hp=2435
living id=7549 type=nusepthegoblinking pos=78,150,28 hp=1975
living id=7550 type=sikuthewolf pos=112,195,28 hp=3180
living id=7551 type=cavetroll pos=158,29,28 hp=3068
living id=7552 type=weretiger pos=138,186,28 hp=5760
living id=7553 type=nexythesnickeredge pos=33,30,28 hp=2226
living id=7554 type=blueslime pos=24,165,28 hp=1755
living id=7555 type=vampire pos=129,85,28 hp=1102
living id=7556 type=cavetroll pos=57,27,28 hp=2948
living id=7557 type=nexythesnickeredge pos=109,28,28 hp=3060
living id=7558 type=blueslime pos=148,52,28 hp=1766
living id=7559 type=weretiger pos=128,17,28 hp=6583
living id=7560 type=draukthehobgoblinking pos=44,126,28 hp=3661
living id=7561 type=vampire pos=178,98,28 hp=1151
living id=7562 type=nusepthegoblinking pos=190,185,28 hp=2192
living id=7563 type=sneakyghoul pos=131,43,28 hp=4505
living id=7564 type=firehead pos=136,186,28 hp=1876
living id=7566 type=firehead pos=33,54,28 hp=2107
living id=7568 type=snickerbladewizard pos=143,55,28 hp=3381
living id=7569 type=firehead pos=80,195,28 hp=1838
living id=7571 type=sikuthewolf pos=159,146,28 hp=2984
living id=7572 type=blueslime pos=197,163,28 hp=1631
living id=7573 type=nusepthegoblinking pos=118,21,28 hp=2214
living id=7574 type=nexythesnickeredge pos=98,197,28 hp=2203
living id=7575 type=firehead pos=168,183,28 hp=1947
living id=7577 type=firehead pos=131,171,28 hp=2014
living id=7579 type=snickerblade pos=19,47,28 hp=1939
living id=7580 type=stonegolem pos=100,166,28 hp=7358
living id=7581 type=nexythesnickeredge pos=4,192,28 hp=2086
living id=7582 type=sneakyghoul pos=80,187,28 hp=4268
living id=7583 type=wolfy pos=190,132,28 hp=1888
living id=7584 type=berserkertroll pos=177,194,28 hp=4797
living id=7585 type=nexythesnickeredge pos=188,42,28 hp=2402
living id=7586 type=zombie pos=178,25,28 hp=2806
living id=7587 type=snickerbladewizard pos=89,126,28 hp=3366
living id=7588 type=humethealmightyogre pos=80,71,28 hp=5340
living id=7589 type=toponovichthezombie pos=100,152,30 hp=4516
living id=7590 type=infectedzombie pos=64,177,30 hp=2773
living id=7591 type=toponovichthezombie pos=96,122,30 hp=4070
living id=7592 type=sneakyghoul pos=144,86,30 hp=4273
living id=7593 type=spiderqueen pos=10,65,30 hp=1565
living id=7594 type=lustyogre pos=25,159,30 hp=6505
living id=7595 type=vampire pos=41,34,30 hp=1152
living id=7596 type=cavetroll pos=50,168,30 hp=2793
living id=7597 type=sikuthewolf pos=86,157,30 hp=2940
living id=7598 type=stonetroll pos=9,37,30 hp=6524
living id=7600 type=stonetroll pos=104,101,30 hp=6829
living id=7602 type=cavetroll pos=188,177,30 hp=2831
living id=7603 type=humethealmightyogre pos=144,60,30 hp=5956
living id=7604 type=ogre pos=131,37,30 hp=4979
living id=7605 type=draukthehobgoblinking pos=63,183,30 hp=3045
living id=7606 type=sneakyghoul pos=40,73,30 hp=4376
living id=7607 type=ogre pos=47,83,30 hp=5845
living id=7608 type=sikuthewolf pos=141,82,30 hp=2971
living id=7609 type=wolfy pos=65,24,30 hp=1736
living id=7610 type=gaskonetheghoul pos=132,36,30 hp=2092
living id=7611 type=zombie pos=176,115,30 hp=3438
living id=7612 type=humethealmightyogre pos=77,181,30 hp=5424
living id=7613 type=draukthehobgoblinking pos=69,146,30 hp=4027
living id=7614 type=nexythesnickeredge pos=165,96,30 hp=2241
living id=7615 type=sikuthewolf pos=124,34,30 hp=2670
living id=7616 type=theburningpet pos=138,5,30 hp=8347
living id=7618 type=berserkertroll pos=82,155,30 hp=4005
living id=7619 type=humethealmightyogre pos=167,96,30 hp=5781
living id=7620 type=draukthehobgoblinking pos=32,19,30 hp=3962
living id=7621 type=ghoul pos=169,114,30 hp=1067
living id=7622 type=snickerbladewizard pos=72,55,30 hp=3400
living id=7623 type=gaskonetheghoul pos=185,109,30 hp=2123
living id=7624 type=wolfy pos=8,94,30 hp=2023
living id=7625 type=theburningpet pos=16,106,30 hp=8957
living id=7627 type=ogre pos=71,86,30 hp=6198
living id=7628 type=sikuthewolf pos=172,132,30 hp=3346
living id=7629 type=theburningpet pos=196,14,30 hp=8005
living id=7631 type=ogre pos=36,133,30 hp=5727
living id=7632 type=nusepthegoblinking pos=172,31,30 hp=2293
living id=7633 type=sneakyghoul pos=48,170,30 hp=4265
living id=7634 type=sneakyghoul pos=144,174,30 hp=4306
living id=7635 type=lustyogre pos=103,58,30 hp=5426
living id=7636 type=snickerbladewizard pos=62,183,30 hp=3392
living id=7637 type=spiderqueen pos=125,154,30 hp=1699
living id=7638 type=nexythesnickeredge pos=109,186,30 hp=2070
living id=7639 type=wolfy pos=101,117,30 hp=1973
living id=7640 type=lustyogre pos=11,142,30 hp=6554
living id=7641 type=ghoul pos=5,107,30 hp=1473
living id=7642 type=spiderqueen pos=54,21,30 hp=1767
living id=7643 type=berserkertroll pos=26,120,30 hp=4723
living id=7644 type=sikuthewolf pos=48,153,30 hp=3439
living id=7645 type=draukthehobgoblinking pos=186,163,30 hp=3805
living id=7646 type=sneakyghoul pos=195,8,30 hp=4410
living id=7647 type=sikuthewolf pos=49,14,30 hp=2604
living id=7648 type=theburningpet pos=0,184,30 hp=7971
living id=7650 type=irongolem pos=24,13,30 hp=9013
living id=7651 type=sikuthewolf pos=60,66,30 hp=3284
living id=7652 type=humethealmightyogre pos=88,191,30 hp=5014
living id=7653 type=stonegolem pos=92,189,30 hp=8127
living id=7654 type=sikuthewolf pos=14,92,30 hp=3379
living id=7655 type=ghoul pos=71,117,30 hp=1263
living id=7656 type=nexythesnickeredge pos=7,121,30 hp=2119
living id=7657 type=humethealmightyogre pos=111,119,30 hp=6801
living id=7658 type=vampire pos=68,184,30 hp=1235
living id=7659 type=stonegolem pos=102,51,30 hp=6711
living id=7660 type=sikuthewolf pos=8,42,30 hp=3445
living id=7661 type=toponovichthezombie pos=41,78,30 hp=4321
living id=7662 type=werewolf pos=151,174,30 hp=1483
living id=7663 type=gaskonetheghoul pos=15,109,30 hp=1852
living id=7664 type=stonegolem pos=151,158,30 hp=6210
living id=7665 type=cavetroll pos=146,28,30 hp=2824
living id=7666 type=irongolem pos=71,117,30 hp=9345
living id=7667 type=stonegolem pos=157,168,30 hp=5977
living id=7668 type=cavetroll pos=90,64,30 hp=2862
living id=7669 type=berserkertroll pos=152,176,30 hp=4641
living id=7670 type=sneakyghoul pos=33,60,30 hp=4312
living id=7671 type=werewolf pos=85,85,30 hp=1627
living id=7672 type=infectedzombie pos=1,185,30 hp=2918
living id=7673 type=weretiger pos=167,94,30 hp=5949
living id=7674 type=stonegolem pos=34,137,30 hp=6885
living id=7675 type=stonetroll pos=157,162,30 hp=7389
living id=7677 type=stonegolem pos=138,146,30 hp=7179
living id=7678 type=wolfy pos=36,109,30 hp=1545
living id=7679 type=infectedzombie pos=154,147,30 hp=2770
living id=7680 type=lustyogre pos=164,50,30 hp=6036
living id=7681 type=gaskonetheghoul pos=133,186,30 hp=1890
living id=7682 type=wolfy pos=196,92,30 hp=1987
living id=7683 type=cavetroll pos=92,67,30 hp=2843
living id=7684 type=weretiger pos=107,191,30 hp=6524
living id=7685 type=spiderqueen pos=122,154,30 hp=1552
living id=7686 type=toponovichthezombie pos=84,119,30 hp=4808
living id=7687 type=ogre pos=94,133,30 hp=5878
living id=7688 type=lustyogre pos=37,88,30 hp=5821
living id=7689 type=spiderqueen pos=11,63,30 hp=1514
living id=7690 type=stonetroll pos=57,72,30 hp=7055
living id=7692 type=sikuthewolf pos=30,178,30 hp=2917
living id=7693 type=nusepthegoblinking pos=126,60,30 hp=2125
living id=7694 type=draukthehobgoblinking pos=187,154,30 hp=3168
living id=7695 type=toponovichthezombie pos=33,131,30 hp=5055
living id=7696 type=humethealmightyogre pos=176,111,30 hp=6556
living id=7697 type=ghoul pos=173,39,30 hp=1228
living id=7698 type=nusepthegoblinking pos=38,180,30 hp=2051
living id=7699 type=sikuthewolf pos=9,40,30 hp=3230
living id=7700 type=theburningpet pos=36,39,30 hp=9431
living id=7702 type=nexythesnickeredge pos=18,62,30 hp=2548
living id=7703 type=theburningpet pos=46,4,30 hp=9792
living id=7705 type=draukthehobgoblinking pos=12,176,30 hp=3668
living id=7706 type=zombie pos=172,46,30 hp=3650
living id=7707 type=draukthehobgoblinking pos=94,105,30 hp=2695
living id=7708 type=stonetroll pos=11,145,30 hp=6426
living id=7710 type=ghoul pos=145,133,30 hp=956
living id=7711 type=spiderqueen pos=139,124,30 hp=1564
living id=7712 type=gaskonetheghoul pos=137,132,30 hp=1736
living id=7713 type=sneakyghoul pos=126,70,30 hp=4431
living id=7714 type=zombie pos=66,12,30 hp=2432
living id=7715 type=lustyogre pos=166,53,30 hp=5261
living id=7716 type=snickerbladewizard pos=33,47,30 hp=3325
living id=7717 type=spiderqueen pos=94,67,30 hp=1480
living id=7718 type=spiderqueen pos=137,5,30 hp=1533
living id=7719 type=wolfy pos=93,34,30 hp=2083
living id=7720 type=gaskonetheghoul pos=30,67,30 hp=1905
living id=7721 type=nusepthegoblinking pos=136,107,30 hp=2367
living id=7722 type=snickerbladewizard pos=61,155,30 hp=3335
living id=7723 type=cavetroll pos=128,11,30 hp=2911
living id=7724 type=berserkertroll pos=42,169,30 hp=4824
living id=7725 type=stonegolem pos=155,184,30 hp=7901
living id=7726 type=weretiger pos=188,119,30 hp=6309
living id=7727 type=nexythesnickeredge pos=162,84,30 hp=2034
living id=7728 type=snickerbladewizard pos=146,76,30 hp=3349
living id=7729 type=sikuthewolf pos=140,86,30 hp=3243
living id=7730 type=draukthehobgoblinking pos=130,152,30 hp=4177
living id=7731 type=stonetroll pos=147,184,30 hp=6226
living id=7733 type=zombie pos=66,192,30 hp=3054
living id=7734 type=ghoul pos=4,37,30 hp=933
living id=7735 type=nexythesnickeredge pos=67,101,30 hp=2495
living id=7736 type=humethealmightyogre pos=51,158,30 hp=6771
living id=7737 type=cavetroll pos=12,63,30 hp=3275
living id=7738 type=irongolem pos=153,32,30 hp=7419
living id=7739 type=nexythesnickeredge pos=102,193,30 hp=1957
living id=7740 type=weretiger pos=163,87,30 hp=6034
living id=7741 type=ogre pos=73,101,30 hp=6235
living id=7742 type=stonegolem pos=12,66,30 hp=6531
living id=7743 type=ogre pos=39,112,30 hp=5078
living id=7744 type=stonetroll pos=157,119,30 hp=6110
living id=7746 type=sneakyghoul pos=169,96,30 hp=4432
living id=7747 type=irongolem pos=91,186,30 hp=7838
living id=7748 type=weretiger pos=198,11,30 hp=5412
living id=7749 type=draukthehobgoblinking pos=49,17,30 hp=2746
living id=7750 type=zombie pos=174,108,30 hp=3054
living id=7751 type=nexythesnickeredge pos=172,152,30 hp=2075
living id=7752 type=draukthehobgoblinking pos=16,144,30 hp=3147
living id=7753 type=humethealmightyogre pos=45,48,30 hp=6123
living id=7754 type=sneakyghoul pos=154,152,30 hp=4321
living id=7755 type=draukthehobgoblinking pos=36,136,30 hp=4057
living id=7756 type=toponovichthezombie pos=18,56,30 hp=3802
living id=7757 type=toponovichthezombie pos=169,96,30 hp=4361
living id=7758 type=berserkertroll pos=164,58,30 hp=4780
living id=7759 type=sikuthewolf pos=46,45,30 hp=3432
living id=7760 type=lustyogre pos=105,161,30 hp=6809
living id=7761 type=wolfy pos=16,100,30 hp=1797
living id=7762 type=weretiger pos=12,58,30 hp=6206
living id=7763 type=weretiger pos=75,57,30 hp=6708
living id=7764 type=cavetroll pos=117,35,30 hp=3098
living id=7765 type=sneakyghoul pos=120,118,30 hp=4380
living id=7766 type=theburningpet pos=124,153,30 hp=10046
living id=7768 type=draukthehobgoblinking pos=157,164,30 hp=3478
living id=7769 type=vampire pos=70,36,30 hp=1323
living id=7770 type=irongolem pos=47,100,30 hp=9437
living id=7771 type=gaskonetheghoul pos=3,35,30 hp=1872
living id=7772 type=sikuthewolf pos=46,47,30 hp=3012
living id=7773 type=cavetroll pos=132,154,30 hp=3143
living id=7774 type=snickerbladewizard pos=81,139,30 hp=3274
living id=7775 type=vampire pos=185,120,30 hp=1316
living id=7776 type=snickerbladewizard pos=64,20,30 hp=3345
living id=7777 type=humethealmightyogre pos=88,43,30 hp=5732
living id=7778 type=nexythesnickeredge pos=61,63,30 hp=1956
living id=7779 type=theburningpet pos=49,167,30 hp=8826
living id=7781 type=humethealmightyogre pos=76,139,30 hp=6500
living id=7782 type=sneakyghoul pos=24,88,30 hp=4305
living id=7783 type=ghoul pos=157,28,30 hp=839
living id=7784 type=humethealmightyogre pos=100,106,30 hp=5606
living id=7785 type=nusepthegoblinking pos=152,123,30 hp=2232
living id=7786 type=vampire pos=53,152,30 hp=1180
living id=7787 type=infectedzombie pos=145,183,30 hp=2489
living id=7788 type=humethealmightyogre pos=110,6,30 hp=6004
living id=7789 type=draukthehobgoblinking pos=46,44,30 hp=2841
living id=7790 type=cavetroll pos=5,99,30 hp=3026
living id=7791 type=stonetroll pos=74,153,30 hp=6037
living id=7793 type=nexythesnickeredge pos=36,59,30 hp=2627
living id=7794 type=irongolem pos=33,46,30 hp=8284
living id=7795 type=stonetroll pos=47,169,30 hp=6796
living id=7797 type=stonetroll pos=65,2,30 hp=7066
living id=7799 type=stonetroll pos=19,63,30 hp=7254
living id=7801 type=weretiger pos=106,59,30 hp=6985
living id=7802 type=berserkertroll pos=106,80,30 hp=4272
living id=7803 type=lustyogre pos=63,34,30 hp=6308
living id=7804 type=weretiger pos=193,11,30 hp=6051
living id=7805 type=werewolf pos=125,153,30 hp=1880
living id=7806 type=theburningpet pos=78,110,30 hp=8341
living id=7808 type=vampire pos=7,113,30 hp=1177
living id=7809 type=ghoul pos=117,53,30 hp=910
living id=7810 type=wolfy pos=140,88,30 hp=1602
living id=7811 type=humethealmightyogre pos=98,8,30 hp=5729
living id=7812 type=berserkertroll pos=94,37,30 hp=5049
living id=7813 type=nusepthegoblinking pos=25,68,30 hp=1890
living id=7814 type=ogre pos=114,35,30 hp=5212
living id=7815 type=nexythesnickeredge pos=14,145,30 hp=3060
living id=7816 type=sikuthewolf pos=197,90,30 hp=3399
living id=7817 type=lustyogre pos=34,93,30 hp=5164
living id=7818 type=berserkertroll pos=11,67,30 hp=5015
living id=7819 type=ogre pos=106,184,30 hp=5481
living id=7820 type=humethealmightyogre pos=39,77,30 hp=5667
living id=7821 type=humethealmightyogre pos=172,95,30 hp=5848
living id=7822 type=stonegolem pos=154,32,30 hp=7467
living id=7823 type=spiderqueen pos=28,90,30 hp=1368
living id=7824 type=stonetroll pos=136,137,30 hp=6380
living id=7826 type=weretiger pos=105,180,30 hp=5429
living id=7827 type=zombie pos=175,147,30 hp=2961
living id=7828 type=snickerbladewizard pos=129,189,30 hp=3287
living id=7829 type=sneakyghoul pos=123,39,30 hp=4444
living id=7830 type=vampire pos=26,120,30 hp=1076
living id=7831 type=gaskonetheghoul pos=29,23,30 hp=2159
living id=7832 type=theburningpet pos=110,80,30 hp=9443
living id=7834 type=gaskonetheghoul pos=34,140,30 hp=1962
living id=7835 type=werewolf pos=154,29,30 hp=1765
living id=7836 type=toponovichthezombie pos=168,111,30 hp=4696
living id=7837 type=draukthehobgoblinking pos=75,158,30 hp=3292
living id=7838 type=lustyogre pos=198,15,30 hp=6338
living id=7839 type=wolfy pos=173,150,30 hp=2040
living id=7840 type=irongolem pos=4,180,30 hp=9260
living id=7841 type=zombie pos=142,50,30 hp=2588
living id=7842 type=sikuthewolf pos=162,144,30 hp=2851
living id=7843 type=zombie pos=118,67,30 hp=3478
living id=7844 type=stonetroll pos=150,121,30 hp=7099
living id=7846 type=infectedzombie pos=44,24,30 hp=2448
living id=7847 type=werewolf pos=154,28,30 hp=1568
living id=7848 type=draukthehobgoblinking pos=144,176,30 hp=4297
living id=7849 type=toponovichthezombie pos=16,68,30 hp=4575
living id=7850 type=ghoul pos=165,41,30 hp=843
living id=7851 type=humethealmightyogre pos=147,160,30 hp=6524
living id=7852 type=spiderqueen pos=133,38,30 hp=1787
living id=7853 type=irongolem pos=189,158,30 hp=7662
living id=7854 type=weretiger pos=124,119,30 hp=6543
living id=7855 type=humethealmightyogre pos=41,74,30 hp=6421
living id=7856 type=sneakyghoul pos=33,16,30 hp=4368
living id=7857 type=stonetroll pos=171,125,30 hp=6928
living id=7859 type=cavetroll pos=72,164,30 hp=2830
living id=7860 type=werewolf pos=5,183,30 hp=1570
living id=7861 type=gaskonetheghoul pos=117,119,30 hp=1725
living id=7862 type=werewolf pos=96,119,30 hp=1632
living id=7863 type=ghoul pos=74,193,30 hp=826
living id=7864 type=sneakyghoul pos=20,111,30 hp=4360
living id=7865 type=toponovichthezombie pos=100,134,30 hp=4459
living id=7866 type=vampire pos=175,108,30 hp=1289
living id=7867 type=werewolf pos=121,122,30 hp=1429
living id=7868 type=stonegolem pos=116,5,30 hp=7229
living id=7869 type=draukthehobgoblinking pos=159,168,30 hp=2667
living id=7870 type=ghoul pos=10,57,30 hp=1254
living id=7871 type=infectedzombie pos=13,170,30 hp=2236
living id=7872 type=wolfy pos=63,53,30 hp=1767
living id=7873 type=snickerbladewizard pos=52,152,30 hp=3340
living id=7874 type=humethealmightyogre pos=41,30,30 hp=6008
living id=7875 type=sneakyghoul pos=137,84,30 hp=4260
living id=7876 type=stonegolem pos=196,110,30 hp=6205
living id=7877 type=zombie pos=73,31,30 hp=2348
living id=7878 type=cavetroll pos=72,68,30 hp=2902
living id=7879 type=humethealmightyogre pos=111,137,30 hp=5925
living id=7880 type=ghoul pos=195,84,30 hp=987
living id=7881 type=infectedzombie pos=72,121,30 hp=2300
living id=7882 type=werewolf pos=162,154,30 hp=1882
living id=7883 type=humethealmightyogre pos=78,139,30 hp=6423
living id=7884 type=nexythesnickeredge pos=46,108,30 hp=3119
living id=7885 type=nusepthegoblinking pos=165,82,30 hp=2305
living id=7886 type=spiderqueen pos=112,79,30 hp=1418
living id=7887 type=weretiger pos=45,137,30 hp=6916
living id=7888 type=lustyogre pos=119,104,30 hp=6242
living id=7889 type=stonetroll pos=172,111,30 hp=5971
living id=7891 type=werewolf pos=127,40,30 hp=1499
living id=7892 type=vampire pos=25,155,30 hp=1099
living id=7893 type=werewolf pos=40,36,30 hp=1505
living id=7894 type=berserkertroll pos=72,103,30 hp=5008
living id=7895 type=theburningpet pos=76,187,30 hp=8172
living id=7897 type=humethealmightyogre pos=49,110,30 hp=6219
living id=7898 type=cavetroll pos=134,57,30 hp=3000
living id=7899 type=spiderqueen pos=11,115,30 hp=1538
living id=7900 type=vampire pos=139,134,30 hp=1294
living id=7901 type=ghoul pos=87,25,30 hp=1094
living id=7902 type=cavetroll pos=121,156,30 hp=3015
living id=7903 type=zombie pos=24,161,30 hp=3654
living id=7904 type=draukthehobgoblinking pos=5,183,30 hp=3805
living id=7905 type=gaskonetheghoul pos=91,190,30 hp=1746
living id=7906 type=stonetroll pos=10,38,30 hp=7112
living id=7908 type=cavetroll pos=156,122,30 hp=3124
living id=7909 type=infectedzombie pos=70,47,30 hp=2209
living id=7910 type=irongolem pos=108,157,30 hp=8076
living id=7911 type=ogre pos=164,88,30 hp=5865
living id=7912 type=toponovichthezombie pos=87,65,30 hp=4909
living id=7913 type=gaskonetheghoul pos=18,138,30 hp=2042
living id=7914 type=nexythesnickeredge pos=131,186,30 hp=2102
living id=7915 type=irongolem pos=96,120,30 hp=7886
living id=7916 type=infectedzombie pos=108,81,30 hp=2901
living id=7917 type=nexythesnickeredge pos=22,181,30 hp=3102
living id=7918 type=stonetroll pos=54,26,30 hp=5981
living id=7920 type=werewolf pos=40,38,30 hp=1456
living id=7921 type=ghoul pos=183,180,30 hp=1261
living id=7922 type=vampire pos=39,32,30 hp=1292
living id=7923 type=ogre pos=122,31,30 hp=4798
living id=7924 type=sikuthewolf pos=96,191,30 hp=2395
living id=7925 type=nusepthegoblinking pos=29,22,30 hp=2055
living id=7926 type=nusepthegoblinking pos=29,181,30 hp=2262
living id=7927 type=ghoul pos=5,37,30 hp=972
living id=7928 type=wolfy pos=128,166,30 hp=1777
living id=7929 type=ogre pos=24,15,30 hp=4942
living id=7930 type=ogre pos=178,109,30 hp=4897
living id=7931 type=stonetroll pos=81,113,30 hp=6862
living id=7933 type=ogre pos=127,11,30 hp=5433
living id=7934 type=berserkertroll pos=160,87,30 hp=4929
living id=7935 type=humethealmightyogre pos=71,155,30 hp=5767
living id=7936 type=theburningpet pos=187,159,30 hp=9454
living id=7938 type=nusepthegoblinking pos=53,50,30 hp=1884
living id=7939 type=irongolem pos=120,114,30 hp=8571
living id=7940 type=irongolem pos=80,137,30 hp=8551
living id=7941 type=werewolf pos=136,110,30 hp=1430
living id=7942 type=humethealmightyogre pos=147,86,30 hp=5933
living id=7943 type=ogre pos=79,176,30 hp=5657
living id=7944 type=sneakyghoul pos=70,176,30 hp=4434
living id=7945 type=vampire pos=79,109,30 hp=1139
living id=7946 type=gaskonetheghoul pos=159,30,30 hp=2217
living id=7947 type=werewolf pos=45,47,30 hp=1536
living id=7948 type=snickerbladewizard pos=75,189,30 hp=3270
living id=7949 type=ogre pos=111,35,30 hp=4848
living id=7950 type=infectedzombie pos=54,69,30 hp=2778
living id=7951 type=nusepthegoblinking pos=159,5,30 hp=2484
living id=7952 type=sikuthewolf pos=70,60,30 hp=2427
living id=7953 type=sneakyghoul pos=84,164,30 hp=4254
living id=7954 type=irongolem pos=45,159,30 hp=9616
living id=7955 type=toponovichthezombie pos=67,51,30 hp=4953
living id=7956 type=toponovichthezombie pos=20,57,30 hp=4492
living id=7957 type=draukthehobgoblinking pos=93,85,30 hp=3729
living id=7958 type=gaskonetheghoul pos=34,112,30 hp=2099
living id=7959 type=sikuthewolf pos=159,167,30 hp=3200
living id=7960 type=spiderqueen pos=93,35,30 hp=1655
living id=7961 type=werewolf pos=91,55,30 hp=1827
living id=7962 type=cavetroll pos=87,49,30 hp=3123
living id=7963 type=snickerbladewizard pos=68,176,30 hp=3305
living id=7964 type=lustyogre pos=116,7,30 hp=5513
living id=7965 type=stonetroll pos=63,14,30 hp=6945
living id=7967 type=wolfy pos=13,64,30 hp=1555
living id=7968 type=nexythesnickeredge pos=28,175,30 hp=1891
living id=7969 type=wolfy pos=86,26,30 hp=1592
living id=7970 type=weretiger pos=54,86,30 hp=5565
living id=7971 type=vampire pos=196,11,30 hp=1344
living id=7972 type=vampire pos=71,183,30 hp=1341
living id=7973 type=stonegolem pos=46,43,30 hp=6729
living id=7974 type=irongolem pos=172,114,30 hp=9380
living id=7975 type=ogre pos=141,124,30 hp=5250
living id=7976 type=irongolem pos=160,119,30 hp=7231
living id=7977 type=infectedzombie pos=128,106,30 hp=2325
living id=7978 type=irongolem pos=182,175,30 hp=9317
living id=7979 type=berserkertroll pos=127,37,30 hp=4411
living id=7980 type=spiderqueen pos=54,70,30 hp=1656
living id=7981 type=humethealmightyogre pos=27,20,30 hp=5719
living id=7982 type=vampire pos=163,145,30 hp=1130
living id=7983 type=toponovichthezombie pos=76,26,30 hp=4801
living id=7984 type=vampire pos=103,158,30 hp=1162
living id=7985 type=gaskonetheghoul pos=126,72,30 hp=2086
living id=7986 type=berserkertroll pos=84,163,30 hp=4266
living id=7987 type=weretiger pos=103,137,30 hp=6293
living id=7988 type=berserkertroll pos=149,31,30 hp=4886
living id=7989 type=nusepthegoblinking pos=185,108,30 hp=1960
living id=7990 type=lustyogre pos=10,55,30 hp=6331
living id=7991 type=vampire pos=197,14,30 hp=1221
living id=7992 type=humethealmightyogre pos=94,190,30 hp=6077
living id=7993 type=ghoul pos=76,134,30 hp=813
living id=7994 type=stonetroll pos=74,194,30 hp=6610
living id=7996 type=stonetroll pos=107,105,30 hp=5830
living id=7998 type=toponovichthezombie pos=88,25,30 hp=5075
living id=7999 type=infectedzombie pos=160,154,30 hp=2720
living id=8000 type=ogre pos=37,83,30 hp=5791
living id=8001 type=sikuthewolf pos=120,113,30 hp=3285
living id=8002 type=werewolf pos=14,145,30 hp=1430
living id=8003 type=stonetroll pos=167,85,30 hp=6134
living id=8005 type=ogre pos=25,164,30 hp=4800
living id=8006 type=ghoul pos=97,110,30 hp=1157
living id=8007 type=nusepthegoblinking pos=195,13,30 hp=2387
living id=8008 type=stonegolem pos=77,138,30 hp=6487
living id=8009 type=sikuthewolf pos=149,163,30 hp=3307
living id=8010 type=sneakyghoul pos=7,134,30 hp=4337
living id=8011 type=ogre pos=186,170,30 hp=6214
living id=8012 type=zombie pos=87,192,30 hp=2466
living id=8013 type=nexythesnickeredge pos=122,123,30 hp=2902
living id=8014 type=zombie pos=43,77,30 hp=2997
living id=8015 type=stonegolem pos=108,155,30 hp=6899
living id=8016 type=gaskonetheghoul pos=105,58,30 hp=1999
living id=8017 type=ogre pos=141,184,30 hp=5414
living id=8018 type=lustyogre pos=53,151,30 hp=6818
living id=8019 type=vampire pos=151,162,30 hp=1221
living id=8020 type=ogre pos=24,182,30 hp=4870
living id=8021 type=stonetroll pos=125,104,30 hp=5892
living id=8023 type=ghoul pos=35,137,30 hp=888
living id=8024 type=berserkertroll pos=124,35,30 hp=4719
living id=8025 type=spiderqueen pos=70,27,30 hp=1714
living id=8026 type=snickerbladewizard pos=14,146,30 hp=3379
living id=8027 type=irongolem pos=76,36,30 hp=7563
living id=8028 type=irongolem pos=47,48,30 hp=7723
living id=8029 type=ogre pos=171,51,30 hp=5532
living id=8030 type=vampire pos=129,34,30 hp=1266
living id=8031 type=stonetroll pos=2,182,30 hp=7194
living id=8033 type=theburningpet pos=184,182,30 hp=9370
living id=8035 type=irongolem pos=48,8,30 hp=7526
living id=8036 type=lustyogre pos=69,187,30 hp=5225
living id=8037 type=stonetroll pos=35,119,30 hp=6031
living id=8039 type=snickerbladewizard pos=175,155,30 hp=3315
living id=8040 type=infectedzombie pos=160,123,30 hp=2830
living id=8041 type=spiderqueen pos=177,176,30 hp=1660
living id=8042 type=weretiger pos=112,1,30 hp=6096
living id=8043 type=humethealmightyogre pos=145,87,30 hp=5013
living id=8044 type=cavetroll pos=169,96,30 hp=2779
living id=8045 type=sikuthewolf pos=34,184,30 hp=2992
living id=8046 type=toponovichthezombie pos=80,135,30 hp=4726
living id=8047 type=wolfy pos=100,158,30 hp=1686
living id=8048 type=zombie pos=102,118,30 hp=3127
living id=8049 type=nusepthegoblinking pos=131,8,30 hp=2009
living id=8050 type=sneakyghoul pos=164,29,30 hp=4502
living id=8051 type=irongolem pos=18,62,30 hp=8129
living id=8052 type=weretiger pos=120,4,30 hp=5692
living id=8053 type=irongolem pos=174,32,30 hp=7928
living id=8054 type=zombie pos=57,63,30 hp=2410
living id=8055 type=wolfy pos=16,62,30 hp=1863
living id=8056 type=vampire pos=134,183,30 hp=1173
living id=8057 type=stonetroll pos=37,183,30 hp=6261
living id=8059 type=humethealmightyogre pos=160,2,30 hp=6352
living id=8060 type=stonegolem pos=28,20,30 hp=7459
living id=8061 type=lustyogre pos=196,88,30 hp=5463
living id=8062 type=gaskonetheghoul pos=174,141,30 hp=1862
living id=8063 type=gaskonetheghoul pos=47,113,30 hp=2044
living id=8064 type=cavetroll pos=70,101,30 hp=3283
living id=8065 type=gaskonetheghoul pos=22,161,30 hp=2240
living id=8066 type=nexythesnickeredge pos=175,51,30 hp=2901
living id=8067 type=ghoul pos=160,143,30 hp=1368
living id=8068 type=sneakyghoul pos=107,187,30 hp=4430
living id=8069 type=berserkertroll pos=8,180,30 hp=3955
living id=8070 type=sneakyghoul pos=78,137,30 hp=4345
living id=8071 type=humethealmightyogre pos=33,38,30 hp=6459
living id=8072 type=draukthehobgoblinking pos=24,13,30 hp=3901
living id=8073 type=infectedzombie pos=150,122,30 hp=2760
living id=8074 type=berserkertroll pos=31,24,30 hp=4129
living id=8075 type=cavetroll pos=106,6,30 hp=2967
living id=8076 type=weretiger pos=167,5,30 hp=6052
living id=8077 type=werewolf pos=54,41,30 hp=1736
living id=8078 type=toponovichthezombie pos=19,62,30 hp=4289
living id=8079 type=draukthehobgoblinking pos=34,83,30 hp=2786
living id=8080 type=gaskonetheghoul pos=63,55,30 hp=1989
living id=8081 type=infectedzombie pos=4,112,30 hp=2651
living id=8082 type=spiderqueen pos=126,38,30 hp=1461
living id=8083 type=vampire pos=30,20,30 hp=1149
living id=8084 type=weretiger pos=49,44,30 hp=6899
living id=8085 type=infectedzombie pos=63,48,30 hp=2754
living id=8086 type=weretiger pos=148,125,30 hp=6354
living id=8087 type=stonegolem pos=100,125,30 hp=5952
living id=8088 type=gaskonetheghoul pos=166,83,30 hp=2118
living id=8089 type=weretiger pos=72,121,30 hp=5680
living id=8090 type=lustyogre pos=131,6,30 hp=5818
living id=8091 type=snickerbladewizard pos=36,135,30 hp=3292
living id=8092 type=stonegolem pos=107,47,30 hp=8107
living id=8093 type=irongolem pos=39,112,30 hp=9066
living id=8094 type=cavetroll pos=174,32,30 hp=3116
living id=8095 type=spiderqueen pos=67,175,30 hp=1574
living id=8096 type=ogre pos=96,10,30 hp=5867
living id=8097 type=theburningpet pos=69,118,30 hp=8152
living id=8099 type=gaskonetheghoul pos=87,155,30 hp=2042
living id=8100 type=stonegolem pos=161,1,30 hp=7721
living id=8101 type=draukthehobgoblinking pos=11,138,30 hp=3621
living id=8102 type=nexythesnickeredge pos=85,176,30 hp=2839
living id=8103 type=humethealmightyogre pos=174,118,30 hp=4993
living id=8104 type=gaskonetheghoul pos=25,125,30 hp=1733
living id=8105 type=nusepthegoblinking pos=38,110,30 hp=1950
living id=8106 type=theburningpet pos=188,140,30 hp=9706
living id=8108 type=gaskonetheghoul pos=58,54,30 hp=1839
living id=8109 type=weretiger pos=24,15,30 hp=6350
living id=8110 type=nusepthegoblinking pos=54,63,30 hp=2431
living id=8111 type=sneakyghoul pos=100,187,30 hp=4399
living id=8112 type=toponovichthezombie pos=50,71,30 hp=3895
living id=8113 type=ghoul pos=168,90,30 hp=894
living id=8114 type=sikuthewolf pos=73,106,30 hp=2802
living id=8115 type=toponovichthezombie pos=48,108,30 hp=3760
living id=8116 type=sikuthewolf pos=173,37,30 hp=2930
living id=8117 type=wolfy pos=127,184,30 hp=1814
living id=8118 type=spiderqueen pos=116,10,30 hp=1738
living id=8119 type=irongolem pos=28,54,30 hp=8709
living id=8120 type=lustyogre pos=198,107,30 hp=5111
living id=8121 type=ghoul pos=128,31,30 hp=981
living id=8122 type=lustyogre pos=187,184,30 hp=5685
living id=8123 type=humethealmightyogre pos=90,193,30 hp=5058
living id=8124 type=vampire pos=92,85,30 hp=1189
living id=8125 type=weretiger pos=148,162,30 hp=6173
living id=8126 type=cavetroll pos=10,178,30 hp=3222
living id=8127 type=toponovichthezombie pos=120,122,30 hp=4692
living id=8128 type=nusepthegoblinking pos=35,39,30 hp=1853
living id=8129 type=berserkertroll pos=84,173,30 hp=4530
living id=8130 type=vampire pos=82,154,30 hp=1264
living id=8131 type=irongolem pos=70,39,30 hp=9269
living id=8132 type=toponovichthezombie pos=79,138,30 hp=3833
living id=8133 type=cavetroll pos=21,115,30 hp=2915
living id=8134 type=nusepthegoblinking pos=156,87,30 hp=2142
living id=8135 type=werewolf pos=66,72,30 hp=1802
living id=8136 type=lustyogre pos=150,179,30 hp=5638
living id=8137 type=spiderqueen pos=14,137,30 hp=1427
living id=8138 type=cavetroll pos=19,114,30 hp=3232
living id=8139 type=stonetroll pos=71,86,30 hp=7006
living id=8141 type=ghoul pos=165,43,30 hp=1291
living id=8142 type=wolfy pos=100,136,30 hp=1746
living id=8143 type=infectedzombie pos=174,140,30 hp=2411
living id=8144 type=zombie pos=145,63,30 hp=3261
living id=8145 type=cavetroll pos=111,69,30 hp=2733
living id=8146 type=toponovichthezombie pos=6,37,30 hp=4828
living id=8147 type=draukthehobgoblinking pos=23,127,30 hp=4253
living id=8148 type=sikuthewolf pos=53,69,30 hp=3454
living id=8149 type=draukthehobgoblinking pos=68,51,30 hp=4266
living id=8150 type=lustyogre pos=17,116,30 hp=5364
living id=8151 type=infectedzombie pos=91,190,30 hp=2570
living id=8152 type=sneakyghoul pos=47,159,30 hp=4453
living id=8153 type=weretiger pos=188,179,30 hp=6650
living id=8154 type=weretiger pos=34,70,30 hp=6464
living id=8155 type=nexythesnickeredge pos=165,32,30 hp=2033
living id=8156 type=berserkertroll pos=73,67,30 hp=4197
living id=8157 type=wolfy pos=166,30,30 hp=1569
living id=8158 type=zombie pos=113,69,30 hp=2717
living id=8159 type=nexythesnickeredge pos=37,49,30 hp=3121
living id=8160 type=infectedzombie pos=165,78,30 hp=2572
living id=8161 type=irongolem pos=70,139,30 hp=9360
living id=8162 type=irongolem pos=107,79,30 hp=8020
living id=8163 type=irongolem pos=153,180,30 hp=7543
living id=8164 type=irongolem pos=25,118,30 hp=8413
living id=8165 type=irongolem pos=123,119,30 hp=9768
living id=8166 type=sneakyghoul pos=127,155,30 hp=4370
living id=8167 type=sneakyghoul pos=149,133,30 hp=4300
living id=8168 type=sneakyghoul pos=11,179,30 hp=4358
living id=8169 type=sneakyghoul pos=25,114,30 hp=4312
living id=8170 type=sneakyghoul pos=94,68,30 hp=4436
living id=8171 type=sneakyghoul pos=44,158,30 hp=4263
living id=8172 type=sneakyghoul pos=66,136,30 hp=4506
living id=8173 type=sneakyghoul pos=88,39,30 hp=4372
living id=8174 type=sneakyghoul pos=105,50,30 hp=4287
living id=8175 type=sneakyghoul pos=15,141,30 hp=4541
living id=8176 type=sneakyghoul pos=66,190,30 hp=4419
living id=8177 type=sneakyghoul pos=106,109,30 hp=4401
living id=8178 type=sneakyghoul pos=22,117,30 hp=4544
living id=8179 type=sneakyghoul pos=69,156,30 hp=4470
living id=8180 type=sneakyghoul pos=153,127,30 hp=4470
living id=8181 type=sneakyghoul pos=174,32,30 hp=4499
living id=8182 type=sneakyghoul pos=71,27,30 hp=4436
living id=8183 type=sneakyghoul pos=71,107,30 hp=4430
living id=8184 type=sneakyghoul pos=96,36,30 hp=4419
living id=8185 type=sneakyghoul pos=101,124,30 hp=4500
living id=8186 type=sneakyghoul pos=27,175,30 hp=4335
living id=8187 type=sneakyghoul pos=29,91,30 hp=4379
living id=8188 type=sneakyghoul pos=124,59,30 hp=4530
living id=8189 type=sneakyghoul pos=40,30,30 hp=4505
living id=8190 type=sneakyghoul pos=34,88,30 hp=4469
living id=8191 type=sneakyghoul pos=198,7,30 hp=4348
living id=8192 type=sneakyghoul pos=52,150,30 hp=4295
living id=8193 type=sneakyghoul pos=0,185,30 hp=4480
living id=8194 type=sneakyghoul pos=138,147,30 hp=4476
living id=8195 type=sneakyghoul pos=39,76,30 hp=4340
living id=8196 type=sneakyghoul pos=186,110,30 hp=4418
living id=8197 type=sneakyghoul pos=164,1,30 hp=4398
living id=8198 type=sneakyghoul pos=148,126,30 hp=4295
living id=8199 type=sneakyghoul pos=13,174,30 hp=4509
living id=8200 type=sneakyghoul pos=45,137,30 hp=4348
living id=8201 type=sneakyghoul pos=148,89,30 hp=4358
living id=8202 type=sneakyghoul pos=103,195,30 hp=4468
living id=8203 type=sneakyghoul pos=55,25,30 hp=4436
living id=8204 type=sneakyghoul pos=114,119,30 hp=4450
living id=8205 type=sneakyghoul pos=33,87,30 hp=4261
living id=8206 type=sneakyghoul pos=142,88,30 hp=4319
living id=8207 type=sneakyghoul pos=94,155,30 hp=4487
living id=8208 type=sneakyghoul pos=165,68,30 hp=4325
living id=8209 type=sneakyghoul pos=105,52,30 hp=4348
living id=8210 type=sneakyghoul pos=128,175,30 hp=4373
living id=8211 type=sneakyghoul pos=39,86,30 hp=4308
living id=8212 type=sneakyghoul pos=159,152,30 hp=4261
living id=8213 type=sneakyghoul pos=109,137,30 hp=4355
living id=8214 type=sneakyghoul pos=94,67,30 hp=4512
living id=8215 type=sneakyghoul pos=11,143,30 hp=4397
living id=8216 type=sneakyghoul pos=48,111,30 hp=4418
living id=8217 type=sneakyghoul pos=120,69,30 hp=4275
living id=8218 type=sneakyghoul pos=166,96,30 hp=4291
living id=8219 type=sneakyghoul pos=94,64,30 hp=4331
living id=8220 type=sneakyghoul pos=14,99,30 hp=4414
living id=8221 type=sneakyghoul pos=135,9,30 hp=4533
living id=8222 type=sneakyghoul pos=19,112,30 hp=4317
living id=8223 type=sneakyghoul pos=168,88,30 hp=4361
living id=8224 type=sneakyghoul pos=158,154,30 hp=4473
living id=8225 type=sneakyghoul pos=9,141,30 hp=4290
living id=8226 type=sneakyghoul pos=5,108,30 hp=4359
living id=8227 type=sneakyghoul pos=148,77,30 hp=4455
living id=8228 type=sneakyghoul pos=138,151,30 hp=4503
living id=8229 type=sneakyghoul pos=159,145,30 hp=4517
living id=8230 type=sneakyghoul pos=87,194,30 hp=4288
living id=8231 type=sneakyghoul pos=62,8,30 hp=4543
living id=8232 type=sneakyghoul pos=109,190,30 hp=4340
living id=8233 type=sneakyghoul pos=142,174,30 hp=4297
living id=8234 type=sneakyghoul pos=178,109,30 hp=4392
living id=8235 type=sneakyghoul pos=15,137,30 hp=4382
living id=8236 type=sneakyghoul pos=188,137,30 hp=4309
living id=8237 type=sneakyghoul pos=106,100,30 hp=4422
living id=8238 type=sneakyghoul pos=194,9,30 hp=4278
living id=8239 type=sneakyghoul pos=49,67,30 hp=4317
living id=8240 type=sneakyghoul pos=129,42,30 hp=4323
living id=8241 type=sneakyghoul pos=167,86,30 hp=4261
living id=8242 type=sneakyghoul pos=167,29,30 hp=4256
living id=8243 type=sneakyghoul pos=7,140,30 hp=4323
living id=8244 type=sneakyghoul pos=82,114,30 hp=4328
living id=8245 type=sneakyghoul pos=71,57,30 hp=4429
living id=8246 type=sneakyghoul pos=173,50,30 hp=4316
living id=8247 type=sneakyghoul pos=155,179,30 hp=4524
living id=8248 type=sneakyghoul pos=104,106,30 hp=4393
living id=8249 type=sneakyghoul pos=73,113,30 hp=4468
living id=8250 type=sneakyghoul pos=40,34,30 hp=4542
living id=8251 type=sneakyghoul pos=12,163,30 hp=4269
living id=8252 type=sneakyghoul pos=155,4,30 hp=4476
living id=8253 type=sneakyghoul pos=67,190,30 hp=4352
living id=8254 type=sneakyghoul pos=35,116,30 hp=4543
living id=8255 type=sneakyghoul pos=47,137,30 hp=4488
living id=8256 type=sneakyghoul pos=190,185,30 hp=4469
living id=8257 type=sneakyghoul pos=123,40,30 hp=4356
living id=8258 type=sneakyghoul pos=47,154,30 hp=4549
living id=8259 type=sneakyghoul pos=18,97,30 hp=4437
living id=8260 type=sneakyghoul pos=56,11,30 hp=4479
living id=8261 type=sneakyghoul pos=16,141,30 hp=4548
living id=8262 type=sneakyghoul pos=34,68,30 hp=4432
living id=8263 type=sneakyghoul pos=25,70,30 hp=4544
living id=8264 type=sneakyghoul pos=70,52,30 hp=4472
living id=8265 type=sneakyghoul pos=180,109,30 hp=4332
living id=8266 type=sneakyghoul pos=128,59,30 hp=4428
living id=8267 type=sneakyghoul pos=38,183,30 hp=4427
living id=8268 type=sneakyghoul pos=111,69,30 hp=4492
living id=8269 type=sneakyghoul pos=31,33,30 hp=4453
living id=8270 type=sneakyghoul pos=197,115,30 hp=4388
living id=8271 type=sneakyghoul pos=1,178,30 hp=4471
living id=8272 type=sneakyghoul pos=154,145,30 hp=4404
living id=8273 type=sneakyghoul pos=18,115,30 hp=4385
living id=8274 type=sneakyghoul pos=29,40,30 hp=4300
living id=8275 type=sneakyghoul pos=180,176,30 hp=4389
living id=8276 type=ogre pos=42,182,30 hp=4741
living id=8277 type=ogre pos=68,155,30 hp=5933
living id=8278 type=ogre pos=64,19,30 hp=5103
living id=8279 type=ogre pos=32,50,30 hp=5520
living id=8280 type=ogre pos=171,114,30 hp=5801
living id=8281 type=ogre pos=175,51,30 hp=4817
living id=8282 type=ogre pos=115,5,30 hp=5385
living id=8283 type=ogre pos=190,159,30 hp=5470
living id=8284 type=ogre pos=120,121,30 hp=4691
living id=8285 type=ogre pos=132,41,30 hp=5225
living id=8286 type=ogre pos=121,135,30 hp=5544
living id=8287 type=ogre pos=83,120,30 hp=5641
living id=8288 type=ogre pos=170,110,30 hp=4930
living id=8289 type=ogre pos=129,103,30 hp=5395
living id=8290 type=lustyogre pos=22,110,30 hp=5379
living id=8291 type=lustyogre pos=143,62,30 hp=6250
living id=8292 type=lustyogre pos=14,56,30 hp=5919
living id=8293 type=lustyogre pos=20,157,30 hp=6752
living id=8294 type=lustyogre pos=138,90,30 hp=6751
living id=8295 type=lustyogre pos=72,51,30 hp=6646
living id=8296 type=lustyogre pos=149,90,30 hp=6670
living id=8297 type=lustyogre pos=18,144,30 hp=6391
living id=8298 type=lustyogre pos=18,59,30 hp=6818
living id=8299 type=lustyogre pos=7,91,30 hp=6211
living id=8300 type=lustyogre pos=126,104,30 hp=6458
living id=8301 type=toponovichthezombie pos=108,57,30 hp=3976
living id=8302 type=toponovichthezombie pos=73,140,30 hp=4076
living id=8303 type=toponovichthezombie pos=34,99,30 hp=5284
living id=8304 type=toponovichthezombie pos=154,26,30 hp=4690
living id=8305 type=toponovichthezombie pos=154,146,30 hp=5270
living id=8306 type=gaskonetheghoul pos=147,176,30 hp=2250
living id=8307 type=gaskonetheghoul pos=68,179,30 hp=1816
living id=8308 type=nexythesnickeredge pos=198,7,30 hp=2490
living id=8309 type=nexythesnickeredge pos=22,67,30 hp=2049
living id=8310 type=nexythesnickeredge pos=5,183,30 hp=2406
living id=8311 type=nexythesnickeredge pos=48,170,30 hp=2425
living id=8312 type=theburningpet pos=144,53,30 hp=9833
living id=8314 type=theburningpet pos=173,47,30 hp=7866
living id=8316 type=theburningpet pos=52,154,30 hp=8967
living id=8318 type=theburningpet pos=187,178,30 hp=8975
living id=8320 type=theburningpet pos=189,152,30 hp=9031
[TownsCLI] OK village setup queued at 72 127 11; accepted=20; orchard=40 tiles; wheat=48 tiles; soil=queued; trees=after next setup pass; storage=prepfood(apple:20 pear:20 bread:10),rawfood(wheat:10 flour:10)
[TownsCLI] OK origin=72 127 11 items=apple:0,pear:0,wheat:0,flour:0,bread:0,rmstone:4,rmwood:14,carpentrybench:0,wooddetailer:0,masonbench:0,mill:0,bakertable:0,bakeroven:0 storage=prepfood(apple:0/20 pear:0/20 bread:0) rawfood(wheat:0/10 flour:0/10) minimums=apple:20+20 pear:20+20 wheat:10+10 flour:10 bread:10; use 'setup village' again after ticks to advance stone and dependency stages
[TownsCLI] OK village setup queued at 72 127 11; accepted=14; orchard=40 tiles; wheat=48 tiles; soil=queued; trees=queued; storage=prepfood(apple:20 pear:20 bread:10),rawfood(wheat:10 flour:10)
[TownsCLI] OK village setup queued at 72 127 11; accepted=12; orchard=40 tiles; wheat=48 tiles; soil=queued; trees=queued; storage=prepfood(apple:20 pear:20 bread:10),rawfood(wheat:10 flour:10)
